ts,time,equity,net_value,drawdown,drawdown_pct
1638979200000,2021-12-09 00:00,0,10000,0,0
1638993600000,2021-12-09 04:00,0,10000,0,0
1639008000000,2021-12-09 08:00,0,10000,0,0
1639022400000,2021-12-09 12:00,0,10000,0,0
1639036800000,2021-12-09 16:00,0,10000,0,0
1639051200000,2021-12-09 20:00,0,10000,0,0
1639065600000,2021-12-10 00:00,0,10000,0,0
1639080000000,2021-12-10 04:00,0,10000,0,0
1639094400000,2021-12-10 08:00,0,10000,0,0
1639108800000,2021-12-10 12:00,0,10000,0,0
1639123200000,2021-12-10 16:00,0,10000,0,0
1639137600000,2021-12-10 20:00,0,10000,0,0
1639152000000,2021-12-11 00:00,0,10000,0,0
1639166400000,2021-12-11 04:00,0,10000,0,0
1639180800000,2021-12-11 08:00,0,10000,0,0
1639195200000,2021-12-11 12:00,0,10000,0,0
1639209600000,2021-12-11 16:00,0,10000,0,0
1639224000000,2021-12-11 20:00,0,10000,0,0
1639238400000,2021-12-12 00:00,0,10000,0,0
1639252800000,2021-12-12 04:00,0,10000,0,0
1639267200000,2021-12-12 08:00,0,10000,0,0
1639281600000,2021-12-12 12:00,0,10000,0,0
1639296000000,2021-12-12 16:00,0,10000,0,0
1639310400000,2021-12-12 20:00,0,10000,0,0
1639324800000,2021-12-13 00:00,0,10000,0,0
1639339200000,2021-12-13 04:00,0,10000,0,0
1639353600000,2021-12-13 08:00,0,10000,0,0
1639368000000,2021-12-13 12:00,0,10000,0,0
1639382400000,2021-12-13 16:00,0,10000,0,0
1639396800000,2021-12-13 20:00,0,10000,0,0
1639411200000,2021-12-14 00:00,0,10000,0,0
1639425600000,2021-12-14 04:00,0,10000,0,0
1639440000000,2021-12-14 08:00,0,10000,0,0
1639454400000,2021-12-14 12:00,0,10000,0,0
1639468800000,2021-12-14 16:00,0,10000,0,0
1639483200000,2021-12-14 20:00,0,10000,0,0
1639497600000,2021-12-15 00:00,0,10000,0,0
1639512000000,2021-12-15 04:00,0,10000,0,0
1639526400000,2021-12-15 08:00,0,10000,0,0
1639540800000,2021-12-15 12:00,0,10000,0,0
1639555200000,2021-12-15 16:00,0,10000,0,0
1639569600000,2021-12-15 20:00,0,10000,0,0
1639584000000,2021-12-16 00:00,0,10000,0,0
1639598400000,2021-12-16 04:00,0,10000,0,0
1639612800000,2021-12-16 08:00,0,10000,0,0
1639627200000,2021-12-16 12:00,0,10000,0,0
1639641600000,2021-12-16 16:00,0,10000,0,0
1639656000000,2021-12-16 20:00,0,10000,0,0
1639670400000,2021-12-17 00:00,0,10000,0,0
1639684800000,2021-12-17 04:00,0,10000,0,0
1639699200000,2021-12-17 08:00,0,10000,0,0
1639713600000,2021-12-17 12:00,0,10000,0,0
1639728000000,2021-12-17 16:00,0,10000,0,0
1639742400000,2021-12-17 20:00,0,10000,0,0
1639756800000,2021-12-18 00:00,0,10000,0,0
1639771200000,2021-12-18 04:00,0,10000,0,0
1639785600000,2021-12-18 08:00,0,10000,0,0
1639800000000,2021-12-18 12:00,0,10000,0,0
1639814400000,2021-12-18 16:00,0,10000,0,0
1639828800000,2021-12-18 20:00,0,10000,0,0
1639843200000,2021-12-19 00:00,0,10000,0,0
1639857600000,2021-12-19 04:00,0,10000,0,0
1639872000000,2021-12-19 08:00,0,10000,0,0
1639886400000,2021-12-19 12:00,0,10000,0,0
1639900800000,2021-12-19 16:00,0,10000,0,0
1639915200000,2021-12-19 20:00,0,10000,0,0
1639929600000,2021-12-20 00:00,0,10000,0,0
1639944000000,2021-12-20 04:00,0,10000,0,0
1639958400000,2021-12-20 08:00,0,10000,0,0
1639972800000,2021-12-20 12:00,0,10000,0,0
1639987200000,2021-12-20 16:00,0,10000,0,0
1640001600000,2021-12-20 20:00,0,10000,0,0
1640016000000,2021-12-21 00:00,0,10000,0,0
1640030400000,2021-12-21 04:00,0,10000,0,0
1640044800000,2021-12-21 08:00,0,10000,0,0
1640059200000,2021-12-21 12:00,0,10000,0,0
1640073600000,2021-12-21 16:00,0,10000,0,0
1640088000000,2021-12-21 20:00,0,10000,0,0
1640102400000,2021-12-22 00:00,0,10000,0,0
1640116800000,2021-12-22 04:00,0,10000,0,0
1640131200000,2021-12-22 08:00,0,10000,0,0
1640145600000,2021-12-22 12:00,0,10000,0,0
1640160000000,2021-12-22 16:00,0,10000,0,0
1640174400000,2021-12-22 20:00,0,10000,0,0
1640188800000,2021-12-23 00:00,0,10000,0,0
1640203200000,2021-12-23 04:00,0,10000,0,0
1640217600000,2021-12-23 08:00,0,10000,0,0
1640232000000,2021-12-23 12:00,0,10000,0,0
1640246400000,2021-12-23 16:00,0,10000,0,0
1640260800000,2021-12-23 20:00,0,10000,0,0
1640275200000,2021-12-24 00:00,0,10000,0,0
1640289600000,2021-12-24 04:00,0,10000,0,0
1640304000000,2021-12-24 08:00,0,10000,0,0
1640318400000,2021-12-24 12:00,0,10000,0,0
1640332800000,2021-12-24 16:00,0,10000,0,0
1640347200000,2021-12-24 20:00,0,10000,0,0
1640361600000,2021-12-25 00:00,0,10000,0,0
1640376000000,2021-12-25 04:00,0,10000,0,0
1640390400000,2021-12-25 08:00,0,10000,0,0
1640404800000,2021-12-25 12:00,0,10000,0,0
1640419200000,2021-12-25 16:00,0,10000,0,0
1640433600000,2021-12-25 20:00,0,10000,0,0
1640448000000,2021-12-26 00:00,0,10000,0,0
1640462400000,2021-12-26 04:00,0,10000,0,0
1640476800000,2021-12-26 08:00,0,10000,0,0
1640491200000,2021-12-26 12:00,0,10000,0,0
1640505600000,2021-12-26 16:00,0,10000,0,0
1640520000000,2021-12-26 20:00,0,10000,0,0
1640534400000,2021-12-27 00:00,0,10000,0,0
1640548800000,2021-12-27 04:00,0,10000,0,0
1640563200000,2021-12-27 08:00,0,10000,0,0
1640577600000,2021-12-27 12:00,0,10000,0,0
1640592000000,2021-12-27 16:00,0,10000,0,0
1640606400000,2021-12-27 20:00,0,10000,0,0
1640620800000,2021-12-28 00:00,0,10000,0,0
1640635200000,2021-12-28 04:00,0,10000,0,0
1640649600000,2021-12-28 08:00,0,10000,0,0
1640664000000,2021-12-28 12:00,0,10000,0,0
1640678400000,2021-12-28 16:00,0,10000,0,0
1640692800000,2021-12-28 20:00,0,10000,0,0
1640707200000,2021-12-29 00:00,0,10000,0,0
1640721600000,2021-12-29 04:00,0,10000,0,0
1640736000000,2021-12-29 08:00,0,10000,0,0
1640750400000,2021-12-29 12:00,0,10000,0,0
1640764800000,2021-12-29 16:00,0,10000,0,0
1640779200000,2021-12-29 20:00,0,10000,0,0
1640793600000,2021-12-30 00:00,0,10000,0,0
1640808000000,2021-12-30 04:00,0,10000,0,0
1640822400000,2021-12-30 08:00,0,10000,0,0
1640836800000,2021-12-30 12:00,0,10000,0,0
1640851200000,2021-12-30 16:00,0,10000,0,0
1640865600000,2021-12-30 20:00,0,10000,0,0
1640880000000,2021-12-31 00:00,0,10000,0,0
1640894400000,2021-12-31 04:00,0,10000,0,0
1640908800000,2021-12-31 08:00,0,10000,0,0
1640923200000,2021-12-31 12:00,0,10000,0,0
1640937600000,2021-12-31 16:00,0,10000,0,0
1640952000000,2021-12-31 20:00,0,10000,0,0
1640966400000,2022-01-01 00:00,0,10000,0,0
1640980800000,2022-01-01 04:00,0,10000,0,0
1640995200000,2022-01-01 08:00,0,10000,0,0
1641009600000,2022-01-01 12:00,0,10000,0,0
1641024000000,2022-01-01 16:00,0,10000,0,0
1641038400000,2022-01-01 20:00,0,10000,0,0
1641052800000,2022-01-02 00:00,0,10000,0,0
1641067200000,2022-01-02 04:00,0,10000,0,0
1641081600000,2022-01-02 08:00,0,10000,0,0
1641096000000,2022-01-02 12:00,0,10000,0,0
1641110400000,2022-01-02 16:00,0,10000,0,0
1641124800000,2022-01-02 20:00,0,10000,0,0
1641139200000,2022-01-03 00:00,0,10000,0,0
1641153600000,2022-01-03 04:00,0,10000,0,0
1641168000000,2022-01-03 08:00,0,10000,0,0
1641182400000,2022-01-03 12:00,0,10000,0,0
1641196800000,2022-01-03 16:00,0,10000,0,0
1641211200000,2022-01-03 20:00,0,10000,0,0
1641225600000,2022-01-04 00:00,0,10000,0,0
1641240000000,2022-01-04 04:00,0,10000,0,0
1641254400000,2022-01-04 08:00,0,10000,0,0
1641268800000,2022-01-04 12:00,0,10000,0,0
1641283200000,2022-01-04 16:00,0,10000,0,0
1641297600000,2022-01-04 20:00,0,10000,0,0
1641312000000,2022-01-05 00:00,0,10000,0,0
1641326400000,2022-01-05 04:00,0,10000,0,0
1641340800000,2022-01-05 08:00,0,10000,0,0
1641355200000,2022-01-05 12:00,0,10000,0,0
1641369600000,2022-01-05 16:00,0,10000,0,0
1641384000000,2022-01-05 20:00,0,10000,0,0
1641398400000,2022-01-06 00:00,0,10000,0,0
1641412800000,2022-01-06 04:00,0,10000,0,0
1641427200000,2022-01-06 08:00,0,10000,0,0
1641441600000,2022-01-06 12:00,0,10000,0,0
1641456000000,2022-01-06 16:00,0,10000,0,0
1641470400000,2022-01-06 20:00,0,10000,0,0
1641484800000,2022-01-07 00:00,0,10000,0,0
1641499200000,2022-01-07 04:00,0,10000,0,0
1641513600000,2022-01-07 08:00,0,10000,0,0
1641528000000,2022-01-07 12:00,0,10000,0,0
1641542400000,2022-01-07 16:00,0,10000,0,0
1641556800000,2022-01-07 20:00,0,10000,0,0
1641571200000,2022-01-08 00:00,0,10000,0,0
1641585600000,2022-01-08 04:00,0,10000,0,0
1641600000000,2022-01-08 08:00,0,10000,0,0
1641614400000,2022-01-08 12:00,0,10000,0,0
1641628800000,2022-01-08 16:00,0,10000,0,0
1641643200000,2022-01-08 20:00,0,10000,0,0
1641657600000,2022-01-09 00:00,0,10000,0,0
1641672000000,2022-01-09 04:00,0,10000,0,0
1641686400000,2022-01-09 08:00,0,10000,0,0
1641700800000,2022-01-09 12:00,0,10000,0,0
1641715200000,2022-01-09 16:00,0,10000,0,0
1641729600000,2022-01-09 20:00,0,10000,0,0
1641744000000,2022-01-10 00:00,0,10000,0,0
1641758400000,2022-01-10 04:00,0,10000,0,0
1641772800000,2022-01-10 08:00,0,10000,0,0
1641787200000,2022-01-10 12:00,0,10000,0,0
1641801600000,2022-01-10 16:00,0,10000,0,0
1641816000000,2022-01-10 20:00,0,10000,0,0
1641830400000,2022-01-11 00:00,0,10000,0,0
1641844800000,2022-01-11 04:00,0,10000,0,0
1641859200000,2022-01-11 08:00,0,10000,0,0
1641873600000,2022-01-11 12:00,0,10000,0,0
1641888000000,2022-01-11 16:00,0,10000,0,0
1641902400000,2022-01-11 20:00,0,10000,0,0
1641916800000,2022-01-12 00:00,0,10000,0,0
1641931200000,2022-01-12 04:00,0,10000,0,0
1641945600000,2022-01-12 08:00,0,10000,0,0
1641960000000,2022-01-12 12:00,0,10000,0,0
1641974400000,2022-01-12 16:00,0,10000,0,0
1641988800000,2022-01-12 20:00,0,10000,0,0
1642003200000,2022-01-13 00:00,0,10000,0,0
1642017600000,2022-01-13 04:00,0,10000,0,0
1642032000000,2022-01-13 08:00,0,10000,0,0
1642046400000,2022-01-13 12:00,0,10000,0,0
1642060800000,2022-01-13 16:00,0,10000,0,0
1642075200000,2022-01-13 20:00,0,10000,0,0
1642089600000,2022-01-14 00:00,0,10000,0,0
1642104000000,2022-01-14 04:00,0,10000,0,0
1642118400000,2022-01-14 08:00,0,10000,0,0
1642132800000,2022-01-14 12:00,0,10000,0,0
1642147200000,2022-01-14 16:00,0,10000,0,0
1642161600000,2022-01-14 20:00,0,10000,0,0
1642176000000,2022-01-15 00:00,0,10000,0,0
1642190400000,2022-01-15 04:00,0,10000,0,0
1642204800000,2022-01-15 08:00,0,10000,0,0
1642219200000,2022-01-15 12:00,0,10000,0,0
1642233600000,2022-01-15 16:00,0,10000,0,0
1642248000000,2022-01-15 20:00,0,10000,0,0
1642262400000,2022-01-16 00:00,0,10000,0,0
1642276800000,2022-01-16 04:00,0,10000,0,0
1642291200000,2022-01-16 08:00,0,10000,0,0
1642305600000,2022-01-16 12:00,0,10000,0,0
1642320000000,2022-01-16 16:00,0,10000,0,0
1642334400000,2022-01-16 20:00,0,10000,0,0
1642348800000,2022-01-17 00:00,0,10000,0,0
1642363200000,2022-01-17 04:00,0,10000,0,0
1642377600000,2022-01-17 08:00,0,10000,0,0
1642392000000,2022-01-17 12:00,0,10000,0,0
1642406400000,2022-01-17 16:00,0,10000,0,0
1642420800000,2022-01-17 20:00,0,10000,0,0
1642435200000,2022-01-18 00:00,0,10000,0,0
1642449600000,2022-01-18 04:00,0,10000,0,0
1642464000000,2022-01-18 08:00,0,10000,0,0
1642478400000,2022-01-18 12:00,0,10000,0,0
1642492800000,2022-01-18 16:00,0,10000,0,0
1642507200000,2022-01-18 20:00,0,10000,0,0
1642521600000,2022-01-19 00:00,0,10000,0,0
1642536000000,2022-01-19 04:00,0,10000,0,0
1642550400000,2022-01-19 08:00,0,10000,0,0
1642564800000,2022-01-19 12:00,0,10000,0,0
1642579200000,2022-01-19 16:00,0,10000,0,0
1642593600000,2022-01-19 20:00,-98.26256904,9901.73743096,98.26256904,0.9826256904
1642608000000,2022-01-20 00:00,-98.26256904,9901.73743096,98.26256904,0.9826256904
1642622400000,2022-01-20 04:00,-98.26256904,9901.73743096,98.26256904,0.9826256904
1642636800000,2022-01-20 08:00,-98.26256904,9901.73743096,98.26256904,0.9826256904
1642651200000,2022-01-20 12:00,-98.26256904,9901.73743096,98.26256904,0.9826256904
1642665600000,2022-01-20 16:00,-98.26256904,9901.73743096,98.26256904,0.9826256904
1642680000000,2022-01-20 20:00,-98.26256904,9901.73743096,98.26256904,0.9826256904
1642694400000,2022-01-21 00:00,-98.26256904,9901.73743096,98.26256904,0.9826256904
1642708800000,2022-01-21 04:00,-98.26256904,9901.73743096,98.26256904,0.9826256904
1642723200000,2022-01-21 08:00,-98.26256904,9901.73743096,98.26256904,0.9826256904
1642737600000,2022-01-21 12:00,-98.26256904,9901.73743096,98.26256904,0.9826256904
1642752000000,2022-01-21 16:00,-98.26256904,9901.73743096,98.26256904,0.9826256904
1642766400000,2022-01-21 20:00,-98.26256904,9901.73743096,98.26256904,0.9826256904
1642780800000,2022-01-22 00:00,-98.26256904,9901.73743096,98.26256904,0.9826256904
1642795200000,2022-01-22 04:00,-98.26256904,9901.73743096,98.26256904,0.9826256904
1642809600000,2022-01-22 08:00,-98.26256904,9901.73743096,98.26256904,0.9826256904
1642824000000,2022-01-22 12:00,-98.26256904,9901.73743096,98.26256904,0.9826256904
1642838400000,2022-01-22 16:00,-98.26256904,9901.73743096,98.26256904,0.9826256904
1642852800000,2022-01-22 20:00,-98.26256904,9901.73743096,98.26256904,0.9826256904
1642867200000,2022-01-23 00:00,-98.26256904,9901.73743096,98.26256904,0.9826256904
1642881600000,2022-01-23 04:00,-98.26256904,9901.73743096,98.26256904,0.9826256904
1642896000000,2022-01-23 08:00,-98.26256904,9901.73743096,98.26256904,0.9826256904
1642910400000,2022-01-23 12:00,-98.26256904,9901.73743096,98.26256904,0.9826256904
1642924800000,2022-01-23 16:00,-98.26256904,9901.73743096,98.26256904,0.9826256904
1642939200000,2022-01-23 20:00,-98.26256904,9901.73743096,98.26256904,0.9826256904
1642953600000,2022-01-24 00:00,-98.26256904,9901.73743096,98.26256904,0.9826256904
1642968000000,2022-01-24 04:00,-98.26256904,9901.73743096,98.26256904,0.9826256904
1642982400000,2022-01-24 08:00,-98.26256904,9901.73743096,98.26256904,0.9826256904
1642996800000,2022-01-24 12:00,-98.26256904,9901.73743096,98.26256904,0.9826256904
1643011200000,2022-01-24 16:00,-98.26256904,9901.73743096,98.26256904,0.9826256904
1643025600000,2022-01-24 20:00,-98.26256904,9901.73743096,98.26256904,0.9826256904
1643040000000,2022-01-25 00:00,-98.26256904,9901.73743096,98.26256904,0.9826256904
1643054400000,2022-01-25 04:00,-98.26256904,9901.73743096,98.26256904,0.9826256904
1643068800000,2022-01-25 08:00,-98.26256904,9901.73743096,98.26256904,0.9826256904
1643083200000,2022-01-25 12:00,-98.26256904,9901.73743096,98.26256904,0.9826256904
1643097600000,2022-01-25 16:00,-98.26256904,9901.73743096,98.26256904,0.9826256904
1643112000000,2022-01-25 20:00,-98.26256904,9901.73743096,98.26256904,0.9826256904
1643126400000,2022-01-26 00:00,-98.26256904,9901.73743096,98.26256904,0.9826256904
1643140800000,2022-01-26 04:00,-98.26256904,9901.73743096,98.26256904,0.9826256904
1643155200000,2022-01-26 08:00,-98.26256904,9901.73743096,98.26256904,0.9826256904
1643169600000,2022-01-26 12:00,-98.26256904,9901.73743096,98.26256904,0.9826256904
1643184000000,2022-01-26 16:00,-98.26256904,9901.73743096,98.26256904,0.9826256904
1643198400000,2022-01-26 20:00,-98.26256904,9901.73743096,98.26256904,0.9826256904
1643212800000,2022-01-27 00:00,-98.26256904,9901.73743096,98.26256904,0.9826256904
1643227200000,2022-01-27 04:00,-98.26256904,9901.73743096,98.26256904,0.9826256904
1643241600000,2022-01-27 08:00,-98.26256904,9901.73743096,98.26256904,0.9826256904
1643256000000,2022-01-27 12:00,-98.26256904,9901.73743096,98.26256904,0.9826256904
1643270400000,2022-01-27 16:00,-98.26256904,9901.73743096,98.26256904,0.9826256904
1643284800000,2022-01-27 20:00,-98.26256904,9901.73743096,98.26256904,0.9826256904
1643299200000,2022-01-28 00:00,-98.26256904,9901.73743096,98.26256904,0.9826256904
1643313600000,2022-01-28 04:00,-98.26256904,9901.73743096,98.26256904,0.9826256904
1643328000000,2022-01-28 08:00,-98.26256904,9901.73743096,98.26256904,0.9826256904
1643342400000,2022-01-28 12:00,-98.26256904,9901.73743096,98.26256904,0.9826256904
1643356800000,2022-01-28 16:00,-98.26256904,9901.73743096,98.26256904,0.9826256904
1643371200000,2022-01-28 20:00,-98.26256904,9901.73743096,98.26256904,0.9826256904
1643385600000,2022-01-29 00:00,-98.26256904,9901.73743096,98.26256904,0.9826256904
1643400000000,2022-01-29 04:00,-98.26256904,9901.73743096,98.26256904,0.9826256904
1643414400000,2022-01-29 08:00,-98.26256904,9901.73743096,98.26256904,0.9826256904
1643428800000,2022-01-29 12:00,-98.26256904,9901.73743096,98.26256904,0.9826256904
1643443200000,2022-01-29 16:00,-98.26256904,9901.73743096,98.26256904,0.9826256904
1643457600000,2022-01-29 20:00,-98.26256904,9901.73743096,98.26256904,0.9826256904
1643472000000,2022-01-30 00:00,-98.26256904,9901.73743096,98.26256904,0.9826256904
1643486400000,2022-01-30 04:00,-98.26256904,9901.73743096,98.26256904,0.9826256904
1643500800000,2022-01-30 08:00,-98.26256904,9901.73743096,98.26256904,0.9826256904
1643515200000,2022-01-30 12:00,-98.26256904,9901.73743096,98.26256904,0.9826256904
1643529600000,2022-01-30 16:00,-98.26256904,9901.73743096,98.26256904,0.9826256904
1643544000000,2022-01-30 20:00,-98.26256904,9901.73743096,98.26256904,0.9826256904
1643558400000,2022-01-31 00:00,-98.26256904,9901.73743096,98.26256904,0.9826256904
1643572800000,2022-01-31 04:00,-98.26256904,9901.73743096,98.26256904,0.9826256904
1643587200000,2022-01-31 08:00,-98.26256904,9901.73743096,98.26256904,0.9826256904
1643601600000,2022-01-31 12:00,-98.26256904,9901.73743096,98.26256904,0.9826256904
1643616000000,2022-01-31 16:00,-98.26256904,9901.73743096,98.26256904,0.9826256904
1643630400000,2022-01-31 20:00,-98.26256904,9901.73743096,98.26256904,0.9826256904
1643644800000,2022-02-01 00:00,-98.26256904,9901.73743096,98.26256904,0.9826256904
1643659200000,2022-02-01 04:00,-98.26256904,9901.73743096,98.26256904,0.9826256904
1643673600000,2022-02-01 08:00,-98.26256904,9901.73743096,98.26256904,0.9826256904
1643688000000,2022-02-01 12:00,-98.26256904,9901.73743096,98.26256904,0.9826256904
1643702400000,2022-02-01 16:00,-98.26256904,9901.73743096,98.26256904,0.9826256904
1643716800000,2022-02-01 20:00,-98.26256904,9901.73743096,98.26256904,0.9826256904
1643731200000,2022-02-02 00:00,-98.26256904,9901.73743096,98.26256904,0.9826256904
1643745600000,2022-02-02 04:00,-98.26256904,9901.73743096,98.26256904,0.9826256904
1643760000000,2022-02-02 08:00,-98.26256904,9901.73743096,98.26256904,0.9826256904
1643774400000,2022-02-02 12:00,-98.26256904,9901.73743096,98.26256904,0.9826256904
1643788800000,2022-02-02 16:00,-98.26256904,9901.73743096,98.26256904,0.9826256904
1643803200000,2022-02-02 20:00,-98.26256904,9901.73743096,98.26256904,0.9826256904
1643817600000,2022-02-03 00:00,-98.26256904,9901.73743096,98.26256904,0.9826256904
1643832000000,2022-02-03 04:00,-98.26256904,9901.73743096,98.26256904,0.9826256904
1643846400000,2022-02-03 08:00,-98.26256904,9901.73743096,98.26256904,0.9826256904
1643860800000,2022-02-03 12:00,-98.26256904,9901.73743096,98.26256904,0.9826256904
1643875200000,2022-02-03 16:00,-98.26256904,9901.73743096,98.26256904,0.9826256904
1643889600000,2022-02-03 20:00,-98.26256904,9901.73743096,98.26256904,0.9826256904
1643904000000,2022-02-04 00:00,-98.26256904,9901.73743096,98.26256904,0.9826256904
1643918400000,2022-02-04 04:00,-98.26256904,9901.73743096,98.26256904,0.9826256904
1643932800000,2022-02-04 08:00,-98.26256904,9901.73743096,98.26256904,0.9826256904
1643947200000,2022-02-04 12:00,-198.32451619,9801.67548381,198.32451619,1.9832451619
1643961600000,2022-02-04 16:00,-198.32451619,9801.67548381,198.32451619,1.9832451619
1643976000000,2022-02-04 20:00,-198.32451619,9801.67548381,198.32451619,1.9832451619
1643990400000,2022-02-05 00:00,-198.32451619,9801.67548381,198.32451619,1.9832451619
1644004800000,2022-02-05 04:00,-198.32451619,9801.67548381,198.32451619,1.9832451619
1644019200000,2022-02-05 08:00,-198.32451619,9801.67548381,198.32451619,1.9832451619
1644033600000,2022-02-05 12:00,-198.32451619,9801.67548381,198.32451619,1.9832451619
1644048000000,2022-02-05 16:00,-198.32451619,9801.67548381,198.32451619,1.9832451619
1644062400000,2022-02-05 20:00,-198.32451619,9801.67548381,198.32451619,1.9832451619
1644076800000,2022-02-06 00:00,-198.32451619,9801.67548381,198.32451619,1.9832451619
1644091200000,2022-02-06 04:00,-198.32451619,9801.67548381,198.32451619,1.9832451619
1644105600000,2022-02-06 08:00,-198.32451619,9801.67548381,198.32451619,1.9832451619
1644120000000,2022-02-06 12:00,-198.32451619,9801.67548381,198.32451619,1.9832451619
1644134400000,2022-02-06 16:00,-198.32451619,9801.67548381,198.32451619,1.9832451619
1644148800000,2022-02-06 20:00,-198.32451619,9801.67548381,198.32451619,1.9832451619
1644163200000,2022-02-07 00:00,-198.32451619,9801.67548381,198.32451619,1.9832451619
1644177600000,2022-02-07 04:00,-198.32451619,9801.67548381,198.32451619,1.9832451619
1644192000000,2022-02-07 08:00,-198.32451619,9801.67548381,198.32451619,1.9832451619
1644206400000,2022-02-07 12:00,-198.32451619,9801.67548381,198.32451619,1.9832451619
1644220800000,2022-02-07 16:00,-198.32451619,9801.67548381,198.32451619,1.9832451619
1644235200000,2022-02-07 20:00,-198.32451619,9801.67548381,198.32451619,1.9832451619
1644249600000,2022-02-08 00:00,-198.32451619,9801.67548381,198.32451619,1.9832451619
1644264000000,2022-02-08 04:00,-198.32451619,9801.67548381,198.32451619,1.9832451619
1644278400000,2022-02-08 08:00,-198.32451619,9801.67548381,198.32451619,1.9832451619
1644292800000,2022-02-08 12:00,-198.32451619,9801.67548381,198.32451619,1.9832451619
1644307200000,2022-02-08 16:00,-198.32451619,9801.67548381,198.32451619,1.9832451619
1644321600000,2022-02-08 20:00,-198.32451619,9801.67548381,198.32451619,1.9832451619
1644336000000,2022-02-09 00:00,-198.32451619,9801.67548381,198.32451619,1.9832451619
1644350400000,2022-02-09 04:00,-198.32451619,9801.67548381,198.32451619,1.9832451619
1644364800000,2022-02-09 08:00,-198.32451619,9801.67548381,198.32451619,1.9832451619
1644379200000,2022-02-09 12:00,-198.32451619,9801.67548381,198.32451619,1.9832451619
1644393600000,2022-02-09 16:00,-198.32451619,9801.67548381,198.32451619,1.9832451619
1644408000000,2022-02-09 20:00,-198.32451619,9801.67548381,198.32451619,1.9832451619
1644422400000,2022-02-10 00:00,-198.32451619,9801.67548381,198.32451619,1.9832451619
1644436800000,2022-02-10 04:00,-198.32451619,9801.67548381,198.32451619,1.9832451619
1644451200000,2022-02-10 08:00,-198.32451619,9801.67548381,198.32451619,1.9832451619
1644465600000,2022-02-10 12:00,-198.32451619,9801.67548381,198.32451619,1.9832451619
1644480000000,2022-02-10 16:00,-198.32451619,9801.67548381,198.32451619,1.9832451619
1644494400000,2022-02-10 20:00,-198.32451619,9801.67548381,198.32451619,1.9832451619
1644508800000,2022-02-11 00:00,-198.32451619,9801.67548381,198.32451619,1.9832451619
1644523200000,2022-02-11 04:00,-198.32451619,9801.67548381,198.32451619,1.9832451619
1644537600000,2022-02-11 08:00,-198.32451619,9801.67548381,198.32451619,1.9832451619
1644552000000,2022-02-11 12:00,-198.32451619,9801.67548381,198.32451619,1.9832451619
1644566400000,2022-02-11 16:00,-198.32451619,9801.67548381,198.32451619,1.9832451619
1644580800000,2022-02-11 20:00,-198.32451619,9801.67548381,198.32451619,1.9832451619
1644595200000,2022-02-12 00:00,-198.32451619,9801.67548381,198.32451619,1.9832451619
1644609600000,2022-02-12 04:00,-198.32451619,9801.67548381,198.32451619,1.9832451619
1644624000000,2022-02-12 08:00,-198.32451619,9801.67548381,198.32451619,1.9832451619
1644638400000,2022-02-12 12:00,-198.32451619,9801.67548381,198.32451619,1.9832451619
1644652800000,2022-02-12 16:00,-198.32451619,9801.67548381,198.32451619,1.9832451619
1644667200000,2022-02-12 20:00,-198.32451619,9801.67548381,198.32451619,1.9832451619
1644681600000,2022-02-13 00:00,-198.32451619,9801.67548381,198.32451619,1.9832451619
1644696000000,2022-02-13 04:00,-198.32451619,9801.67548381,198.32451619,1.9832451619
1644710400000,2022-02-13 08:00,-198.32451619,9801.67548381,198.32451619,1.9832451619
1644724800000,2022-02-13 12:00,-198.32451619,9801.67548381,198.32451619,1.9832451619
1644739200000,2022-02-13 16:00,-198.32451619,9801.67548381,198.32451619,1.9832451619
1644753600000,2022-02-13 20:00,-198.32451619,9801.67548381,198.32451619,1.9832451619
1644768000000,2022-02-14 00:00,-198.32451619,9801.67548381,198.32451619,1.9832451619
1644782400000,2022-02-14 04:00,-198.32451619,9801.67548381,198.32451619,1.9832451619
1644796800000,2022-02-14 08:00,-198.32451619,9801.67548381,198.32451619,1.9832451619
1644811200000,2022-02-14 12:00,-198.32451619,9801.67548381,198.32451619,1.9832451619
1644825600000,2022-02-14 16:00,-198.32451619,9801.67548381,198.32451619,1.9832451619
1644840000000,2022-02-14 20:00,-197.42404749,9802.57595251,197.42404749,1.9742404749
1644854400000,2022-02-15 00:00,-197.42404749,9802.57595251,197.42404749,1.9742404749
1644868800000,2022-02-15 04:00,-197.42404749,9802.57595251,197.42404749,1.9742404749
1644883200000,2022-02-15 08:00,-197.42404749,9802.57595251,197.42404749,1.9742404749
1644897600000,2022-02-15 12:00,-197.42404749,9802.57595251,197.42404749,1.9742404749
1644912000000,2022-02-15 16:00,-197.42404749,9802.57595251,197.42404749,1.9742404749
1644926400000,2022-02-15 20:00,-197.42404749,9802.57595251,197.42404749,1.9742404749
1644940800000,2022-02-16 00:00,-197.42404749,9802.57595251,197.42404749,1.9742404749
1644955200000,2022-02-16 04:00,-197.42404749,9802.57595251,197.42404749,1.9742404749
1644969600000,2022-02-16 08:00,-197.42404749,9802.57595251,197.42404749,1.9742404749
1644984000000,2022-02-16 12:00,-197.42404749,9802.57595251,197.42404749,1.9742404749
1644998400000,2022-02-16 16:00,-197.42404749,9802.57595251,197.42404749,1.9742404749
1645012800000,2022-02-16 20:00,-197.42404749,9802.57595251,197.42404749,1.9742404749
1645027200000,2022-02-17 00:00,-197.42404749,9802.57595251,197.42404749,1.9742404749
1645041600000,2022-02-17 04:00,-197.42404749,9802.57595251,197.42404749,1.9742404749
1645056000000,2022-02-17 08:00,-197.42404749,9802.57595251,197.42404749,1.9742404749
1645070400000,2022-02-17 12:00,-197.42404749,9802.57595251,197.42404749,1.9742404749
1645084800000,2022-02-17 16:00,-197.42404749,9802.57595251,197.42404749,1.9742404749
1645099200000,2022-02-17 20:00,-197.42404749,9802.57595251,197.42404749,1.9742404749
1645113600000,2022-02-18 00:00,-197.42404749,9802.57595251,197.42404749,1.9742404749
1645128000000,2022-02-18 04:00,-197.42404749,9802.57595251,197.42404749,1.9742404749
1645142400000,2022-02-18 08:00,-197.42404749,9802.57595251,197.42404749,1.9742404749
1645156800000,2022-02-18 12:00,-197.42404749,9802.57595251,197.42404749,1.9742404749
1645171200000,2022-02-18 16:00,-197.42404749,9802.57595251,197.42404749,1.9742404749
1645185600000,2022-02-18 20:00,-197.42404749,9802.57595251,197.42404749,1.9742404749
1645200000000,2022-02-19 00:00,-197.42404749,9802.57595251,197.42404749,1.9742404749
1645214400000,2022-02-19 04:00,-197.42404749,9802.57595251,197.42404749,1.9742404749
1645228800000,2022-02-19 08:00,-197.42404749,9802.57595251,197.42404749,1.9742404749
1645243200000,2022-02-19 12:00,-197.42404749,9802.57595251,197.42404749,1.9742404749
1645257600000,2022-02-19 16:00,-197.42404749,9802.57595251,197.42404749,1.9742404749
1645272000000,2022-02-19 20:00,-197.42404749,9802.57595251,197.42404749,1.9742404749
1645286400000,2022-02-20 00:00,-197.42404749,9802.57595251,197.42404749,1.9742404749
1645300800000,2022-02-20 04:00,-197.42404749,9802.57595251,197.42404749,1.9742404749
1645315200000,2022-02-20 08:00,-197.42404749,9802.57595251,197.42404749,1.9742404749
1645329600000,2022-02-20 12:00,-197.42404749,9802.57595251,197.42404749,1.9742404749
1645344000000,2022-02-20 16:00,-197.42404749,9802.57595251,197.42404749,1.9742404749
1645358400000,2022-02-20 20:00,-197.42404749,9802.57595251,197.42404749,1.9742404749
1645372800000,2022-02-21 00:00,-197.42404749,9802.57595251,197.42404749,1.9742404749
1645387200000,2022-02-21 04:00,-197.42404749,9802.57595251,197.42404749,1.9742404749
1645401600000,2022-02-21 08:00,-197.42404749,9802.57595251,197.42404749,1.9742404749
1645416000000,2022-02-21 12:00,-197.42404749,9802.57595251,197.42404749,1.9742404749
1645430400000,2022-02-21 16:00,-197.42404749,9802.57595251,197.42404749,1.9742404749
1645444800000,2022-02-21 20:00,-197.42404749,9802.57595251,197.42404749,1.9742404749
1645459200000,2022-02-22 00:00,-197.42404749,9802.57595251,197.42404749,1.9742404749
1645473600000,2022-02-22 04:00,-197.42404749,9802.57595251,197.42404749,1.9742404749
1645488000000,2022-02-22 08:00,-197.42404749,9802.57595251,197.42404749,1.9742404749
1645502400000,2022-02-22 12:00,-197.42404749,9802.57595251,197.42404749,1.9742404749
1645516800000,2022-02-22 16:00,-197.42404749,9802.57595251,197.42404749,1.9742404749
1645531200000,2022-02-22 20:00,-197.42404749,9802.57595251,197.42404749,1.9742404749
1645545600000,2022-02-23 00:00,-197.42404749,9802.57595251,197.42404749,1.9742404749
1645560000000,2022-02-23 04:00,-197.42404749,9802.57595251,197.42404749,1.9742404749
1645574400000,2022-02-23 08:00,-197.42404749,9802.57595251,197.42404749,1.9742404749
1645588800000,2022-02-23 12:00,-197.42404749,9802.57595251,197.42404749,1.9742404749
1645603200000,2022-02-23 16:00,-197.42404749,9802.57595251,197.42404749,1.9742404749
1645617600000,2022-02-23 20:00,-197.42404749,9802.57595251,197.42404749,1.9742404749
1645632000000,2022-02-24 00:00,-197.42404749,9802.57595251,197.42404749,1.9742404749
1645646400000,2022-02-24 04:00,-197.42404749,9802.57595251,197.42404749,1.9742404749
1645660800000,2022-02-24 08:00,-197.42404749,9802.57595251,197.42404749,1.9742404749
1645675200000,2022-02-24 12:00,-197.42404749,9802.57595251,197.42404749,1.9742404749
1645689600000,2022-02-24 16:00,-197.42404749,9802.57595251,197.42404749,1.9742404749
1645704000000,2022-02-24 20:00,-197.42404749,9802.57595251,197.42404749,1.9742404749
1645718400000,2022-02-25 00:00,-197.42404749,9802.57595251,197.42404749,1.9742404749
1645732800000,2022-02-25 04:00,-197.42404749,9802.57595251,197.42404749,1.9742404749
1645747200000,2022-02-25 08:00,-197.42404749,9802.57595251,197.42404749,1.9742404749
1645761600000,2022-02-25 12:00,-197.42404749,9802.57595251,197.42404749,1.9742404749
1645776000000,2022-02-25 16:00,-197.42404749,9802.57595251,197.42404749,1.9742404749
1645790400000,2022-02-25 20:00,-197.42404749,9802.57595251,197.42404749,1.9742404749
1645804800000,2022-02-26 00:00,-197.42404749,9802.57595251,197.42404749,1.9742404749
1645819200000,2022-02-26 04:00,-197.42404749,9802.57595251,197.42404749,1.9742404749
1645833600000,2022-02-26 08:00,-197.42404749,9802.57595251,197.42404749,1.9742404749
1645848000000,2022-02-26 12:00,-197.42404749,9802.57595251,197.42404749,1.9742404749
1645862400000,2022-02-26 16:00,-197.42404749,9802.57595251,197.42404749,1.9742404749
1645876800000,2022-02-26 20:00,-197.42404749,9802.57595251,197.42404749,1.9742404749
1645891200000,2022-02-27 00:00,-197.42404749,9802.57595251,197.42404749,1.9742404749
1645905600000,2022-02-27 04:00,-197.42404749,9802.57595251,197.42404749,1.9742404749
1645920000000,2022-02-27 08:00,-197.42404749,9802.57595251,197.42404749,1.9742404749
1645934400000,2022-02-27 12:00,-197.42404749,9802.57595251,197.42404749,1.9742404749
1645948800000,2022-02-27 16:00,-197.42404749,9802.57595251,197.42404749,1.9742404749
1645963200000,2022-02-27 20:00,-197.42404749,9802.57595251,197.42404749,1.9742404749
1645977600000,2022-02-28 00:00,-197.42404749,9802.57595251,197.42404749,1.9742404749
1645992000000,2022-02-28 04:00,-197.42404749,9802.57595251,197.42404749,1.9742404749
1646006400000,2022-02-28 08:00,-197.42404749,9802.57595251,197.42404749,1.9742404749
1646020800000,2022-02-28 12:00,-197.42404749,9802.57595251,197.42404749,1.9742404749
1646035200000,2022-02-28 16:00,-197.42404749,9802.57595251,197.42404749,1.9742404749
1646049600000,2022-02-28 20:00,-197.42404749,9802.57595251,197.42404749,1.9742404749
1646064000000,2022-03-01 00:00,-197.42404749,9802.57595251,197.42404749,1.9742404749
1646078400000,2022-03-01 04:00,-197.42404749,9802.57595251,197.42404749,1.9742404749
1646092800000,2022-03-01 08:00,-197.42404749,9802.57595251,197.42404749,1.9742404749
1646107200000,2022-03-01 12:00,-197.42404749,9802.57595251,197.42404749,1.9742404749
1646121600000,2022-03-01 16:00,-197.42404749,9802.57595251,197.42404749,1.9742404749
1646136000000,2022-03-01 20:00,-197.42404749,9802.57595251,197.42404749,1.9742404749
1646150400000,2022-03-02 00:00,-197.42404749,9802.57595251,197.42404749,1.9742404749
1646164800000,2022-03-02 04:00,-197.42404749,9802.57595251,197.42404749,1.9742404749
1646179200000,2022-03-02 08:00,-197.42404749,9802.57595251,197.42404749,1.9742404749
1646193600000,2022-03-02 12:00,-197.42404749,9802.57595251,197.42404749,1.9742404749
1646208000000,2022-03-02 16:00,-197.42404749,9802.57595251,197.42404749,1.9742404749
1646222400000,2022-03-02 20:00,-197.42404749,9802.57595251,197.42404749,1.9742404749
1646236800000,2022-03-03 00:00,-197.42404749,9802.57595251,197.42404749,1.9742404749
1646251200000,2022-03-03 04:00,-197.42404749,9802.57595251,197.42404749,1.9742404749
1646265600000,2022-03-03 08:00,-197.42404749,9802.57595251,197.42404749,1.9742404749
1646280000000,2022-03-03 12:00,-197.42404749,9802.57595251,197.42404749,1.9742404749
1646294400000,2022-03-03 16:00,-197.42404749,9802.57595251,197.42404749,1.9742404749
1646308800000,2022-03-03 20:00,-197.42404749,9802.57595251,197.42404749,1.9742404749
1646323200000,2022-03-04 00:00,-197.42404749,9802.57595251,197.42404749,1.9742404749
1646337600000,2022-03-04 04:00,-197.42404749,9802.57595251,197.42404749,1.9742404749
1646352000000,2022-03-04 08:00,-197.42404749,9802.57595251,197.42404749,1.9742404749
1646366400000,2022-03-04 12:00,-197.42404749,9802.57595251,197.42404749,1.9742404749
1646380800000,2022-03-04 16:00,-197.42404749,9802.57595251,197.42404749,1.9742404749
1646395200000,2022-03-04 20:00,-197.42404749,9802.57595251,197.42404749,1.9742404749
1646409600000,2022-03-05 00:00,-197.42404749,9802.57595251,197.42404749,1.9742404749
1646424000000,2022-03-05 04:00,-197.42404749,9802.57595251,197.42404749,1.9742404749
1646438400000,2022-03-05 08:00,-197.42404749,9802.57595251,197.42404749,1.9742404749
1646452800000,2022-03-05 12:00,-197.42404749,9802.57595251,197.42404749,1.9742404749
1646467200000,2022-03-05 16:00,-197.42404749,9802.57595251,197.42404749,1.9742404749
1646481600000,2022-03-05 20:00,-197.42404749,9802.57595251,197.42404749,1.9742404749
1646496000000,2022-03-06 00:00,-197.42404749,9802.57595251,197.42404749,1.9742404749
1646510400000,2022-03-06 04:00,-197.42404749,9802.57595251,197.42404749,1.9742404749
1646524800000,2022-03-06 08:00,-197.42404749,9802.57595251,197.42404749,1.9742404749
1646539200000,2022-03-06 12:00,-197.42404749,9802.57595251,197.42404749,1.9742404749
1646553600000,2022-03-06 16:00,-197.42404749,9802.57595251,197.42404749,1.9742404749
1646568000000,2022-03-06 20:00,-197.42404749,9802.57595251,197.42404749,1.9742404749
1646582400000,2022-03-07 00:00,-197.42404749,9802.57595251,197.42404749,1.9742404749
1646596800000,2022-03-07 04:00,-197.42404749,9802.57595251,197.42404749,1.9742404749
1646611200000,2022-03-07 08:00,-197.42404749,9802.57595251,197.42404749,1.9742404749
1646625600000,2022-03-07 12:00,-197.42404749,9802.57595251,197.42404749,1.9742404749
1646640000000,2022-03-07 16:00,-197.42404749,9802.57595251,197.42404749,1.9742404749
1646654400000,2022-03-07 20:00,-197.42404749,9802.57595251,197.42404749,1.9742404749
1646668800000,2022-03-08 00:00,-197.42404749,9802.57595251,197.42404749,1.9742404749
1646683200000,2022-03-08 04:00,-197.42404749,9802.57595251,197.42404749,1.9742404749
1646697600000,2022-03-08 08:00,-197.42404749,9802.57595251,197.42404749,1.9742404749
1646712000000,2022-03-08 12:00,-197.42404749,9802.57595251,197.42404749,1.9742404749
1646726400000,2022-03-08 16:00,-197.42404749,9802.57595251,197.42404749,1.9742404749
1646740800000,2022-03-08 20:00,-197.42404749,9802.57595251,197.42404749,1.9742404749
1646755200000,2022-03-09 00:00,-197.42404749,9802.57595251,197.42404749,1.9742404749
1646769600000,2022-03-09 04:00,-197.42404749,9802.57595251,197.42404749,1.9742404749
1646784000000,2022-03-09 08:00,-197.42404749,9802.57595251,197.42404749,1.9742404749
1646798400000,2022-03-09 12:00,-197.42404749,9802.57595251,197.42404749,1.9742404749
1646812800000,2022-03-09 16:00,-197.42404749,9802.57595251,197.42404749,1.9742404749
1646827200000,2022-03-09 20:00,-197.42404749,9802.57595251,197.42404749,1.9742404749
1646841600000,2022-03-10 00:00,-197.42404749,9802.57595251,197.42404749,1.9742404749
1646856000000,2022-03-10 04:00,-197.42404749,9802.57595251,197.42404749,1.9742404749
1646870400000,2022-03-10 08:00,-197.42404749,9802.57595251,197.42404749,1.9742404749
1646884800000,2022-03-10 12:00,-197.42404749,9802.57595251,197.42404749,1.9742404749
1646899200000,2022-03-10 16:00,-197.42404749,9802.57595251,197.42404749,1.9742404749
1646913600000,2022-03-10 20:00,-197.42404749,9802.57595251,197.42404749,1.9742404749
1646928000000,2022-03-11 00:00,-197.42404749,9802.57595251,197.42404749,1.9742404749
1646942400000,2022-03-11 04:00,-197.42404749,9802.57595251,197.42404749,1.9742404749
1646956800000,2022-03-11 08:00,-197.42404749,9802.57595251,197.42404749,1.9742404749
1646971200000,2022-03-11 12:00,-197.42404749,9802.57595251,197.42404749,1.9742404749
1646985600000,2022-03-11 16:00,-197.42404749,9802.57595251,197.42404749,1.9742404749
1647000000000,2022-03-11 20:00,-197.42404749,9802.57595251,197.42404749,1.9742404749
1647014400000,2022-03-12 00:00,-197.42404749,9802.57595251,197.42404749,1.9742404749
1647028800000,2022-03-12 04:00,-197.42404749,9802.57595251,197.42404749,1.9742404749
1647043200000,2022-03-12 08:00,-197.42404749,9802.57595251,197.42404749,1.9742404749
1647057600000,2022-03-12 12:00,-197.42404749,9802.57595251,197.42404749,1.9742404749
1647072000000,2022-03-12 16:00,-197.42404749,9802.57595251,197.42404749,1.9742404749
1647086400000,2022-03-12 20:00,-197.42404749,9802.57595251,197.42404749,1.9742404749
1647100800000,2022-03-13 00:00,-197.42404749,9802.57595251,197.42404749,1.9742404749
1647115200000,2022-03-13 04:00,-197.42404749,9802.57595251,197.42404749,1.9742404749
1647129600000,2022-03-13 08:00,-197.42404749,9802.57595251,197.42404749,1.9742404749
1647144000000,2022-03-13 12:00,-197.42404749,9802.57595251,197.42404749,1.9742404749
1647158400000,2022-03-13 16:00,-197.42404749,9802.57595251,197.42404749,1.9742404749
1647172800000,2022-03-13 20:00,-197.42404749,9802.57595251,197.42404749,1.9742404749
1647187200000,2022-03-14 00:00,-197.42404749,9802.57595251,197.42404749,1.9742404749
1647201600000,2022-03-14 04:00,-197.42404749,9802.57595251,197.42404749,1.9742404749
1647216000000,2022-03-14 08:00,-197.42404749,9802.57595251,197.42404749,1.9742404749
1647230400000,2022-03-14 12:00,-197.42404749,9802.57595251,197.42404749,1.9742404749
1647244800000,2022-03-14 16:00,-197.42404749,9802.57595251,197.42404749,1.9742404749
1647259200000,2022-03-14 20:00,-197.42404749,9802.57595251,197.42404749,1.9742404749
1647273600000,2022-03-15 00:00,-197.42404749,9802.57595251,197.42404749,1.9742404749
1647288000000,2022-03-15 04:00,-197.42404749,9802.57595251,197.42404749,1.9742404749
1647302400000,2022-03-15 08:00,-197.42404749,9802.57595251,197.42404749,1.9742404749
1647316800000,2022-03-15 12:00,-197.42404749,9802.57595251,197.42404749,1.9742404749
1647331200000,2022-03-15 16:00,-197.42404749,9802.57595251,197.42404749,1.9742404749
1647345600000,2022-03-15 20:00,-197.42404749,9802.57595251,197.42404749,1.9742404749
1647360000000,2022-03-16 00:00,-197.42404749,9802.57595251,197.42404749,1.9742404749
1647374400000,2022-03-16 04:00,-197.42404749,9802.57595251,197.42404749,1.9742404749
1647388800000,2022-03-16 08:00,-197.42404749,9802.57595251,197.42404749,1.9742404749
1647403200000,2022-03-16 12:00,-197.42404749,9802.57595251,197.42404749,1.9742404749
1647417600000,2022-03-16 16:00,-197.42404749,9802.57595251,197.42404749,1.9742404749
1647432000000,2022-03-16 20:00,-197.42404749,9802.57595251,197.42404749,1.9742404749
1647446400000,2022-03-17 00:00,-197.42404749,9802.57595251,197.42404749,1.9742404749
1647460800000,2022-03-17 04:00,-197.42404749,9802.57595251,197.42404749,1.9742404749
1647475200000,2022-03-17 08:00,-197.42404749,9802.57595251,197.42404749,1.9742404749
1647489600000,2022-03-17 12:00,-197.42404749,9802.57595251,197.42404749,1.9742404749
1647504000000,2022-03-17 16:00,-197.42404749,9802.57595251,197.42404749,1.9742404749
1647518400000,2022-03-17 20:00,-197.42404749,9802.57595251,197.42404749,1.9742404749
1647532800000,2022-03-18 00:00,-197.42404749,9802.57595251,197.42404749,1.9742404749
1647547200000,2022-03-18 04:00,-197.42404749,9802.57595251,197.42404749,1.9742404749
1647561600000,2022-03-18 08:00,-197.42404749,9802.57595251,197.42404749,1.9742404749
1647576000000,2022-03-18 12:00,-197.42404749,9802.57595251,197.42404749,1.9742404749
1647590400000,2022-03-18 16:00,-197.42404749,9802.57595251,197.42404749,1.9742404749
1647604800000,2022-03-18 20:00,-197.42404749,9802.57595251,197.42404749,1.9742404749
1647619200000,2022-03-19 00:00,-197.42404749,9802.57595251,197.42404749,1.9742404749
1647633600000,2022-03-19 04:00,-197.42404749,9802.57595251,197.42404749,1.9742404749
1647648000000,2022-03-19 08:00,-197.42404749,9802.57595251,197.42404749,1.9742404749
1647662400000,2022-03-19 12:00,-197.42404749,9802.57595251,197.42404749,1.9742404749
1647676800000,2022-03-19 16:00,-197.42404749,9802.57595251,197.42404749,1.9742404749
1647691200000,2022-03-19 20:00,-197.42404749,9802.57595251,197.42404749,1.9742404749
1647705600000,2022-03-20 00:00,-197.42404749,9802.57595251,197.42404749,1.9742404749
1647720000000,2022-03-20 04:00,-197.42404749,9802.57595251,197.42404749,1.9742404749
1647734400000,2022-03-20 08:00,-197.42404749,9802.57595251,197.42404749,1.9742404749
1647748800000,2022-03-20 12:00,-197.42404749,9802.57595251,197.42404749,1.9742404749
1647763200000,2022-03-20 16:00,-197.42404749,9802.57595251,197.42404749,1.9742404749
1647777600000,2022-03-20 20:00,-197.42404749,9802.57595251,197.42404749,1.9742404749
1647792000000,2022-03-21 00:00,-197.42404749,9802.57595251,197.42404749,1.9742404749
1647806400000,2022-03-21 04:00,-197.42404749,9802.57595251,197.42404749,1.9742404749
1647820800000,2022-03-21 08:00,-197.42404749,9802.57595251,197.42404749,1.9742404749
1647835200000,2022-03-21 12:00,-197.42404749,9802.57595251,197.42404749,1.9742404749
1647849600000,2022-03-21 16:00,-197.42404749,9802.57595251,197.42404749,1.9742404749
1647864000000,2022-03-21 20:00,-197.42404749,9802.57595251,197.42404749,1.9742404749
1647878400000,2022-03-22 00:00,-197.42404749,9802.57595251,197.42404749,1.9742404749
1647892800000,2022-03-22 04:00,-197.42404749,9802.57595251,197.42404749,1.9742404749
1647907200000,2022-03-22 08:00,-197.42404749,9802.57595251,197.42404749,1.9742404749
1647921600000,2022-03-22 12:00,-197.42404749,9802.57595251,197.42404749,1.9742404749
1647936000000,2022-03-22 16:00,-197.42404749,9802.57595251,197.42404749,1.9742404749
1647950400000,2022-03-22 20:00,-197.42404749,9802.57595251,197.42404749,1.9742404749
1647964800000,2022-03-23 00:00,-197.42404749,9802.57595251,197.42404749,1.9742404749
1647979200000,2022-03-23 04:00,-197.42404749,9802.57595251,197.42404749,1.9742404749
1647993600000,2022-03-23 08:00,-197.42404749,9802.57595251,197.42404749,1.9742404749
1648008000000,2022-03-23 12:00,-197.42404749,9802.57595251,197.42404749,1.9742404749
1648022400000,2022-03-23 16:00,-197.42404749,9802.57595251,197.42404749,1.9742404749
1648036800000,2022-03-23 20:00,-197.42404749,9802.57595251,197.42404749,1.9742404749
1648051200000,2022-03-24 00:00,-197.42404749,9802.57595251,197.42404749,1.9742404749
1648065600000,2022-03-24 04:00,-197.42404749,9802.57595251,197.42404749,1.9742404749
1648080000000,2022-03-24 08:00,-197.42404749,9802.57595251,197.42404749,1.9742404749
1648094400000,2022-03-24 12:00,-197.42404749,9802.57595251,197.42404749,1.9742404749
1648108800000,2022-03-24 16:00,-197.42404749,9802.57595251,197.42404749,1.9742404749
1648123200000,2022-03-24 20:00,-197.42404749,9802.57595251,197.42404749,1.9742404749
1648137600000,2022-03-25 00:00,-197.42404749,9802.57595251,197.42404749,1.9742404749
1648152000000,2022-03-25 04:00,-197.42404749,9802.57595251,197.42404749,1.9742404749
1648166400000,2022-03-25 08:00,-197.42404749,9802.57595251,197.42404749,1.9742404749
1648180800000,2022-03-25 12:00,-197.42404749,9802.57595251,197.42404749,1.9742404749
1648195200000,2022-03-25 16:00,-197.42404749,9802.57595251,197.42404749,1.9742404749
1648209600000,2022-03-25 20:00,-197.42404749,9802.57595251,197.42404749,1.9742404749
1648224000000,2022-03-26 00:00,-197.42404749,9802.57595251,197.42404749,1.9742404749
1648238400000,2022-03-26 04:00,-197.42404749,9802.57595251,197.42404749,1.9742404749
1648252800000,2022-03-26 08:00,-197.42404749,9802.57595251,197.42404749,1.9742404749
1648267200000,2022-03-26 12:00,-197.42404749,9802.57595251,197.42404749,1.9742404749
1648281600000,2022-03-26 16:00,-197.42404749,9802.57595251,197.42404749,1.9742404749
1648296000000,2022-03-26 20:00,-197.42404749,9802.57595251,197.42404749,1.9742404749
1648310400000,2022-03-27 00:00,-197.42404749,9802.57595251,197.42404749,1.9742404749
1648324800000,2022-03-27 04:00,-197.42404749,9802.57595251,197.42404749,1.9742404749
1648339200000,2022-03-27 08:00,-197.42404749,9802.57595251,197.42404749,1.9742404749
1648353600000,2022-03-27 12:00,-197.42404749,9802.57595251,197.42404749,1.9742404749
1648368000000,2022-03-27 16:00,-197.42404749,9802.57595251,197.42404749,1.9742404749
1648382400000,2022-03-27 20:00,-197.42404749,9802.57595251,197.42404749,1.9742404749
1648396800000,2022-03-28 00:00,-197.42404749,9802.57595251,197.42404749,1.9742404749
1648411200000,2022-03-28 04:00,-197.42404749,9802.57595251,197.42404749,1.9742404749
1648425600000,2022-03-28 08:00,-197.42404749,9802.57595251,197.42404749,1.9742404749
1648440000000,2022-03-28 12:00,-197.42404749,9802.57595251,197.42404749,1.9742404749
1648454400000,2022-03-28 16:00,-197.42404749,9802.57595251,197.42404749,1.9742404749
1648468800000,2022-03-28 20:00,-197.42404749,9802.57595251,197.42404749,1.9742404749
1648483200000,2022-03-29 00:00,-197.42404749,9802.57595251,197.42404749,1.9742404749
1648497600000,2022-03-29 04:00,-197.42404749,9802.57595251,197.42404749,1.9742404749
1648512000000,2022-03-29 08:00,-197.42404749,9802.57595251,197.42404749,1.9742404749
1648526400000,2022-03-29 12:00,-197.42404749,9802.57595251,197.42404749,1.9742404749
1648540800000,2022-03-29 16:00,-197.42404749,9802.57595251,197.42404749,1.9742404749
1648555200000,2022-03-29 20:00,-197.42404749,9802.57595251,197.42404749,1.9742404749
1648569600000,2022-03-30 00:00,-197.42404749,9802.57595251,197.42404749,1.9742404749
1648584000000,2022-03-30 04:00,-197.42404749,9802.57595251,197.42404749,1.9742404749
1648598400000,2022-03-30 08:00,-197.42404749,9802.57595251,197.42404749,1.9742404749
1648612800000,2022-03-30 12:00,-197.42404749,9802.57595251,197.42404749,1.9742404749
1648627200000,2022-03-30 16:00,-197.42404749,9802.57595251,197.42404749,1.9742404749
1648641600000,2022-03-30 20:00,-197.42404749,9802.57595251,197.42404749,1.9742404749
1648656000000,2022-03-31 00:00,-197.42404749,9802.57595251,197.42404749,1.9742404749
1648670400000,2022-03-31 04:00,-197.42404749,9802.57595251,197.42404749,1.9742404749
1648684800000,2022-03-31 08:00,-197.42404749,9802.57595251,197.42404749,1.9742404749
1648699200000,2022-03-31 12:00,-197.42404749,9802.57595251,197.42404749,1.9742404749
1648713600000,2022-03-31 16:00,-197.42404749,9802.57595251,197.42404749,1.9742404749
1648728000000,2022-03-31 20:00,-197.42404749,9802.57595251,197.42404749,1.9742404749
1648742400000,2022-04-01 00:00,-197.42404749,9802.57595251,197.42404749,1.9742404749
1648756800000,2022-04-01 04:00,-197.42404749,9802.57595251,197.42404749,1.9742404749
1648771200000,2022-04-01 08:00,-197.42404749,9802.57595251,197.42404749,1.9742404749
1648785600000,2022-04-01 12:00,-197.42404749,9802.57595251,197.42404749,1.9742404749
1648800000000,2022-04-01 16:00,-197.42404749,9802.57595251,197.42404749,1.9742404749
1648814400000,2022-04-01 20:00,-197.42404749,9802.57595251,197.42404749,1.9742404749
1648828800000,2022-04-02 00:00,-197.42404749,9802.57595251,197.42404749,1.9742404749
1648843200000,2022-04-02 04:00,-197.42404749,9802.57595251,197.42404749,1.9742404749
1648857600000,2022-04-02 08:00,-197.42404749,9802.57595251,197.42404749,1.9742404749
1648872000000,2022-04-02 12:00,-197.42404749,9802.57595251,197.42404749,1.9742404749
1648886400000,2022-04-02 16:00,-197.42404749,9802.57595251,197.42404749,1.9742404749
1648900800000,2022-04-02 20:00,-197.42404749,9802.57595251,197.42404749,1.9742404749
1648915200000,2022-04-03 00:00,-197.42404749,9802.57595251,197.42404749,1.9742404749
1648929600000,2022-04-03 04:00,-197.42404749,9802.57595251,197.42404749,1.9742404749
1648944000000,2022-04-03 08:00,-197.42404749,9802.57595251,197.42404749,1.9742404749
1648958400000,2022-04-03 12:00,-197.42404749,9802.57595251,197.42404749,1.9742404749
1648972800000,2022-04-03 16:00,-197.42404749,9802.57595251,197.42404749,1.9742404749
1648987200000,2022-04-03 20:00,-197.42404749,9802.57595251,197.42404749,1.9742404749
1649001600000,2022-04-04 00:00,-197.42404749,9802.57595251,197.42404749,1.9742404749
1649016000000,2022-04-04 04:00,-197.42404749,9802.57595251,197.42404749,1.9742404749
1649030400000,2022-04-04 08:00,-197.42404749,9802.57595251,197.42404749,1.9742404749
1649044800000,2022-04-04 12:00,-197.42404749,9802.57595251,197.42404749,1.9742404749
1649059200000,2022-04-04 16:00,-197.42404749,9802.57595251,197.42404749,1.9742404749
1649073600000,2022-04-04 20:00,-197.42404749,9802.57595251,197.42404749,1.9742404749
1649088000000,2022-04-05 00:00,-197.42404749,9802.57595251,197.42404749,1.9742404749
1649102400000,2022-04-05 04:00,-196.35133277,9803.64866723,196.35133277,1.9635133277
1649116800000,2022-04-05 08:00,-196.35133277,9803.64866723,196.35133277,1.9635133277
1649131200000,2022-04-05 12:00,-196.35133277,9803.64866723,196.35133277,1.9635133277
1649145600000,2022-04-05 16:00,-196.35133277,9803.64866723,196.35133277,1.9635133277
1649160000000,2022-04-05 20:00,-196.35133277,9803.64866723,196.35133277,1.9635133277
1649174400000,2022-04-06 00:00,-196.35133277,9803.64866723,196.35133277,1.9635133277
1649188800000,2022-04-06 04:00,-196.35133277,9803.64866723,196.35133277,1.9635133277
1649203200000,2022-04-06 08:00,-196.35133277,9803.64866723,196.35133277,1.9635133277
1649217600000,2022-04-06 12:00,-196.35133277,9803.64866723,196.35133277,1.9635133277
1649232000000,2022-04-06 16:00,-196.35133277,9803.64866723,196.35133277,1.9635133277
1649246400000,2022-04-06 20:00,-196.35133277,9803.64866723,196.35133277,1.9635133277
1649260800000,2022-04-07 00:00,-196.35133277,9803.64866723,196.35133277,1.9635133277
1649275200000,2022-04-07 04:00,-196.35133277,9803.64866723,196.35133277,1.9635133277
1649289600000,2022-04-07 08:00,-196.35133277,9803.64866723,196.35133277,1.9635133277
1649304000000,2022-04-07 12:00,-196.35133277,9803.64866723,196.35133277,1.9635133277
1649318400000,2022-04-07 16:00,-196.35133277,9803.64866723,196.35133277,1.9635133277
1649332800000,2022-04-07 20:00,-196.35133277,9803.64866723,196.35133277,1.9635133277
1649347200000,2022-04-08 00:00,-196.35133277,9803.64866723,196.35133277,1.9635133277
1649361600000,2022-04-08 04:00,-196.35133277,9803.64866723,196.35133277,1.9635133277
1649376000000,2022-04-08 08:00,-196.35133277,9803.64866723,196.35133277,1.9635133277
1649390400000,2022-04-08 12:00,-196.35133277,9803.64866723,196.35133277,1.9635133277
1649404800000,2022-04-08 16:00,-196.35133277,9803.64866723,196.35133277,1.9635133277
1649419200000,2022-04-08 20:00,-196.35133277,9803.64866723,196.35133277,1.9635133277
1649433600000,2022-04-09 00:00,-196.35133277,9803.64866723,196.35133277,1.9635133277
1649448000000,2022-04-09 04:00,-196.35133277,9803.64866723,196.35133277,1.9635133277
1649462400000,2022-04-09 08:00,-196.35133277,9803.64866723,196.35133277,1.9635133277
1649476800000,2022-04-09 12:00,-196.35133277,9803.64866723,196.35133277,1.9635133277
1649491200000,2022-04-09 16:00,-196.35133277,9803.64866723,196.35133277,1.9635133277
1649505600000,2022-04-09 20:00,-196.35133277,9803.64866723,196.35133277,1.9635133277
1649520000000,2022-04-10 00:00,-196.35133277,9803.64866723,196.35133277,1.9635133277
1649534400000,2022-04-10 04:00,-196.35133277,9803.64866723,196.35133277,1.9635133277
1649548800000,2022-04-10 08:00,-196.35133277,9803.64866723,196.35133277,1.9635133277
1649563200000,2022-04-10 12:00,-196.35133277,9803.64866723,196.35133277,1.9635133277
1649577600000,2022-04-10 16:00,-196.35133277,9803.64866723,196.35133277,1.9635133277
1649592000000,2022-04-10 20:00,-196.35133277,9803.64866723,196.35133277,1.9635133277
1649606400000,2022-04-11 00:00,-196.35133277,9803.64866723,196.35133277,1.9635133277
1649620800000,2022-04-11 04:00,-196.35133277,9803.64866723,196.35133277,1.9635133277
1649635200000,2022-04-11 08:00,-196.35133277,9803.64866723,196.35133277,1.9635133277
1649649600000,2022-04-11 12:00,-196.35133277,9803.64866723,196.35133277,1.9635133277
1649664000000,2022-04-11 16:00,-196.35133277,9803.64866723,196.35133277,1.9635133277
1649678400000,2022-04-11 20:00,-196.35133277,9803.64866723,196.35133277,1.9635133277
1649692800000,2022-04-12 00:00,-196.35133277,9803.64866723,196.35133277,1.9635133277
1649707200000,2022-04-12 04:00,-196.35133277,9803.64866723,196.35133277,1.9635133277
1649721600000,2022-04-12 08:00,-196.35133277,9803.64866723,196.35133277,1.9635133277
1649736000000,2022-04-12 12:00,-196.35133277,9803.64866723,196.35133277,1.9635133277
1649750400000,2022-04-12 16:00,-196.35133277,9803.64866723,196.35133277,1.9635133277
1649764800000,2022-04-12 20:00,-196.35133277,9803.64866723,196.35133277,1.9635133277
1649779200000,2022-04-13 00:00,-196.35133277,9803.64866723,196.35133277,1.9635133277
1649793600000,2022-04-13 04:00,-196.35133277,9803.64866723,196.35133277,1.9635133277
1649808000000,2022-04-13 08:00,-196.35133277,9803.64866723,196.35133277,1.9635133277
1649822400000,2022-04-13 12:00,-196.35133277,9803.64866723,196.35133277,1.9635133277
1649836800000,2022-04-13 16:00,-196.35133277,9803.64866723,196.35133277,1.9635133277
1649851200000,2022-04-13 20:00,-196.35133277,9803.64866723,196.35133277,1.9635133277
1649865600000,2022-04-14 00:00,-196.35133277,9803.64866723,196.35133277,1.9635133277
1649880000000,2022-04-14 04:00,-196.35133277,9803.64866723,196.35133277,1.9635133277
1649894400000,2022-04-14 08:00,-196.35133277,9803.64866723,196.35133277,1.9635133277
1649908800000,2022-04-14 12:00,-196.35133277,9803.64866723,196.35133277,1.9635133277
1649923200000,2022-04-14 16:00,-196.35133277,9803.64866723,196.35133277,1.9635133277
1649937600000,2022-04-14 20:00,-196.35133277,9803.64866723,196.35133277,1.9635133277
1649952000000,2022-04-15 00:00,-196.35133277,9803.64866723,196.35133277,1.9635133277
1649966400000,2022-04-15 04:00,-196.35133277,9803.64866723,196.35133277,1.9635133277
1649980800000,2022-04-15 08:00,-196.35133277,9803.64866723,196.35133277,1.9635133277
1649995200000,2022-04-15 12:00,-196.35133277,9803.64866723,196.35133277,1.9635133277
1650009600000,2022-04-15 16:00,-196.35133277,9803.64866723,196.35133277,1.9635133277
1650024000000,2022-04-15 20:00,-196.35133277,9803.64866723,196.35133277,1.9635133277
1650038400000,2022-04-16 00:00,-196.35133277,9803.64866723,196.35133277,1.9635133277
1650052800000,2022-04-16 04:00,-196.35133277,9803.64866723,196.35133277,1.9635133277
1650067200000,2022-04-16 08:00,-196.35133277,9803.64866723,196.35133277,1.9635133277
1650081600000,2022-04-16 12:00,-196.35133277,9803.64866723,196.35133277,1.9635133277
1650096000000,2022-04-16 16:00,-196.35133277,9803.64866723,196.35133277,1.9635133277
1650110400000,2022-04-16 20:00,-196.35133277,9803.64866723,196.35133277,1.9635133277
1650124800000,2022-04-17 00:00,-196.35133277,9803.64866723,196.35133277,1.9635133277
1650139200000,2022-04-17 04:00,-196.35133277,9803.64866723,196.35133277,1.9635133277
1650153600000,2022-04-17 08:00,-196.35133277,9803.64866723,196.35133277,1.9635133277
1650168000000,2022-04-17 12:00,-196.35133277,9803.64866723,196.35133277,1.9635133277
1650182400000,2022-04-17 16:00,-196.35133277,9803.64866723,196.35133277,1.9635133277
1650196800000,2022-04-17 20:00,-196.35133277,9803.64866723,196.35133277,1.9635133277
1650211200000,2022-04-18 00:00,-196.35133277,9803.64866723,196.35133277,1.9635133277
1650225600000,2022-04-18 04:00,-196.35133277,9803.64866723,196.35133277,1.9635133277
1650240000000,2022-04-18 08:00,-196.35133277,9803.64866723,196.35133277,1.9635133277
1650254400000,2022-04-18 12:00,-196.35133277,9803.64866723,196.35133277,1.9635133277
1650268800000,2022-04-18 16:00,-196.35133277,9803.64866723,196.35133277,1.9635133277
1650283200000,2022-04-18 20:00,-196.35133277,9803.64866723,196.35133277,1.9635133277
1650297600000,2022-04-19 00:00,-196.35133277,9803.64866723,196.35133277,1.9635133277
1650312000000,2022-04-19 04:00,-196.35133277,9803.64866723,196.35133277,1.9635133277
1650326400000,2022-04-19 08:00,-196.35133277,9803.64866723,196.35133277,1.9635133277
1650340800000,2022-04-19 12:00,-196.35133277,9803.64866723,196.35133277,1.9635133277
1650355200000,2022-04-19 16:00,-196.35133277,9803.64866723,196.35133277,1.9635133277
1650369600000,2022-04-19 20:00,-196.35133277,9803.64866723,196.35133277,1.9635133277
1650384000000,2022-04-20 00:00,-196.35133277,9803.64866723,196.35133277,1.9635133277
1650398400000,2022-04-20 04:00,-196.35133277,9803.64866723,196.35133277,1.9635133277
1650412800000,2022-04-20 08:00,-196.35133277,9803.64866723,196.35133277,1.9635133277
1650427200000,2022-04-20 12:00,-196.35133277,9803.64866723,196.35133277,1.9635133277
1650441600000,2022-04-20 16:00,-196.35133277,9803.64866723,196.35133277,1.9635133277
1650456000000,2022-04-20 20:00,-196.35133277,9803.64866723,196.35133277,1.9635133277
1650470400000,2022-04-21 00:00,-196.35133277,9803.64866723,196.35133277,1.9635133277
1650484800000,2022-04-21 04:00,-196.35133277,9803.64866723,196.35133277,1.9635133277
1650499200000,2022-04-21 08:00,-196.35133277,9803.64866723,196.35133277,1.9635133277
1650513600000,2022-04-21 12:00,-196.35133277,9803.64866723,196.35133277,1.9635133277
1650528000000,2022-04-21 16:00,-196.35133277,9803.64866723,196.35133277,1.9635133277
1650542400000,2022-04-21 20:00,-196.35133277,9803.64866723,196.35133277,1.9635133277
1650556800000,2022-04-22 00:00,-196.35133277,9803.64866723,196.35133277,1.9635133277
1650571200000,2022-04-22 04:00,-196.35133277,9803.64866723,196.35133277,1.9635133277
1650585600000,2022-04-22 08:00,-196.35133277,9803.64866723,196.35133277,1.9635133277
1650600000000,2022-04-22 12:00,-196.35133277,9803.64866723,196.35133277,1.9635133277
1650614400000,2022-04-22 16:00,-196.35133277,9803.64866723,196.35133277,1.9635133277
1650628800000,2022-04-22 20:00,-196.35133277,9803.64866723,196.35133277,1.9635133277
1650643200000,2022-04-23 00:00,-196.35133277,9803.64866723,196.35133277,1.9635133277
1650657600000,2022-04-23 04:00,-196.35133277,9803.64866723,196.35133277,1.9635133277
1650672000000,2022-04-23 08:00,-196.35133277,9803.64866723,196.35133277,1.9635133277
1650686400000,2022-04-23 12:00,-196.35133277,9803.64866723,196.35133277,1.9635133277
1650700800000,2022-04-23 16:00,-196.35133277,9803.64866723,196.35133277,1.9635133277
1650715200000,2022-04-23 20:00,-196.35133277,9803.64866723,196.35133277,1.9635133277
1650729600000,2022-04-24 00:00,-196.35133277,9803.64866723,196.35133277,1.9635133277
1650744000000,2022-04-24 04:00,-196.35133277,9803.64866723,196.35133277,1.9635133277
1650758400000,2022-04-24 08:00,-196.35133277,9803.64866723,196.35133277,1.9635133277
1650772800000,2022-04-24 12:00,-196.35133277,9803.64866723,196.35133277,1.9635133277
1650787200000,2022-04-24 16:00,-196.35133277,9803.64866723,196.35133277,1.9635133277
1650801600000,2022-04-24 20:00,-196.35133277,9803.64866723,196.35133277,1.9635133277
1650816000000,2022-04-25 00:00,-195.09377837,9804.90622163,195.09377837,1.9509377837
1650830400000,2022-04-25 04:00,-195.09377837,9804.90622163,195.09377837,1.9509377837
1650844800000,2022-04-25 08:00,-195.09377837,9804.90622163,195.09377837,1.9509377837
1650859200000,2022-04-25 12:00,-195.09377837,9804.90622163,195.09377837,1.9509377837
1650873600000,2022-04-25 16:00,-195.09377837,9804.90622163,195.09377837,1.9509377837
1650888000000,2022-04-25 20:00,-195.09377837,9804.90622163,195.09377837,1.9509377837
1650902400000,2022-04-26 00:00,-195.09377837,9804.90622163,195.09377837,1.9509377837
1650916800000,2022-04-26 04:00,-195.09377837,9804.90622163,195.09377837,1.9509377837
1650931200000,2022-04-26 08:00,-195.09377837,9804.90622163,195.09377837,1.9509377837
1650945600000,2022-04-26 12:00,-195.09377837,9804.90622163,195.09377837,1.9509377837
1650960000000,2022-04-26 16:00,-195.09377837,9804.90622163,195.09377837,1.9509377837
1650974400000,2022-04-26 20:00,-195.09377837,9804.90622163,195.09377837,1.9509377837
1650988800000,2022-04-27 00:00,-195.09377837,9804.90622163,195.09377837,1.9509377837
1651003200000,2022-04-27 04:00,-195.09377837,9804.90622163,195.09377837,1.9509377837
1651017600000,2022-04-27 08:00,-195.09377837,9804.90622163,195.09377837,1.9509377837
1651032000000,2022-04-27 12:00,-195.09377837,9804.90622163,195.09377837,1.9509377837
1651046400000,2022-04-27 16:00,-195.09377837,9804.90622163,195.09377837,1.9509377837
1651060800000,2022-04-27 20:00,-195.09377837,9804.90622163,195.09377837,1.9509377837
1651075200000,2022-04-28 00:00,-195.09377837,9804.90622163,195.09377837,1.9509377837
1651089600000,2022-04-28 04:00,-195.09377837,9804.90622163,195.09377837,1.9509377837
1651104000000,2022-04-28 08:00,-195.09377837,9804.90622163,195.09377837,1.9509377837
1651118400000,2022-04-28 12:00,-195.09377837,9804.90622163,195.09377837,1.9509377837
1651132800000,2022-04-28 16:00,-195.09377837,9804.90622163,195.09377837,1.9509377837
1651147200000,2022-04-28 20:00,-195.09377837,9804.90622163,195.09377837,1.9509377837
1651161600000,2022-04-29 00:00,-195.09377837,9804.90622163,195.09377837,1.9509377837
1651176000000,2022-04-29 04:00,-195.09377837,9804.90622163,195.09377837,1.9509377837
1651190400000,2022-04-29 08:00,-195.09377837,9804.90622163,195.09377837,1.9509377837
1651204800000,2022-04-29 12:00,-195.09377837,9804.90622163,195.09377837,1.9509377837
1651219200000,2022-04-29 16:00,-195.09377837,9804.90622163,195.09377837,1.9509377837
1651233600000,2022-04-29 20:00,-195.09377837,9804.90622163,195.09377837,1.9509377837
1651248000000,2022-04-30 00:00,-195.09377837,9804.90622163,195.09377837,1.9509377837
1651262400000,2022-04-30 04:00,-195.09377837,9804.90622163,195.09377837,1.9509377837
1651276800000,2022-04-30 08:00,-195.09377837,9804.90622163,195.09377837,1.9509377837
1651291200000,2022-04-30 12:00,-195.09377837,9804.90622163,195.09377837,1.9509377837
1651305600000,2022-04-30 16:00,-195.09377837,9804.90622163,195.09377837,1.9509377837
1651320000000,2022-04-30 20:00,-195.09377837,9804.90622163,195.09377837,1.9509377837
1651334400000,2022-05-01 00:00,-195.09377837,9804.90622163,195.09377837,1.9509377837
1651348800000,2022-05-01 04:00,-195.09377837,9804.90622163,195.09377837,1.9509377837
1651363200000,2022-05-01 08:00,-195.09377837,9804.90622163,195.09377837,1.9509377837
1651377600000,2022-05-01 12:00,-195.09377837,9804.90622163,195.09377837,1.9509377837
1651392000000,2022-05-01 16:00,-195.09377837,9804.90622163,195.09377837,1.9509377837
1651406400000,2022-05-01 20:00,-195.09377837,9804.90622163,195.09377837,1.9509377837
1651420800000,2022-05-02 00:00,-195.09377837,9804.90622163,195.09377837,1.9509377837
1651435200000,2022-05-02 04:00,-195.09377837,9804.90622163,195.09377837,1.9509377837
1651449600000,2022-05-02 08:00,-195.09377837,9804.90622163,195.09377837,1.9509377837
1651464000000,2022-05-02 12:00,-195.09377837,9804.90622163,195.09377837,1.9509377837
1651478400000,2022-05-02 16:00,-195.09377837,9804.90622163,195.09377837,1.9509377837
1651492800000,2022-05-02 20:00,-195.09377837,9804.90622163,195.09377837,1.9509377837
1651507200000,2022-05-03 00:00,-195.09377837,9804.90622163,195.09377837,1.9509377837
1651521600000,2022-05-03 04:00,-195.09377837,9804.90622163,195.09377837,1.9509377837
1651536000000,2022-05-03 08:00,-195.09377837,9804.90622163,195.09377837,1.9509377837
1651550400000,2022-05-03 12:00,-195.09377837,9804.90622163,195.09377837,1.9509377837
1651564800000,2022-05-03 16:00,-195.09377837,9804.90622163,195.09377837,1.9509377837
1651579200000,2022-05-03 20:00,-195.09377837,9804.90622163,195.09377837,1.9509377837
1651593600000,2022-05-04 00:00,-195.09377837,9804.90622163,195.09377837,1.9509377837
1651608000000,2022-05-04 04:00,-195.09377837,9804.90622163,195.09377837,1.9509377837
1651622400000,2022-05-04 08:00,-195.09377837,9804.90622163,195.09377837,1.9509377837
1651636800000,2022-05-04 12:00,-195.09377837,9804.90622163,195.09377837,1.9509377837
1651651200000,2022-05-04 16:00,-195.09377837,9804.90622163,195.09377837,1.9509377837
1651665600000,2022-05-04 20:00,-195.09377837,9804.90622163,195.09377837,1.9509377837
1651680000000,2022-05-05 00:00,-195.09377837,9804.90622163,195.09377837,1.9509377837
1651694400000,2022-05-05 04:00,-195.09377837,9804.90622163,195.09377837,1.9509377837
1651708800000,2022-05-05 08:00,-195.09377837,9804.90622163,195.09377837,1.9509377837
1651723200000,2022-05-05 12:00,-195.09377837,9804.90622163,195.09377837,1.9509377837
1651737600000,2022-05-05 16:00,-195.09377837,9804.90622163,195.09377837,1.9509377837
1651752000000,2022-05-05 20:00,-195.09377837,9804.90622163,195.09377837,1.9509377837
1651766400000,2022-05-06 00:00,-195.09377837,9804.90622163,195.09377837,1.9509377837
1651780800000,2022-05-06 04:00,-195.09377837,9804.90622163,195.09377837,1.9509377837
1651795200000,2022-05-06 08:00,-195.09377837,9804.90622163,195.09377837,1.9509377837
1651809600000,2022-05-06 12:00,-195.09377837,9804.90622163,195.09377837,1.9509377837
1651824000000,2022-05-06 16:00,-195.09377837,9804.90622163,195.09377837,1.9509377837
1651838400000,2022-05-06 20:00,-195.09377837,9804.90622163,195.09377837,1.9509377837
1651852800000,2022-05-07 00:00,-195.09377837,9804.90622163,195.09377837,1.9509377837
1651867200000,2022-05-07 04:00,-195.09377837,9804.90622163,195.09377837,1.9509377837
1651881600000,2022-05-07 08:00,-195.09377837,9804.90622163,195.09377837,1.9509377837
1651896000000,2022-05-07 12:00,-195.09377837,9804.90622163,195.09377837,1.9509377837
1651910400000,2022-05-07 16:00,-195.09377837,9804.90622163,195.09377837,1.9509377837
1651924800000,2022-05-07 20:00,-195.09377837,9804.90622163,195.09377837,1.9509377837
1651939200000,2022-05-08 00:00,-195.09377837,9804.90622163,195.09377837,1.9509377837
1651953600000,2022-05-08 04:00,-195.09377837,9804.90622163,195.09377837,1.9509377837
1651968000000,2022-05-08 08:00,-195.09377837,9804.90622163,195.09377837,1.9509377837
1651982400000,2022-05-08 12:00,-195.09377837,9804.90622163,195.09377837,1.9509377837
1651996800000,2022-05-08 16:00,-195.09377837,9804.90622163,195.09377837,1.9509377837
1652011200000,2022-05-08 20:00,-195.09377837,9804.90622163,195.09377837,1.9509377837
1652025600000,2022-05-09 00:00,-195.09377837,9804.90622163,195.09377837,1.9509377837
1652040000000,2022-05-09 04:00,-195.09377837,9804.90622163,195.09377837,1.9509377837
1652054400000,2022-05-09 08:00,-195.09377837,9804.90622163,195.09377837,1.9509377837
1652068800000,2022-05-09 12:00,-195.09377837,9804.90622163,195.09377837,1.9509377837
1652083200000,2022-05-09 16:00,-195.09377837,9804.90622163,195.09377837,1.9509377837
1652097600000,2022-05-09 20:00,-195.09377837,9804.90622163,195.09377837,1.9509377837
1652112000000,2022-05-10 00:00,-195.09377837,9804.90622163,195.09377837,1.9509377837
1652126400000,2022-05-10 04:00,-195.09377837,9804.90622163,195.09377837,1.9509377837
1652140800000,2022-05-10 08:00,-195.09377837,9804.90622163,195.09377837,1.9509377837
1652155200000,2022-05-10 12:00,-195.09377837,9804.90622163,195.09377837,1.9509377837
1652169600000,2022-05-10 16:00,-195.09377837,9804.90622163,195.09377837,1.9509377837
1652184000000,2022-05-10 20:00,-195.09377837,9804.90622163,195.09377837,1.9509377837
1652198400000,2022-05-11 00:00,-195.09377837,9804.90622163,195.09377837,1.9509377837
1652212800000,2022-05-11 04:00,-195.09377837,9804.90622163,195.09377837,1.9509377837
1652227200000,2022-05-11 08:00,-195.09377837,9804.90622163,195.09377837,1.9509377837
1652241600000,2022-05-11 12:00,-195.09377837,9804.90622163,195.09377837,1.9509377837
1652256000000,2022-05-11 16:00,-195.09377837,9804.90622163,195.09377837,1.9509377837
1652270400000,2022-05-11 20:00,-195.09377837,9804.90622163,195.09377837,1.9509377837
1652284800000,2022-05-12 00:00,-195.09377837,9804.90622163,195.09377837,1.9509377837
1652299200000,2022-05-12 04:00,-195.09377837,9804.90622163,195.09377837,1.9509377837
1652313600000,2022-05-12 08:00,-195.09377837,9804.90622163,195.09377837,1.9509377837
1652328000000,2022-05-12 12:00,-195.09377837,9804.90622163,195.09377837,1.9509377837
1652342400000,2022-05-12 16:00,-195.09377837,9804.90622163,195.09377837,1.9509377837
1652356800000,2022-05-12 20:00,-195.09377837,9804.90622163,195.09377837,1.9509377837
1652371200000,2022-05-13 00:00,-195.09377837,9804.90622163,195.09377837,1.9509377837
1652385600000,2022-05-13 04:00,-195.09377837,9804.90622163,195.09377837,1.9509377837
1652400000000,2022-05-13 08:00,-195.09377837,9804.90622163,195.09377837,1.9509377837
1652414400000,2022-05-13 12:00,-195.09377837,9804.90622163,195.09377837,1.9509377837
1652428800000,2022-05-13 16:00,-195.09377837,9804.90622163,195.09377837,1.9509377837
1652443200000,2022-05-13 20:00,-195.09377837,9804.90622163,195.09377837,1.9509377837
1652457600000,2022-05-14 00:00,-195.09377837,9804.90622163,195.09377837,1.9509377837
1652472000000,2022-05-14 04:00,-195.09377837,9804.90622163,195.09377837,1.9509377837
1652486400000,2022-05-14 08:00,-195.09377837,9804.90622163,195.09377837,1.9509377837
1652500800000,2022-05-14 12:00,-195.09377837,9804.90622163,195.09377837,1.9509377837
1652515200000,2022-05-14 16:00,-195.09377837,9804.90622163,195.09377837,1.9509377837
1652529600000,2022-05-14 20:00,-195.09377837,9804.90622163,195.09377837,1.9509377837
1652544000000,2022-05-15 00:00,-195.09377837,9804.90622163,195.09377837,1.9509377837
1652558400000,2022-05-15 04:00,-195.09377837,9804.90622163,195.09377837,1.9509377837
1652572800000,2022-05-15 08:00,-195.09377837,9804.90622163,195.09377837,1.9509377837
1652587200000,2022-05-15 12:00,-195.09377837,9804.90622163,195.09377837,1.9509377837
1652601600000,2022-05-15 16:00,-195.09377837,9804.90622163,195.09377837,1.9509377837
1652616000000,2022-05-15 20:00,-195.09377837,9804.90622163,195.09377837,1.9509377837
1652630400000,2022-05-16 00:00,-195.09377837,9804.90622163,195.09377837,1.9509377837
1652644800000,2022-05-16 04:00,-195.09377837,9804.90622163,195.09377837,1.9509377837
1652659200000,2022-05-16 08:00,-195.09377837,9804.90622163,195.09377837,1.9509377837
1652673600000,2022-05-16 12:00,-195.09377837,9804.90622163,195.09377837,1.9509377837
1652688000000,2022-05-16 16:00,-195.09377837,9804.90622163,195.09377837,1.9509377837
1652702400000,2022-05-16 20:00,-195.09377837,9804.90622163,195.09377837,1.9509377837
1652716800000,2022-05-17 00:00,-195.09377837,9804.90622163,195.09377837,1.9509377837
1652731200000,2022-05-17 04:00,-195.09377837,9804.90622163,195.09377837,1.9509377837
1652745600000,2022-05-17 08:00,-195.09377837,9804.90622163,195.09377837,1.9509377837
1652760000000,2022-05-17 12:00,-195.09377837,9804.90622163,195.09377837,1.9509377837
1652774400000,2022-05-17 16:00,-195.09377837,9804.90622163,195.09377837,1.9509377837
1652788800000,2022-05-17 20:00,-195.09377837,9804.90622163,195.09377837,1.9509377837
1652803200000,2022-05-18 00:00,-195.09377837,9804.90622163,195.09377837,1.9509377837
1652817600000,2022-05-18 04:00,-195.09377837,9804.90622163,195.09377837,1.9509377837
1652832000000,2022-05-18 08:00,-195.09377837,9804.90622163,195.09377837,1.9509377837
1652846400000,2022-05-18 12:00,-195.09377837,9804.90622163,195.09377837,1.9509377837
1652860800000,2022-05-18 16:00,-195.09377837,9804.90622163,195.09377837,1.9509377837
1652875200000,2022-05-18 20:00,-195.09377837,9804.90622163,195.09377837,1.9509377837
1652889600000,2022-05-19 00:00,-195.09377837,9804.90622163,195.09377837,1.9509377837
1652904000000,2022-05-19 04:00,-195.09377837,9804.90622163,195.09377837,1.9509377837
1652918400000,2022-05-19 08:00,-195.09377837,9804.90622163,195.09377837,1.9509377837
1652932800000,2022-05-19 12:00,-195.09377837,9804.90622163,195.09377837,1.9509377837
1652947200000,2022-05-19 16:00,-195.09377837,9804.90622163,195.09377837,1.9509377837
1652961600000,2022-05-19 20:00,-195.09377837,9804.90622163,195.09377837,1.9509377837
1652976000000,2022-05-20 00:00,-195.09377837,9804.90622163,195.09377837,1.9509377837
1652990400000,2022-05-20 04:00,-195.09377837,9804.90622163,195.09377837,1.9509377837
1653004800000,2022-05-20 08:00,-195.09377837,9804.90622163,195.09377837,1.9509377837
1653019200000,2022-05-20 12:00,-195.09377837,9804.90622163,195.09377837,1.9509377837
1653033600000,2022-05-20 16:00,-195.09377837,9804.90622163,195.09377837,1.9509377837
1653048000000,2022-05-20 20:00,-195.09377837,9804.90622163,195.09377837,1.9509377837
1653062400000,2022-05-21 00:00,-195.09377837,9804.90622163,195.09377837,1.9509377837
1653076800000,2022-05-21 04:00,-195.09377837,9804.90622163,195.09377837,1.9509377837
1653091200000,2022-05-21 08:00,-195.09377837,9804.90622163,195.09377837,1.9509377837
1653105600000,2022-05-21 12:00,-195.09377837,9804.90622163,195.09377837,1.9509377837
1653120000000,2022-05-21 16:00,-195.09377837,9804.90622163,195.09377837,1.9509377837
1653134400000,2022-05-21 20:00,-195.09377837,9804.90622163,195.09377837,1.9509377837
1653148800000,2022-05-22 00:00,-195.09377837,9804.90622163,195.09377837,1.9509377837
1653163200000,2022-05-22 04:00,-195.09377837,9804.90622163,195.09377837,1.9509377837
1653177600000,2022-05-22 08:00,-195.09377837,9804.90622163,195.09377837,1.9509377837
1653192000000,2022-05-22 12:00,-195.09377837,9804.90622163,195.09377837,1.9509377837
1653206400000,2022-05-22 16:00,-289.50339761,9710.49660239,289.50339761,2.8950339761
1653220800000,2022-05-22 20:00,-289.50339761,9710.49660239,289.50339761,2.8950339761
1653235200000,2022-05-23 00:00,-289.50339761,9710.49660239,289.50339761,2.8950339761
1653249600000,2022-05-23 04:00,-289.50339761,9710.49660239,289.50339761,2.8950339761
1653264000000,2022-05-23 08:00,-289.50339761,9710.49660239,289.50339761,2.8950339761
1653278400000,2022-05-23 12:00,-289.50339761,9710.49660239,289.50339761,2.8950339761
1653292800000,2022-05-23 16:00,-289.50339761,9710.49660239,289.50339761,2.8950339761
1653307200000,2022-05-23 20:00,-289.50339761,9710.49660239,289.50339761,2.8950339761
1653321600000,2022-05-24 00:00,-289.50339761,9710.49660239,289.50339761,2.8950339761
1653336000000,2022-05-24 04:00,-289.50339761,9710.49660239,289.50339761,2.8950339761
1653350400000,2022-05-24 08:00,-289.50339761,9710.49660239,289.50339761,2.8950339761
1653364800000,2022-05-24 12:00,-289.50339761,9710.49660239,289.50339761,2.8950339761
1653379200000,2022-05-24 16:00,-289.50339761,9710.49660239,289.50339761,2.8950339761
1653393600000,2022-05-24 20:00,-289.50339761,9710.49660239,289.50339761,2.8950339761
1653408000000,2022-05-25 00:00,-289.50339761,9710.49660239,289.50339761,2.8950339761
1653422400000,2022-05-25 04:00,-289.50339761,9710.49660239,289.50339761,2.8950339761
1653436800000,2022-05-25 08:00,-389.07740753,9610.92259247,389.07740753,3.8907740753
1653451200000,2022-05-25 12:00,-389.07740753,9610.92259247,389.07740753,3.8907740753
1653465600000,2022-05-25 16:00,-389.07740753,9610.92259247,389.07740753,3.8907740753
1653480000000,2022-05-25 20:00,-389.07740753,9610.92259247,389.07740753,3.8907740753
1653494400000,2022-05-26 00:00,-389.07740753,9610.92259247,389.07740753,3.8907740753
1653508800000,2022-05-26 04:00,-389.07740753,9610.92259247,389.07740753,3.8907740753
1653523200000,2022-05-26 08:00,-389.07740753,9610.92259247,389.07740753,3.8907740753
1653537600000,2022-05-26 12:00,-389.07740753,9610.92259247,389.07740753,3.8907740753
1653552000000,2022-05-26 16:00,-389.07740753,9610.92259247,389.07740753,3.8907740753
1653566400000,2022-05-26 20:00,-389.07740753,9610.92259247,389.07740753,3.8907740753
1653580800000,2022-05-27 00:00,-389.07740753,9610.92259247,389.07740753,3.8907740753
1653595200000,2022-05-27 04:00,-389.07740753,9610.92259247,389.07740753,3.8907740753
1653609600000,2022-05-27 08:00,-389.07740753,9610.92259247,389.07740753,3.8907740753
1653624000000,2022-05-27 12:00,-389.07740753,9610.92259247,389.07740753,3.8907740753
1653638400000,2022-05-27 16:00,-389.07740753,9610.92259247,389.07740753,3.8907740753
1653652800000,2022-05-27 20:00,-389.07740753,9610.92259247,389.07740753,3.8907740753
1653667200000,2022-05-28 00:00,-389.07740753,9610.92259247,389.07740753,3.8907740753
1653681600000,2022-05-28 04:00,-389.07740753,9610.92259247,389.07740753,3.8907740753
1653696000000,2022-05-28 08:00,-389.07740753,9610.92259247,389.07740753,3.8907740753
1653710400000,2022-05-28 12:00,-389.07740753,9610.92259247,389.07740753,3.8907740753
1653724800000,2022-05-28 16:00,-389.07740753,9610.92259247,389.07740753,3.8907740753
1653739200000,2022-05-28 20:00,-389.07740753,9610.92259247,389.07740753,3.8907740753
1653753600000,2022-05-29 00:00,-389.07740753,9610.92259247,389.07740753,3.8907740753
1653768000000,2022-05-29 04:00,-389.07740753,9610.92259247,389.07740753,3.8907740753
1653782400000,2022-05-29 08:00,-389.07740753,9610.92259247,389.07740753,3.8907740753
1653796800000,2022-05-29 12:00,-389.07740753,9610.92259247,389.07740753,3.8907740753
1653811200000,2022-05-29 16:00,-389.07740753,9610.92259247,389.07740753,3.8907740753
1653825600000,2022-05-29 20:00,-388.26886629,9611.73113371,388.26886629,3.8826886629
1653840000000,2022-05-30 00:00,-388.26886629,9611.73113371,388.26886629,3.8826886629
1653854400000,2022-05-30 04:00,-388.26886629,9611.73113371,388.26886629,3.8826886629
1653868800000,2022-05-30 08:00,-388.26886629,9611.73113371,388.26886629,3.8826886629
1653883200000,2022-05-30 12:00,-388.26886629,9611.73113371,388.26886629,3.8826886629
1653897600000,2022-05-30 16:00,-388.26886629,9611.73113371,388.26886629,3.8826886629
1653912000000,2022-05-30 20:00,-388.26886629,9611.73113371,388.26886629,3.8826886629
1653926400000,2022-05-31 00:00,-388.26886629,9611.73113371,388.26886629,3.8826886629
1653940800000,2022-05-31 04:00,-388.26886629,9611.73113371,388.26886629,3.8826886629
1653955200000,2022-05-31 08:00,-388.26886629,9611.73113371,388.26886629,3.8826886629
1653969600000,2022-05-31 12:00,-388.26886629,9611.73113371,388.26886629,3.8826886629
1653984000000,2022-05-31 16:00,-388.26886629,9611.73113371,388.26886629,3.8826886629
1653998400000,2022-05-31 20:00,-388.26886629,9611.73113371,388.26886629,3.8826886629
1654012800000,2022-06-01 00:00,-388.26886629,9611.73113371,388.26886629,3.8826886629
1654027200000,2022-06-01 04:00,-388.26886629,9611.73113371,388.26886629,3.8826886629
1654041600000,2022-06-01 08:00,-388.26886629,9611.73113371,388.26886629,3.8826886629
1654056000000,2022-06-01 12:00,-388.26886629,9611.73113371,388.26886629,3.8826886629
1654070400000,2022-06-01 16:00,-388.26886629,9611.73113371,388.26886629,3.8826886629
1654084800000,2022-06-01 20:00,-388.26886629,9611.73113371,388.26886629,3.8826886629
1654099200000,2022-06-02 00:00,-388.26886629,9611.73113371,388.26886629,3.8826886629
1654113600000,2022-06-02 04:00,-388.26886629,9611.73113371,388.26886629,3.8826886629
1654128000000,2022-06-02 08:00,-388.26886629,9611.73113371,388.26886629,3.8826886629
1654142400000,2022-06-02 12:00,-388.26886629,9611.73113371,388.26886629,3.8826886629
1654156800000,2022-06-02 16:00,-388.26886629,9611.73113371,388.26886629,3.8826886629
1654171200000,2022-06-02 20:00,-388.26886629,9611.73113371,388.26886629,3.8826886629
1654185600000,2022-06-03 00:00,-388.26886629,9611.73113371,388.26886629,3.8826886629
1654200000000,2022-06-03 04:00,-388.26886629,9611.73113371,388.26886629,3.8826886629
1654214400000,2022-06-03 08:00,-388.26886629,9611.73113371,388.26886629,3.8826886629
1654228800000,2022-06-03 12:00,-388.26886629,9611.73113371,388.26886629,3.8826886629
1654243200000,2022-06-03 16:00,-388.26886629,9611.73113371,388.26886629,3.8826886629
1654257600000,2022-06-03 20:00,-388.26886629,9611.73113371,388.26886629,3.8826886629
1654272000000,2022-06-04 00:00,-388.26886629,9611.73113371,388.26886629,3.8826886629
1654286400000,2022-06-04 04:00,-388.26886629,9611.73113371,388.26886629,3.8826886629
1654300800000,2022-06-04 08:00,-388.26886629,9611.73113371,388.26886629,3.8826886629
1654315200000,2022-06-04 12:00,-388.26886629,9611.73113371,388.26886629,3.8826886629
1654329600000,2022-06-04 16:00,-388.26886629,9611.73113371,388.26886629,3.8826886629
1654344000000,2022-06-04 20:00,-388.26886629,9611.73113371,388.26886629,3.8826886629
1654358400000,2022-06-05 00:00,-388.26886629,9611.73113371,388.26886629,3.8826886629
1654372800000,2022-06-05 04:00,-388.26886629,9611.73113371,388.26886629,3.8826886629
1654387200000,2022-06-05 08:00,-388.26886629,9611.73113371,388.26886629,3.8826886629
1654401600000,2022-06-05 12:00,-388.26886629,9611.73113371,388.26886629,3.8826886629
1654416000000,2022-06-05 16:00,-388.26886629,9611.73113371,388.26886629,3.8826886629
1654430400000,2022-06-05 20:00,-388.26886629,9611.73113371,388.26886629,3.8826886629
1654444800000,2022-06-06 00:00,-388.26886629,9611.73113371,388.26886629,3.8826886629
1654459200000,2022-06-06 04:00,-388.26886629,9611.73113371,388.26886629,3.8826886629
1654473600000,2022-06-06 08:00,-486.77143878,9513.22856122,486.77143878,4.8677143878
1654488000000,2022-06-06 12:00,-486.77143878,9513.22856122,486.77143878,4.8677143878
1654502400000,2022-06-06 16:00,-486.77143878,9513.22856122,486.77143878,4.8677143878
1654516800000,2022-06-06 20:00,-486.77143878,9513.22856122,486.77143878,4.8677143878
1654531200000,2022-06-07 00:00,-486.77143878,9513.22856122,486.77143878,4.8677143878
1654545600000,2022-06-07 04:00,-486.77143878,9513.22856122,486.77143878,4.8677143878
1654560000000,2022-06-07 08:00,-486.77143878,9513.22856122,486.77143878,4.8677143878
1654574400000,2022-06-07 12:00,-486.77143878,9513.22856122,486.77143878,4.8677143878
1654588800000,2022-06-07 16:00,-486.77143878,9513.22856122,486.77143878,4.8677143878
1654603200000,2022-06-07 20:00,-486.77143878,9513.22856122,486.77143878,4.8677143878
1654617600000,2022-06-08 00:00,-486.77143878,9513.22856122,486.77143878,4.8677143878
1654632000000,2022-06-08 04:00,-486.77143878,9513.22856122,486.77143878,4.8677143878
1654646400000,2022-06-08 08:00,-486.77143878,9513.22856122,486.77143878,4.8677143878
1654660800000,2022-06-08 12:00,-486.77143878,9513.22856122,486.77143878,4.8677143878
1654675200000,2022-06-08 16:00,-486.77143878,9513.22856122,486.77143878,4.8677143878
1654689600000,2022-06-08 20:00,-486.77143878,9513.22856122,486.77143878,4.8677143878
1654704000000,2022-06-09 00:00,-486.77143878,9513.22856122,486.77143878,4.8677143878
1654718400000,2022-06-09 04:00,-486.77143878,9513.22856122,486.77143878,4.8677143878
1654732800000,2022-06-09 08:00,-486.77143878,9513.22856122,486.77143878,4.8677143878
1654747200000,2022-06-09 12:00,-486.77143878,9513.22856122,486.77143878,4.8677143878
1654761600000,2022-06-09 16:00,-486.77143878,9513.22856122,486.77143878,4.8677143878
1654776000000,2022-06-09 20:00,-486.77143878,9513.22856122,486.77143878,4.8677143878
1654790400000,2022-06-10 00:00,-486.77143878,9513.22856122,486.77143878,4.8677143878
1654804800000,2022-06-10 04:00,-486.77143878,9513.22856122,486.77143878,4.8677143878
1654819200000,2022-06-10 08:00,-486.77143878,9513.22856122,486.77143878,4.8677143878
1654833600000,2022-06-10 12:00,-486.77143878,9513.22856122,486.77143878,4.8677143878
1654848000000,2022-06-10 16:00,-486.77143878,9513.22856122,486.77143878,4.8677143878
1654862400000,2022-06-10 20:00,-486.77143878,9513.22856122,486.77143878,4.8677143878
1654876800000,2022-06-11 00:00,-486.77143878,9513.22856122,486.77143878,4.8677143878
1654891200000,2022-06-11 04:00,-486.77143878,9513.22856122,486.77143878,4.8677143878
1654905600000,2022-06-11 08:00,-486.77143878,9513.22856122,486.77143878,4.8677143878
1654920000000,2022-06-11 12:00,-486.77143878,9513.22856122,486.77143878,4.8677143878
1654934400000,2022-06-11 16:00,-486.77143878,9513.22856122,486.77143878,4.8677143878
1654948800000,2022-06-11 20:00,-486.77143878,9513.22856122,486.77143878,4.8677143878
1654963200000,2022-06-12 00:00,-486.77143878,9513.22856122,486.77143878,4.8677143878
1654977600000,2022-06-12 04:00,-486.77143878,9513.22856122,486.77143878,4.8677143878
1654992000000,2022-06-12 08:00,-486.77143878,9513.22856122,486.77143878,4.8677143878
1655006400000,2022-06-12 12:00,-486.77143878,9513.22856122,486.77143878,4.8677143878
1655020800000,2022-06-12 16:00,-486.77143878,9513.22856122,486.77143878,4.8677143878
1655035200000,2022-06-12 20:00,-290.72529134,9709.27470866,290.72529134,2.9072529134
1655049600000,2022-06-13 00:00,-290.72529134,9709.27470866,290.72529134,2.9072529134
1655064000000,2022-06-13 04:00,-290.72529134,9709.27470866,290.72529134,2.9072529134
1655078400000,2022-06-13 08:00,-290.72529134,9709.27470866,290.72529134,2.9072529134
1655092800000,2022-06-13 12:00,-290.72529134,9709.27470866,290.72529134,2.9072529134
1655107200000,2022-06-13 16:00,-290.72529134,9709.27470866,290.72529134,2.9072529134
1655121600000,2022-06-13 20:00,-290.72529134,9709.27470866,290.72529134,2.9072529134
1655136000000,2022-06-14 00:00,-290.72529134,9709.27470866,290.72529134,2.9072529134
1655150400000,2022-06-14 04:00,-290.72529134,9709.27470866,290.72529134,2.9072529134
1655164800000,2022-06-14 08:00,-290.72529134,9709.27470866,290.72529134,2.9072529134
1655179200000,2022-06-14 12:00,-290.72529134,9709.27470866,290.72529134,2.9072529134
1655193600000,2022-06-14 16:00,-290.72529134,9709.27470866,290.72529134,2.9072529134
1655208000000,2022-06-14 20:00,-290.72529134,9709.27470866,290.72529134,2.9072529134
1655222400000,2022-06-15 00:00,-290.72529134,9709.27470866,290.72529134,2.9072529134
1655236800000,2022-06-15 04:00,-290.72529134,9709.27470866,290.72529134,2.9072529134
1655251200000,2022-06-15 08:00,-290.72529134,9709.27470866,290.72529134,2.9072529134
1655265600000,2022-06-15 12:00,-290.72529134,9709.27470866,290.72529134,2.9072529134
1655280000000,2022-06-15 16:00,-290.72529134,9709.27470866,290.72529134,2.9072529134
1655294400000,2022-06-15 20:00,-290.72529134,9709.27470866,290.72529134,2.9072529134
1655308800000,2022-06-16 00:00,-290.72529134,9709.27470866,290.72529134,2.9072529134
1655323200000,2022-06-16 04:00,-290.72529134,9709.27470866,290.72529134,2.9072529134
1655337600000,2022-06-16 08:00,-290.72529134,9709.27470866,290.72529134,2.9072529134
1655352000000,2022-06-16 12:00,-290.72529134,9709.27470866,290.72529134,2.9072529134
1655366400000,2022-06-16 16:00,-290.72529134,9709.27470866,290.72529134,2.9072529134
1655380800000,2022-06-16 20:00,-290.72529134,9709.27470866,290.72529134,2.9072529134
1655395200000,2022-06-17 00:00,-290.72529134,9709.27470866,290.72529134,2.9072529134
1655409600000,2022-06-17 04:00,-290.72529134,9709.27470866,290.72529134,2.9072529134
1655424000000,2022-06-17 08:00,-290.72529134,9709.27470866,290.72529134,2.9072529134
1655438400000,2022-06-17 12:00,-290.72529134,9709.27470866,290.72529134,2.9072529134
1655452800000,2022-06-17 16:00,-290.72529134,9709.27470866,290.72529134,2.9072529134
1655467200000,2022-06-17 20:00,-290.72529134,9709.27470866,290.72529134,2.9072529134
1655481600000,2022-06-18 00:00,-290.72529134,9709.27470866,290.72529134,2.9072529134
1655496000000,2022-06-18 04:00,-290.72529134,9709.27470866,290.72529134,2.9072529134
1655510400000,2022-06-18 08:00,-290.72529134,9709.27470866,290.72529134,2.9072529134
1655524800000,2022-06-18 12:00,-290.72529134,9709.27470866,290.72529134,2.9072529134
1655539200000,2022-06-18 16:00,-290.72529134,9709.27470866,290.72529134,2.9072529134
1655553600000,2022-06-18 20:00,-290.72529134,9709.27470866,290.72529134,2.9072529134
1655568000000,2022-06-19 00:00,-290.72529134,9709.27470866,290.72529134,2.9072529134
1655582400000,2022-06-19 04:00,-290.72529134,9709.27470866,290.72529134,2.9072529134
1655596800000,2022-06-19 08:00,-290.72529134,9709.27470866,290.72529134,2.9072529134
1655611200000,2022-06-19 12:00,-290.72529134,9709.27470866,290.72529134,2.9072529134
1655625600000,2022-06-19 16:00,-290.72529134,9709.27470866,290.72529134,2.9072529134
1655640000000,2022-06-19 20:00,-290.72529134,9709.27470866,290.72529134,2.9072529134
1655654400000,2022-06-20 00:00,-290.72529134,9709.27470866,290.72529134,2.9072529134
1655668800000,2022-06-20 04:00,-290.72529134,9709.27470866,290.72529134,2.9072529134
1655683200000,2022-06-20 08:00,-290.72529134,9709.27470866,290.72529134,2.9072529134
1655697600000,2022-06-20 12:00,-290.72529134,9709.27470866,290.72529134,2.9072529134
1655712000000,2022-06-20 16:00,-290.72529134,9709.27470866,290.72529134,2.9072529134
1655726400000,2022-06-20 20:00,-290.72529134,9709.27470866,290.72529134,2.9072529134
1655740800000,2022-06-21 00:00,-290.72529134,9709.27470866,290.72529134,2.9072529134
1655755200000,2022-06-21 04:00,-290.72529134,9709.27470866,290.72529134,2.9072529134
1655769600000,2022-06-21 08:00,-290.72529134,9709.27470866,290.72529134,2.9072529134
1655784000000,2022-06-21 12:00,-290.72529134,9709.27470866,290.72529134,2.9072529134
1655798400000,2022-06-21 16:00,-290.72529134,9709.27470866,290.72529134,2.9072529134
1655812800000,2022-06-21 20:00,-290.72529134,9709.27470866,290.72529134,2.9072529134
1655827200000,2022-06-22 00:00,-290.72529134,9709.27470866,290.72529134,2.9072529134
1655841600000,2022-06-22 04:00,-290.72529134,9709.27470866,290.72529134,2.9072529134
1655856000000,2022-06-22 08:00,-290.72529134,9709.27470866,290.72529134,2.9072529134
1655870400000,2022-06-22 12:00,-290.72529134,9709.27470866,290.72529134,2.9072529134
1655884800000,2022-06-22 16:00,-290.72529134,9709.27470866,290.72529134,2.9072529134
1655899200000,2022-06-22 20:00,-290.72529134,9709.27470866,290.72529134,2.9072529134
1655913600000,2022-06-23 00:00,-290.72529134,9709.27470866,290.72529134,2.9072529134
1655928000000,2022-06-23 04:00,-290.72529134,9709.27470866,290.72529134,2.9072529134
1655942400000,2022-06-23 08:00,-290.72529134,9709.27470866,290.72529134,2.9072529134
1655956800000,2022-06-23 12:00,-290.72529134,9709.27470866,290.72529134,2.9072529134
1655971200000,2022-06-23 16:00,-290.72529134,9709.27470866,290.72529134,2.9072529134
1655985600000,2022-06-23 20:00,-290.72529134,9709.27470866,290.72529134,2.9072529134
1656000000000,2022-06-24 00:00,-290.72529134,9709.27470866,290.72529134,2.9072529134
1656014400000,2022-06-24 04:00,-290.72529134,9709.27470866,290.72529134,2.9072529134
1656028800000,2022-06-24 08:00,-290.72529134,9709.27470866,290.72529134,2.9072529134
1656043200000,2022-06-24 12:00,-290.72529134,9709.27470866,290.72529134,2.9072529134
1656057600000,2022-06-24 16:00,-290.72529134,9709.27470866,290.72529134,2.9072529134
1656072000000,2022-06-24 20:00,-290.72529134,9709.27470866,290.72529134,2.9072529134
1656086400000,2022-06-25 00:00,-290.72529134,9709.27470866,290.72529134,2.9072529134
1656100800000,2022-06-25 04:00,-290.72529134,9709.27470866,290.72529134,2.9072529134
1656115200000,2022-06-25 08:00,-290.72529134,9709.27470866,290.72529134,2.9072529134
1656129600000,2022-06-25 12:00,-290.72529134,9709.27470866,290.72529134,2.9072529134
1656144000000,2022-06-25 16:00,-290.72529134,9709.27470866,290.72529134,2.9072529134
1656158400000,2022-06-25 20:00,-290.72529134,9709.27470866,290.72529134,2.9072529134
1656172800000,2022-06-26 00:00,-290.72529134,9709.27470866,290.72529134,2.9072529134
1656187200000,2022-06-26 04:00,-290.72529134,9709.27470866,290.72529134,2.9072529134
1656201600000,2022-06-26 08:00,-290.72529134,9709.27470866,290.72529134,2.9072529134
1656216000000,2022-06-26 12:00,-290.72529134,9709.27470866,290.72529134,2.9072529134
1656230400000,2022-06-26 16:00,-290.72529134,9709.27470866,290.72529134,2.9072529134
1656244800000,2022-06-26 20:00,-290.72529134,9709.27470866,290.72529134,2.9072529134
1656259200000,2022-06-27 00:00,-290.72529134,9709.27470866,290.72529134,2.9072529134
1656273600000,2022-06-27 04:00,-290.72529134,9709.27470866,290.72529134,2.9072529134
1656288000000,2022-06-27 08:00,-290.72529134,9709.27470866,290.72529134,2.9072529134
1656302400000,2022-06-27 12:00,-290.72529134,9709.27470866,290.72529134,2.9072529134
1656316800000,2022-06-27 16:00,-290.72529134,9709.27470866,290.72529134,2.9072529134
1656331200000,2022-06-27 20:00,-290.72529134,9709.27470866,290.72529134,2.9072529134
1656345600000,2022-06-28 00:00,-290.72529134,9709.27470866,290.72529134,2.9072529134
1656360000000,2022-06-28 04:00,-290.72529134,9709.27470866,290.72529134,2.9072529134
1656374400000,2022-06-28 08:00,-290.72529134,9709.27470866,290.72529134,2.9072529134
1656388800000,2022-06-28 12:00,-290.72529134,9709.27470866,290.72529134,2.9072529134
1656403200000,2022-06-28 16:00,-290.72529134,9709.27470866,290.72529134,2.9072529134
1656417600000,2022-06-28 20:00,-290.72529134,9709.27470866,290.72529134,2.9072529134
1656432000000,2022-06-29 00:00,-290.72529134,9709.27470866,290.72529134,2.9072529134
1656446400000,2022-06-29 04:00,-290.72529134,9709.27470866,290.72529134,2.9072529134
1656460800000,2022-06-29 08:00,-290.72529134,9709.27470866,290.72529134,2.9072529134
1656475200000,2022-06-29 12:00,-290.72529134,9709.27470866,290.72529134,2.9072529134
1656489600000,2022-06-29 16:00,-290.72529134,9709.27470866,290.72529134,2.9072529134
1656504000000,2022-06-29 20:00,-290.72529134,9709.27470866,290.72529134,2.9072529134
1656518400000,2022-06-30 00:00,-290.72529134,9709.27470866,290.72529134,2.9072529134
1656532800000,2022-06-30 04:00,-290.72529134,9709.27470866,290.72529134,2.9072529134
1656547200000,2022-06-30 08:00,-290.72529134,9709.27470866,290.72529134,2.9072529134
1656561600000,2022-06-30 12:00,-290.72529134,9709.27470866,290.72529134,2.9072529134
1656576000000,2022-06-30 16:00,-290.72529134,9709.27470866,290.72529134,2.9072529134
1656590400000,2022-06-30 20:00,-290.72529134,9709.27470866,290.72529134,2.9072529134
1656604800000,2022-07-01 00:00,-290.72529134,9709.27470866,290.72529134,2.9072529134
1656619200000,2022-07-01 04:00,-290.72529134,9709.27470866,290.72529134,2.9072529134
1656633600000,2022-07-01 08:00,-290.72529134,9709.27470866,290.72529134,2.9072529134
1656648000000,2022-07-01 12:00,-290.72529134,9709.27470866,290.72529134,2.9072529134
1656662400000,2022-07-01 16:00,-290.72529134,9709.27470866,290.72529134,2.9072529134
1656676800000,2022-07-01 20:00,-290.72529134,9709.27470866,290.72529134,2.9072529134
1656691200000,2022-07-02 00:00,-290.72529134,9709.27470866,290.72529134,2.9072529134
1656705600000,2022-07-02 04:00,-290.72529134,9709.27470866,290.72529134,2.9072529134
1656720000000,2022-07-02 08:00,-290.72529134,9709.27470866,290.72529134,2.9072529134
1656734400000,2022-07-02 12:00,-290.72529134,9709.27470866,290.72529134,2.9072529134
1656748800000,2022-07-02 16:00,-290.72529134,9709.27470866,290.72529134,2.9072529134
1656763200000,2022-07-02 20:00,-290.72529134,9709.27470866,290.72529134,2.9072529134
1656777600000,2022-07-03 00:00,-290.72529134,9709.27470866,290.72529134,2.9072529134
1656792000000,2022-07-03 04:00,-290.72529134,9709.27470866,290.72529134,2.9072529134
1656806400000,2022-07-03 08:00,-290.72529134,9709.27470866,290.72529134,2.9072529134
1656820800000,2022-07-03 12:00,-290.72529134,9709.27470866,290.72529134,2.9072529134
1656835200000,2022-07-03 16:00,-290.72529134,9709.27470866,290.72529134,2.9072529134
1656849600000,2022-07-03 20:00,-290.72529134,9709.27470866,290.72529134,2.9072529134
1656864000000,2022-07-04 00:00,-290.72529134,9709.27470866,290.72529134,2.9072529134
1656878400000,2022-07-04 04:00,-290.72529134,9709.27470866,290.72529134,2.9072529134
1656892800000,2022-07-04 08:00,-290.72529134,9709.27470866,290.72529134,2.9072529134
1656907200000,2022-07-04 12:00,-290.72529134,9709.27470866,290.72529134,2.9072529134
1656921600000,2022-07-04 16:00,-290.72529134,9709.27470866,290.72529134,2.9072529134
1656936000000,2022-07-04 20:00,-290.72529134,9709.27470866,290.72529134,2.9072529134
1656950400000,2022-07-05 00:00,-290.72529134,9709.27470866,290.72529134,2.9072529134
1656964800000,2022-07-05 04:00,-290.72529134,9709.27470866,290.72529134,2.9072529134
1656979200000,2022-07-05 08:00,-290.72529134,9709.27470866,290.72529134,2.9072529134
1656993600000,2022-07-05 12:00,-290.72529134,9709.27470866,290.72529134,2.9072529134
1657008000000,2022-07-05 16:00,-290.72529134,9709.27470866,290.72529134,2.9072529134
1657022400000,2022-07-05 20:00,-290.72529134,9709.27470866,290.72529134,2.9072529134
1657036800000,2022-07-06 00:00,-290.72529134,9709.27470866,290.72529134,2.9072529134
1657051200000,2022-07-06 04:00,-290.72529134,9709.27470866,290.72529134,2.9072529134
1657065600000,2022-07-06 08:00,-290.72529134,9709.27470866,290.72529134,2.9072529134
1657080000000,2022-07-06 12:00,-290.72529134,9709.27470866,290.72529134,2.9072529134
1657094400000,2022-07-06 16:00,-290.72529134,9709.27470866,290.72529134,2.9072529134
1657108800000,2022-07-06 20:00,-290.72529134,9709.27470866,290.72529134,2.9072529134
1657123200000,2022-07-07 00:00,-290.72529134,9709.27470866,290.72529134,2.9072529134
1657137600000,2022-07-07 04:00,-290.72529134,9709.27470866,290.72529134,2.9072529134
1657152000000,2022-07-07 08:00,-290.72529134,9709.27470866,290.72529134,2.9072529134
1657166400000,2022-07-07 12:00,-290.72529134,9709.27470866,290.72529134,2.9072529134
1657180800000,2022-07-07 16:00,-290.72529134,9709.27470866,290.72529134,2.9072529134
1657195200000,2022-07-07 20:00,-290.72529134,9709.27470866,290.72529134,2.9072529134
1657209600000,2022-07-08 00:00,-290.72529134,9709.27470866,290.72529134,2.9072529134
1657224000000,2022-07-08 04:00,-290.72529134,9709.27470866,290.72529134,2.9072529134
1657238400000,2022-07-08 08:00,-290.72529134,9709.27470866,290.72529134,2.9072529134
1657252800000,2022-07-08 12:00,-290.72529134,9709.27470866,290.72529134,2.9072529134
1657267200000,2022-07-08 16:00,-290.72529134,9709.27470866,290.72529134,2.9072529134
1657281600000,2022-07-08 20:00,-290.72529134,9709.27470866,290.72529134,2.9072529134
1657296000000,2022-07-09 00:00,-290.72529134,9709.27470866,290.72529134,2.9072529134
1657310400000,2022-07-09 04:00,-290.72529134,9709.27470866,290.72529134,2.9072529134
1657324800000,2022-07-09 08:00,-290.72529134,9709.27470866,290.72529134,2.9072529134
1657339200000,2022-07-09 12:00,-290.72529134,9709.27470866,290.72529134,2.9072529134
1657353600000,2022-07-09 16:00,-290.72529134,9709.27470866,290.72529134,2.9072529134
1657368000000,2022-07-09 20:00,-290.72529134,9709.27470866,290.72529134,2.9072529134
1657382400000,2022-07-10 00:00,-290.72529134,9709.27470866,290.72529134,2.9072529134
1657396800000,2022-07-10 04:00,-290.72529134,9709.27470866,290.72529134,2.9072529134
1657411200000,2022-07-10 08:00,-290.72529134,9709.27470866,290.72529134,2.9072529134
1657425600000,2022-07-10 12:00,-290.72529134,9709.27470866,290.72529134,2.9072529134
1657440000000,2022-07-10 16:00,-290.72529134,9709.27470866,290.72529134,2.9072529134
1657454400000,2022-07-10 20:00,-290.72529134,9709.27470866,290.72529134,2.9072529134
1657468800000,2022-07-11 00:00,-290.72529134,9709.27470866,290.72529134,2.9072529134
1657483200000,2022-07-11 04:00,-290.72529134,9709.27470866,290.72529134,2.9072529134
1657497600000,2022-07-11 08:00,-290.72529134,9709.27470866,290.72529134,2.9072529134
1657512000000,2022-07-11 12:00,-290.72529134,9709.27470866,290.72529134,2.9072529134
1657526400000,2022-07-11 16:00,-290.72529134,9709.27470866,290.72529134,2.9072529134
1657540800000,2022-07-11 20:00,-290.72529134,9709.27470866,290.72529134,2.9072529134
1657555200000,2022-07-12 00:00,-290.72529134,9709.27470866,290.72529134,2.9072529134
1657569600000,2022-07-12 04:00,-290.72529134,9709.27470866,290.72529134,2.9072529134
1657584000000,2022-07-12 08:00,-290.72529134,9709.27470866,290.72529134,2.9072529134
1657598400000,2022-07-12 12:00,-290.72529134,9709.27470866,290.72529134,2.9072529134
1657612800000,2022-07-12 16:00,-290.72529134,9709.27470866,290.72529134,2.9072529134
1657627200000,2022-07-12 20:00,-290.72529134,9709.27470866,290.72529134,2.9072529134
1657641600000,2022-07-13 00:00,-290.72529134,9709.27470866,290.72529134,2.9072529134
1657656000000,2022-07-13 04:00,-290.72529134,9709.27470866,290.72529134,2.9072529134
1657670400000,2022-07-13 08:00,-290.72529134,9709.27470866,290.72529134,2.9072529134
1657684800000,2022-07-13 12:00,-290.72529134,9709.27470866,290.72529134,2.9072529134
1657699200000,2022-07-13 16:00,-290.72529134,9709.27470866,290.72529134,2.9072529134
1657713600000,2022-07-13 20:00,-290.72529134,9709.27470866,290.72529134,2.9072529134
1657728000000,2022-07-14 00:00,-391.22288468,9608.77711532,391.22288468,3.9122288468
1657742400000,2022-07-14 04:00,-391.22288468,9608.77711532,391.22288468,3.9122288468
1657756800000,2022-07-14 08:00,-391.22288468,9608.77711532,391.22288468,3.9122288468
1657771200000,2022-07-14 12:00,-391.22288468,9608.77711532,391.22288468,3.9122288468
1657785600000,2022-07-14 16:00,-391.22288468,9608.77711532,391.22288468,3.9122288468
1657800000000,2022-07-14 20:00,-391.22288468,9608.77711532,391.22288468,3.9122288468
1657814400000,2022-07-15 00:00,-391.22288468,9608.77711532,391.22288468,3.9122288468
1657828800000,2022-07-15 04:00,-391.22288468,9608.77711532,391.22288468,3.9122288468
1657843200000,2022-07-15 08:00,-391.22288468,9608.77711532,391.22288468,3.9122288468
1657857600000,2022-07-15 12:00,-391.22288468,9608.77711532,391.22288468,3.9122288468
1657872000000,2022-07-15 16:00,-391.22288468,9608.77711532,391.22288468,3.9122288468
1657886400000,2022-07-15 20:00,-391.22288468,9608.77711532,391.22288468,3.9122288468
1657900800000,2022-07-16 00:00,-391.22288468,9608.77711532,391.22288468,3.9122288468
1657915200000,2022-07-16 04:00,-391.22288468,9608.77711532,391.22288468,3.9122288468
1657929600000,2022-07-16 08:00,-391.22288468,9608.77711532,391.22288468,3.9122288468
1657944000000,2022-07-16 12:00,-391.22288468,9608.77711532,391.22288468,3.9122288468
1657958400000,2022-07-16 16:00,-391.22288468,9608.77711532,391.22288468,3.9122288468
1657972800000,2022-07-16 20:00,-391.22288468,9608.77711532,391.22288468,3.9122288468
1657987200000,2022-07-17 00:00,-391.22288468,9608.77711532,391.22288468,3.9122288468
1658001600000,2022-07-17 04:00,-391.22288468,9608.77711532,391.22288468,3.9122288468
1658016000000,2022-07-17 08:00,-391.22288468,9608.77711532,391.22288468,3.9122288468
1658030400000,2022-07-17 12:00,-391.22288468,9608.77711532,391.22288468,3.9122288468
1658044800000,2022-07-17 16:00,-391.22288468,9608.77711532,391.22288468,3.9122288468
1658059200000,2022-07-17 20:00,-391.22288468,9608.77711532,391.22288468,3.9122288468
1658073600000,2022-07-18 00:00,-391.22288468,9608.77711532,391.22288468,3.9122288468
1658088000000,2022-07-18 04:00,-391.22288468,9608.77711532,391.22288468,3.9122288468
1658102400000,2022-07-18 08:00,-391.22288468,9608.77711532,391.22288468,3.9122288468
1658116800000,2022-07-18 12:00,-391.22288468,9608.77711532,391.22288468,3.9122288468
1658131200000,2022-07-18 16:00,-391.22288468,9608.77711532,391.22288468,3.9122288468
1658145600000,2022-07-18 20:00,-391.22288468,9608.77711532,391.22288468,3.9122288468
1658160000000,2022-07-19 00:00,-391.22288468,9608.77711532,391.22288468,3.9122288468
1658174400000,2022-07-19 04:00,-391.22288468,9608.77711532,391.22288468,3.9122288468
1658188800000,2022-07-19 08:00,-391.22288468,9608.77711532,391.22288468,3.9122288468
1658203200000,2022-07-19 12:00,-391.22288468,9608.77711532,391.22288468,3.9122288468
1658217600000,2022-07-19 16:00,-391.22288468,9608.77711532,391.22288468,3.9122288468
1658232000000,2022-07-19 20:00,-391.22288468,9608.77711532,391.22288468,3.9122288468
1658246400000,2022-07-20 00:00,-391.22288468,9608.77711532,391.22288468,3.9122288468
1658260800000,2022-07-20 04:00,-391.22288468,9608.77711532,391.22288468,3.9122288468
1658275200000,2022-07-20 08:00,-391.22288468,9608.77711532,391.22288468,3.9122288468
1658289600000,2022-07-20 12:00,-391.22288468,9608.77711532,391.22288468,3.9122288468
1658304000000,2022-07-20 16:00,-391.22288468,9608.77711532,391.22288468,3.9122288468
1658318400000,2022-07-20 20:00,-391.22288468,9608.77711532,391.22288468,3.9122288468
1658332800000,2022-07-21 00:00,-391.22288468,9608.77711532,391.22288468,3.9122288468
1658347200000,2022-07-21 04:00,-391.22288468,9608.77711532,391.22288468,3.9122288468
1658361600000,2022-07-21 08:00,-391.22288468,9608.77711532,391.22288468,3.9122288468
1658376000000,2022-07-21 12:00,-391.22288468,9608.77711532,391.22288468,3.9122288468
1658390400000,2022-07-21 16:00,-391.22288468,9608.77711532,391.22288468,3.9122288468
1658404800000,2022-07-21 20:00,-391.22288468,9608.77711532,391.22288468,3.9122288468
1658419200000,2022-07-22 00:00,-391.22288468,9608.77711532,391.22288468,3.9122288468
1658433600000,2022-07-22 04:00,-391.22288468,9608.77711532,391.22288468,3.9122288468
1658448000000,2022-07-22 08:00,-391.22288468,9608.77711532,391.22288468,3.9122288468
1658462400000,2022-07-22 12:00,-391.22288468,9608.77711532,391.22288468,3.9122288468
1658476800000,2022-07-22 16:00,-391.22288468,9608.77711532,391.22288468,3.9122288468
1658491200000,2022-07-22 20:00,-391.22288468,9608.77711532,391.22288468,3.9122288468
1658505600000,2022-07-23 00:00,-391.22288468,9608.77711532,391.22288468,3.9122288468
1658520000000,2022-07-23 04:00,-391.22288468,9608.77711532,391.22288468,3.9122288468
1658534400000,2022-07-23 08:00,-391.22288468,9608.77711532,391.22288468,3.9122288468
1658548800000,2022-07-23 12:00,-391.22288468,9608.77711532,391.22288468,3.9122288468
1658563200000,2022-07-23 16:00,-391.22288468,9608.77711532,391.22288468,3.9122288468
1658577600000,2022-07-23 20:00,-391.22288468,9608.77711532,391.22288468,3.9122288468
1658592000000,2022-07-24 00:00,-391.22288468,9608.77711532,391.22288468,3.9122288468
1658606400000,2022-07-24 04:00,-391.22288468,9608.77711532,391.22288468,3.9122288468
1658620800000,2022-07-24 08:00,-391.22288468,9608.77711532,391.22288468,3.9122288468
1658635200000,2022-07-24 12:00,-391.22288468,9608.77711532,391.22288468,3.9122288468
1658649600000,2022-07-24 16:00,-391.22288468,9608.77711532,391.22288468,3.9122288468
1658664000000,2022-07-24 20:00,-391.22288468,9608.77711532,391.22288468,3.9122288468
1658678400000,2022-07-25 00:00,-391.22288468,9608.77711532,391.22288468,3.9122288468
1658692800000,2022-07-25 04:00,-391.22288468,9608.77711532,391.22288468,3.9122288468
1658707200000,2022-07-25 08:00,-391.22288468,9608.77711532,391.22288468,3.9122288468
1658721600000,2022-07-25 12:00,-391.22288468,9608.77711532,391.22288468,3.9122288468
1658736000000,2022-07-25 16:00,-391.22288468,9608.77711532,391.22288468,3.9122288468
1658750400000,2022-07-25 20:00,-391.22288468,9608.77711532,391.22288468,3.9122288468
1658764800000,2022-07-26 00:00,-391.22288468,9608.77711532,391.22288468,3.9122288468
1658779200000,2022-07-26 04:00,-391.22288468,9608.77711532,391.22288468,3.9122288468
1658793600000,2022-07-26 08:00,-391.22288468,9608.77711532,391.22288468,3.9122288468
1658808000000,2022-07-26 12:00,-391.22288468,9608.77711532,391.22288468,3.9122288468
1658822400000,2022-07-26 16:00,-391.22288468,9608.77711532,391.22288468,3.9122288468
1658836800000,2022-07-26 20:00,-391.22288468,9608.77711532,391.22288468,3.9122288468
1658851200000,2022-07-27 00:00,-391.22288468,9608.77711532,391.22288468,3.9122288468
1658865600000,2022-07-27 04:00,-391.22288468,9608.77711532,391.22288468,3.9122288468
1658880000000,2022-07-27 08:00,-391.22288468,9608.77711532,391.22288468,3.9122288468
1658894400000,2022-07-27 12:00,-391.22288468,9608.77711532,391.22288468,3.9122288468
1658908800000,2022-07-27 16:00,-391.22288468,9608.77711532,391.22288468,3.9122288468
1658923200000,2022-07-27 20:00,-391.22288468,9608.77711532,391.22288468,3.9122288468
1658937600000,2022-07-28 00:00,-491.15756708,9508.84243292,491.15756708,4.9115756708
1658952000000,2022-07-28 04:00,-491.15756708,9508.84243292,491.15756708,4.9115756708
1658966400000,2022-07-28 08:00,-491.15756708,9508.84243292,491.15756708,4.9115756708
1658980800000,2022-07-28 12:00,-491.15756708,9508.84243292,491.15756708,4.9115756708
1658995200000,2022-07-28 16:00,-491.15756708,9508.84243292,491.15756708,4.9115756708
1659009600000,2022-07-28 20:00,-491.15756708,9508.84243292,491.15756708,4.9115756708
1659024000000,2022-07-29 00:00,-491.15756708,9508.84243292,491.15756708,4.9115756708
1659038400000,2022-07-29 04:00,-491.15756708,9508.84243292,491.15756708,4.9115756708
1659052800000,2022-07-29 08:00,-491.15756708,9508.84243292,491.15756708,4.9115756708
1659067200000,2022-07-29 12:00,-491.15756708,9508.84243292,491.15756708,4.9115756708
1659081600000,2022-07-29 16:00,-491.15756708,9508.84243292,491.15756708,4.9115756708
1659096000000,2022-07-29 20:00,-491.15756708,9508.84243292,491.15756708,4.9115756708
1659110400000,2022-07-30 00:00,-491.15756708,9508.84243292,491.15756708,4.9115756708
1659124800000,2022-07-30 04:00,-491.15756708,9508.84243292,491.15756708,4.9115756708
1659139200000,2022-07-30 08:00,-491.15756708,9508.84243292,491.15756708,4.9115756708
1659153600000,2022-07-30 12:00,-491.15756708,9508.84243292,491.15756708,4.9115756708
1659168000000,2022-07-30 16:00,-491.15756708,9508.84243292,491.15756708,4.9115756708
1659182400000,2022-07-30 20:00,-491.15756708,9508.84243292,491.15756708,4.9115756708
1659196800000,2022-07-31 00:00,-491.15756708,9508.84243292,491.15756708,4.9115756708
1659211200000,2022-07-31 04:00,-491.15756708,9508.84243292,491.15756708,4.9115756708
1659225600000,2022-07-31 08:00,-491.15756708,9508.84243292,491.15756708,4.9115756708
1659240000000,2022-07-31 12:00,-491.15756708,9508.84243292,491.15756708,4.9115756708
1659254400000,2022-07-31 16:00,-491.15756708,9508.84243292,491.15756708,4.9115756708
1659268800000,2022-07-31 20:00,-491.15756708,9508.84243292,491.15756708,4.9115756708
1659283200000,2022-08-01 00:00,-491.15756708,9508.84243292,491.15756708,4.9115756708
1659297600000,2022-08-01 04:00,-491.15756708,9508.84243292,491.15756708,4.9115756708
1659312000000,2022-08-01 08:00,-491.15756708,9508.84243292,491.15756708,4.9115756708
1659326400000,2022-08-01 12:00,-491.15756708,9508.84243292,491.15756708,4.9115756708
1659340800000,2022-08-01 16:00,-491.15756708,9508.84243292,491.15756708,4.9115756708
1659355200000,2022-08-01 20:00,-491.15756708,9508.84243292,491.15756708,4.9115756708
1659369600000,2022-08-02 00:00,-491.15756708,9508.84243292,491.15756708,4.9115756708
1659384000000,2022-08-02 04:00,-491.15756708,9508.84243292,491.15756708,4.9115756708
1659398400000,2022-08-02 08:00,-491.15756708,9508.84243292,491.15756708,4.9115756708
1659412800000,2022-08-02 12:00,-491.15756708,9508.84243292,491.15756708,4.9115756708
1659427200000,2022-08-02 16:00,-491.15756708,9508.84243292,491.15756708,4.9115756708
1659441600000,2022-08-02 20:00,-491.15756708,9508.84243292,491.15756708,4.9115756708
1659456000000,2022-08-03 00:00,-491.15756708,9508.84243292,491.15756708,4.9115756708
1659470400000,2022-08-03 04:00,-491.15756708,9508.84243292,491.15756708,4.9115756708
1659484800000,2022-08-03 08:00,-491.15756708,9508.84243292,491.15756708,4.9115756708
1659499200000,2022-08-03 12:00,-491.15756708,9508.84243292,491.15756708,4.9115756708
1659513600000,2022-08-03 16:00,-491.15756708,9508.84243292,491.15756708,4.9115756708
1659528000000,2022-08-03 20:00,-491.15756708,9508.84243292,491.15756708,4.9115756708
1659542400000,2022-08-04 00:00,-491.15756708,9508.84243292,491.15756708,4.9115756708
1659556800000,2022-08-04 04:00,-491.15756708,9508.84243292,491.15756708,4.9115756708
1659571200000,2022-08-04 08:00,-491.15756708,9508.84243292,491.15756708,4.9115756708
1659585600000,2022-08-04 12:00,-491.15756708,9508.84243292,491.15756708,4.9115756708
1659600000000,2022-08-04 16:00,-491.15756708,9508.84243292,491.15756708,4.9115756708
1659614400000,2022-08-04 20:00,-491.15756708,9508.84243292,491.15756708,4.9115756708
1659628800000,2022-08-05 00:00,-491.15756708,9508.84243292,491.15756708,4.9115756708
1659643200000,2022-08-05 04:00,-491.15756708,9508.84243292,491.15756708,4.9115756708
1659657600000,2022-08-05 08:00,-490.2704774,9509.7295226,490.2704774,4.902704774
1659672000000,2022-08-05 12:00,-490.2704774,9509.7295226,490.2704774,4.902704774
1659686400000,2022-08-05 16:00,-490.2704774,9509.7295226,490.2704774,4.902704774
1659700800000,2022-08-05 20:00,-490.2704774,9509.7295226,490.2704774,4.902704774
1659715200000,2022-08-06 00:00,-490.2704774,9509.7295226,490.2704774,4.902704774
1659729600000,2022-08-06 04:00,-490.2704774,9509.7295226,490.2704774,4.902704774
1659744000000,2022-08-06 08:00,-490.2704774,9509.7295226,490.2704774,4.902704774
1659758400000,2022-08-06 12:00,-490.2704774,9509.7295226,490.2704774,4.902704774
1659772800000,2022-08-06 16:00,-490.2704774,9509.7295226,490.2704774,4.902704774
1659787200000,2022-08-06 20:00,-490.2704774,9509.7295226,490.2704774,4.902704774
1659801600000,2022-08-07 00:00,-490.2704774,9509.7295226,490.2704774,4.902704774
1659816000000,2022-08-07 04:00,-490.2704774,9509.7295226,490.2704774,4.902704774
1659830400000,2022-08-07 08:00,-490.2704774,9509.7295226,490.2704774,4.902704774
1659844800000,2022-08-07 12:00,-490.2704774,9509.7295226,490.2704774,4.902704774
1659859200000,2022-08-07 16:00,-490.2704774,9509.7295226,490.2704774,4.902704774
1659873600000,2022-08-07 20:00,-490.2704774,9509.7295226,490.2704774,4.902704774
1659888000000,2022-08-08 00:00,-490.2704774,9509.7295226,490.2704774,4.902704774
1659902400000,2022-08-08 04:00,-490.2704774,9509.7295226,490.2704774,4.902704774
1659916800000,2022-08-08 08:00,-490.2704774,9509.7295226,490.2704774,4.902704774
1659931200000,2022-08-08 12:00,-490.2704774,9509.7295226,490.2704774,4.902704774
1659945600000,2022-08-08 16:00,-490.2704774,9509.7295226,490.2704774,4.902704774
1659960000000,2022-08-08 20:00,-490.2704774,9509.7295226,490.2704774,4.902704774
1659974400000,2022-08-09 00:00,-490.2704774,9509.7295226,490.2704774,4.902704774
1659988800000,2022-08-09 04:00,-490.2704774,9509.7295226,490.2704774,4.902704774
1660003200000,2022-08-09 08:00,-490.2704774,9509.7295226,490.2704774,4.902704774
1660017600000,2022-08-09 12:00,-490.2704774,9509.7295226,490.2704774,4.902704774
1660032000000,2022-08-09 16:00,-490.2704774,9509.7295226,490.2704774,4.902704774
1660046400000,2022-08-09 20:00,-490.2704774,9509.7295226,490.2704774,4.902704774
1660060800000,2022-08-10 00:00,-490.2704774,9509.7295226,490.2704774,4.902704774
1660075200000,2022-08-10 04:00,-490.2704774,9509.7295226,490.2704774,4.902704774
1660089600000,2022-08-10 08:00,-490.2704774,9509.7295226,490.2704774,4.902704774
1660104000000,2022-08-10 12:00,-490.2704774,9509.7295226,490.2704774,4.902704774
1660118400000,2022-08-10 16:00,-490.2704774,9509.7295226,490.2704774,4.902704774
1660132800000,2022-08-10 20:00,-490.2704774,9509.7295226,490.2704774,4.902704774
1660147200000,2022-08-11 00:00,-490.2704774,9509.7295226,490.2704774,4.902704774
1660161600000,2022-08-11 04:00,-490.2704774,9509.7295226,490.2704774,4.902704774
1660176000000,2022-08-11 08:00,-490.2704774,9509.7295226,490.2704774,4.902704774
1660190400000,2022-08-11 12:00,-490.2704774,9509.7295226,490.2704774,4.902704774
1660204800000,2022-08-11 16:00,-490.2704774,9509.7295226,490.2704774,4.902704774
1660219200000,2022-08-11 20:00,-490.2704774,9509.7295226,490.2704774,4.902704774
1660233600000,2022-08-12 00:00,-490.2704774,9509.7295226,490.2704774,4.902704774
1660248000000,2022-08-12 04:00,-490.2704774,9509.7295226,490.2704774,4.902704774
1660262400000,2022-08-12 08:00,-490.2704774,9509.7295226,490.2704774,4.902704774
1660276800000,2022-08-12 12:00,-490.2704774,9509.7295226,490.2704774,4.902704774
1660291200000,2022-08-12 16:00,-490.2704774,9509.7295226,490.2704774,4.902704774
1660305600000,2022-08-12 20:00,-490.2704774,9509.7295226,490.2704774,4.902704774
1660320000000,2022-08-13 00:00,-490.2704774,9509.7295226,490.2704774,4.902704774
1660334400000,2022-08-13 04:00,-490.2704774,9509.7295226,490.2704774,4.902704774
1660348800000,2022-08-13 08:00,-490.2704774,9509.7295226,490.2704774,4.902704774
1660363200000,2022-08-13 12:00,-490.2704774,9509.7295226,490.2704774,4.902704774
1660377600000,2022-08-13 16:00,-490.2704774,9509.7295226,490.2704774,4.902704774
1660392000000,2022-08-13 20:00,-490.2704774,9509.7295226,490.2704774,4.902704774
1660406400000,2022-08-14 00:00,-490.2704774,9509.7295226,490.2704774,4.902704774
1660420800000,2022-08-14 04:00,-490.2704774,9509.7295226,490.2704774,4.902704774
1660435200000,2022-08-14 08:00,-490.2704774,9509.7295226,490.2704774,4.902704774
1660449600000,2022-08-14 12:00,-490.2704774,9509.7295226,490.2704774,4.902704774
1660464000000,2022-08-14 16:00,-490.2704774,9509.7295226,490.2704774,4.902704774
1660478400000,2022-08-14 20:00,-490.2704774,9509.7295226,490.2704774,4.902704774
1660492800000,2022-08-15 00:00,-490.2704774,9509.7295226,490.2704774,4.902704774
1660507200000,2022-08-15 04:00,-490.2704774,9509.7295226,490.2704774,4.902704774
1660521600000,2022-08-15 08:00,-490.2704774,9509.7295226,490.2704774,4.902704774
1660536000000,2022-08-15 12:00,-490.2704774,9509.7295226,490.2704774,4.902704774
1660550400000,2022-08-15 16:00,-490.2704774,9509.7295226,490.2704774,4.902704774
1660564800000,2022-08-15 20:00,-490.2704774,9509.7295226,490.2704774,4.902704774
1660579200000,2022-08-16 00:00,-490.2704774,9509.7295226,490.2704774,4.902704774
1660593600000,2022-08-16 04:00,-490.2704774,9509.7295226,490.2704774,4.902704774
1660608000000,2022-08-16 08:00,-490.2704774,9509.7295226,490.2704774,4.902704774
1660622400000,2022-08-16 12:00,-490.2704774,9509.7295226,490.2704774,4.902704774
1660636800000,2022-08-16 16:00,-490.2704774,9509.7295226,490.2704774,4.902704774
1660651200000,2022-08-16 20:00,-490.2704774,9509.7295226,490.2704774,4.902704774
1660665600000,2022-08-17 00:00,-490.2704774,9509.7295226,490.2704774,4.902704774
1660680000000,2022-08-17 04:00,-490.2704774,9509.7295226,490.2704774,4.902704774
1660694400000,2022-08-17 08:00,-490.2704774,9509.7295226,490.2704774,4.902704774
1660708800000,2022-08-17 12:00,-490.2704774,9509.7295226,490.2704774,4.902704774
1660723200000,2022-08-17 16:00,-490.2704774,9509.7295226,490.2704774,4.902704774
1660737600000,2022-08-17 20:00,-490.2704774,9509.7295226,490.2704774,4.902704774
1660752000000,2022-08-18 00:00,-490.2704774,9509.7295226,490.2704774,4.902704774
1660766400000,2022-08-18 04:00,-490.2704774,9509.7295226,490.2704774,4.902704774
1660780800000,2022-08-18 08:00,-490.2704774,9509.7295226,490.2704774,4.902704774
1660795200000,2022-08-18 12:00,-490.2704774,9509.7295226,490.2704774,4.902704774
1660809600000,2022-08-18 16:00,-490.2704774,9509.7295226,490.2704774,4.902704774
1660824000000,2022-08-18 20:00,-490.2704774,9509.7295226,490.2704774,4.902704774
1660838400000,2022-08-19 00:00,-490.2704774,9509.7295226,490.2704774,4.902704774
1660852800000,2022-08-19 04:00,-490.2704774,9509.7295226,490.2704774,4.902704774
1660867200000,2022-08-19 08:00,-490.2704774,9509.7295226,490.2704774,4.902704774
1660881600000,2022-08-19 12:00,-490.2704774,9509.7295226,490.2704774,4.902704774
1660896000000,2022-08-19 16:00,-490.2704774,9509.7295226,490.2704774,4.902704774
1660910400000,2022-08-19 20:00,-490.2704774,9509.7295226,490.2704774,4.902704774
1660924800000,2022-08-20 00:00,-490.2704774,9509.7295226,490.2704774,4.902704774
1660939200000,2022-08-20 04:00,-490.2704774,9509.7295226,490.2704774,4.902704774
1660953600000,2022-08-20 08:00,-490.2704774,9509.7295226,490.2704774,4.902704774
1660968000000,2022-08-20 12:00,-490.2704774,9509.7295226,490.2704774,4.902704774
1660982400000,2022-08-20 16:00,-490.2704774,9509.7295226,490.2704774,4.902704774
1660996800000,2022-08-20 20:00,-490.2704774,9509.7295226,490.2704774,4.902704774
1661011200000,2022-08-21 00:00,-490.2704774,9509.7295226,490.2704774,4.902704774
1661025600000,2022-08-21 04:00,-490.2704774,9509.7295226,490.2704774,4.902704774
1661040000000,2022-08-21 08:00,-490.2704774,9509.7295226,490.2704774,4.902704774
1661054400000,2022-08-21 12:00,-490.2704774,9509.7295226,490.2704774,4.902704774
1661068800000,2022-08-21 16:00,-490.2704774,9509.7295226,490.2704774,4.902704774
1661083200000,2022-08-21 20:00,-490.2704774,9509.7295226,490.2704774,4.902704774
1661097600000,2022-08-22 00:00,-490.2704774,9509.7295226,490.2704774,4.902704774
1661112000000,2022-08-22 04:00,-490.2704774,9509.7295226,490.2704774,4.902704774
1661126400000,2022-08-22 08:00,-490.2704774,9509.7295226,490.2704774,4.902704774
1661140800000,2022-08-22 12:00,-490.2704774,9509.7295226,490.2704774,4.902704774
1661155200000,2022-08-22 16:00,-490.2704774,9509.7295226,490.2704774,4.902704774
1661169600000,2022-08-22 20:00,-490.2704774,9509.7295226,490.2704774,4.902704774
1661184000000,2022-08-23 00:00,-490.2704774,9509.7295226,490.2704774,4.902704774
1661198400000,2022-08-23 04:00,-490.2704774,9509.7295226,490.2704774,4.902704774
1661212800000,2022-08-23 08:00,-490.2704774,9509.7295226,490.2704774,4.902704774
1661227200000,2022-08-23 12:00,-490.2704774,9509.7295226,490.2704774,4.902704774
1661241600000,2022-08-23 16:00,-490.2704774,9509.7295226,490.2704774,4.902704774
1661256000000,2022-08-23 20:00,-490.2704774,9509.7295226,490.2704774,4.902704774
1661270400000,2022-08-24 00:00,-490.2704774,9509.7295226,490.2704774,4.902704774
1661284800000,2022-08-24 04:00,-490.2704774,9509.7295226,490.2704774,4.902704774
1661299200000,2022-08-24 08:00,-490.2704774,9509.7295226,490.2704774,4.902704774
1661313600000,2022-08-24 12:00,-490.2704774,9509.7295226,490.2704774,4.902704774
1661328000000,2022-08-24 16:00,-490.2704774,9509.7295226,490.2704774,4.902704774
1661342400000,2022-08-24 20:00,-490.2704774,9509.7295226,490.2704774,4.902704774
1661356800000,2022-08-25 00:00,-490.2704774,9509.7295226,490.2704774,4.902704774
1661371200000,2022-08-25 04:00,-490.2704774,9509.7295226,490.2704774,4.902704774
1661385600000,2022-08-25 08:00,-490.2704774,9509.7295226,490.2704774,4.902704774
1661400000000,2022-08-25 12:00,-490.2704774,9509.7295226,490.2704774,4.902704774
1661414400000,2022-08-25 16:00,-490.2704774,9509.7295226,490.2704774,4.902704774
1661428800000,2022-08-25 20:00,-490.2704774,9509.7295226,490.2704774,4.902704774
1661443200000,2022-08-26 00:00,-490.2704774,9509.7295226,490.2704774,4.902704774
1661457600000,2022-08-26 04:00,-490.2704774,9509.7295226,490.2704774,4.902704774
1661472000000,2022-08-26 08:00,-490.2704774,9509.7295226,490.2704774,4.902704774
1661486400000,2022-08-26 12:00,-490.2704774,9509.7295226,490.2704774,4.902704774
1661500800000,2022-08-26 16:00,-490.2704774,9509.7295226,490.2704774,4.902704774
1661515200000,2022-08-26 20:00,-490.2704774,9509.7295226,490.2704774,4.902704774
1661529600000,2022-08-27 00:00,-490.2704774,9509.7295226,490.2704774,4.902704774
1661544000000,2022-08-27 04:00,-490.2704774,9509.7295226,490.2704774,4.902704774
1661558400000,2022-08-27 08:00,-490.2704774,9509.7295226,490.2704774,4.902704774
1661572800000,2022-08-27 12:00,-490.2704774,9509.7295226,490.2704774,4.902704774
1661587200000,2022-08-27 16:00,-490.2704774,9509.7295226,490.2704774,4.902704774
1661601600000,2022-08-27 20:00,-490.2704774,9509.7295226,490.2704774,4.902704774
1661616000000,2022-08-28 00:00,-490.2704774,9509.7295226,490.2704774,4.902704774
1661630400000,2022-08-28 04:00,-490.2704774,9509.7295226,490.2704774,4.902704774
1661644800000,2022-08-28 08:00,-490.2704774,9509.7295226,490.2704774,4.902704774
1661659200000,2022-08-28 12:00,-490.2704774,9509.7295226,490.2704774,4.902704774
1661673600000,2022-08-28 16:00,-490.2704774,9509.7295226,490.2704774,4.902704774
1661688000000,2022-08-28 20:00,-490.2704774,9509.7295226,490.2704774,4.902704774
1661702400000,2022-08-29 00:00,-490.2704774,9509.7295226,490.2704774,4.902704774
1661716800000,2022-08-29 04:00,-490.2704774,9509.7295226,490.2704774,4.902704774
1661731200000,2022-08-29 08:00,-490.2704774,9509.7295226,490.2704774,4.902704774
1661745600000,2022-08-29 12:00,-490.2704774,9509.7295226,490.2704774,4.902704774
1661760000000,2022-08-29 16:00,-490.2704774,9509.7295226,490.2704774,4.902704774
1661774400000,2022-08-29 20:00,-490.2704774,9509.7295226,490.2704774,4.902704774
1661788800000,2022-08-30 00:00,-490.2704774,9509.7295226,490.2704774,4.902704774
1661803200000,2022-08-30 04:00,-490.2704774,9509.7295226,490.2704774,4.902704774
1661817600000,2022-08-30 08:00,-490.2704774,9509.7295226,490.2704774,4.902704774
1661832000000,2022-08-30 12:00,-490.2704774,9509.7295226,490.2704774,4.902704774
1661846400000,2022-08-30 16:00,-490.2704774,9509.7295226,490.2704774,4.902704774
1661860800000,2022-08-30 20:00,-490.2704774,9509.7295226,490.2704774,4.902704774
1661875200000,2022-08-31 00:00,-490.2704774,9509.7295226,490.2704774,4.902704774
1661889600000,2022-08-31 04:00,-490.2704774,9509.7295226,490.2704774,4.902704774
1661904000000,2022-08-31 08:00,-490.2704774,9509.7295226,490.2704774,4.902704774
1661918400000,2022-08-31 12:00,-490.2704774,9509.7295226,490.2704774,4.902704774
1661932800000,2022-08-31 16:00,-490.2704774,9509.7295226,490.2704774,4.902704774
1661947200000,2022-08-31 20:00,-490.2704774,9509.7295226,490.2704774,4.902704774
1661961600000,2022-09-01 00:00,-490.2704774,9509.7295226,490.2704774,4.902704774
1661976000000,2022-09-01 04:00,-490.2704774,9509.7295226,490.2704774,4.902704774
1661990400000,2022-09-01 08:00,-490.2704774,9509.7295226,490.2704774,4.902704774
1662004800000,2022-09-01 12:00,-490.2704774,9509.7295226,490.2704774,4.902704774
1662019200000,2022-09-01 16:00,-490.2704774,9509.7295226,490.2704774,4.902704774
1662033600000,2022-09-01 20:00,-490.2704774,9509.7295226,490.2704774,4.902704774
1662048000000,2022-09-02 00:00,-490.2704774,9509.7295226,490.2704774,4.902704774
1662062400000,2022-09-02 04:00,-490.2704774,9509.7295226,490.2704774,4.902704774
1662076800000,2022-09-02 08:00,-490.2704774,9509.7295226,490.2704774,4.902704774
1662091200000,2022-09-02 12:00,-490.2704774,9509.7295226,490.2704774,4.902704774
1662105600000,2022-09-02 16:00,-490.2704774,9509.7295226,490.2704774,4.902704774
1662120000000,2022-09-02 20:00,-490.2704774,9509.7295226,490.2704774,4.902704774
1662134400000,2022-09-03 00:00,-490.2704774,9509.7295226,490.2704774,4.902704774
1662148800000,2022-09-03 04:00,-490.2704774,9509.7295226,490.2704774,4.902704774
1662163200000,2022-09-03 08:00,-490.2704774,9509.7295226,490.2704774,4.902704774
1662177600000,2022-09-03 12:00,-490.2704774,9509.7295226,490.2704774,4.902704774
1662192000000,2022-09-03 16:00,-490.2704774,9509.7295226,490.2704774,4.902704774
1662206400000,2022-09-03 20:00,-490.2704774,9509.7295226,490.2704774,4.902704774
1662220800000,2022-09-04 00:00,-490.2704774,9509.7295226,490.2704774,4.902704774
1662235200000,2022-09-04 04:00,-490.2704774,9509.7295226,490.2704774,4.902704774
1662249600000,2022-09-04 08:00,-490.2704774,9509.7295226,490.2704774,4.902704774
1662264000000,2022-09-04 12:00,-490.2704774,9509.7295226,490.2704774,4.902704774
1662278400000,2022-09-04 16:00,-490.2704774,9509.7295226,490.2704774,4.902704774
1662292800000,2022-09-04 20:00,-490.2704774,9509.7295226,490.2704774,4.902704774
1662307200000,2022-09-05 00:00,-490.2704774,9509.7295226,490.2704774,4.902704774
1662321600000,2022-09-05 04:00,-490.2704774,9509.7295226,490.2704774,4.902704774
1662336000000,2022-09-05 08:00,-490.2704774,9509.7295226,490.2704774,4.902704774
1662350400000,2022-09-05 12:00,-490.2704774,9509.7295226,490.2704774,4.902704774
1662364800000,2022-09-05 16:00,-490.2704774,9509.7295226,490.2704774,4.902704774
1662379200000,2022-09-05 20:00,-490.2704774,9509.7295226,490.2704774,4.902704774
1662393600000,2022-09-06 00:00,-490.2704774,9509.7295226,490.2704774,4.902704774
1662408000000,2022-09-06 04:00,-490.2704774,9509.7295226,490.2704774,4.902704774
1662422400000,2022-09-06 08:00,-490.2704774,9509.7295226,490.2704774,4.902704774
1662436800000,2022-09-06 12:00,-490.2704774,9509.7295226,490.2704774,4.902704774
1662451200000,2022-09-06 16:00,-490.2704774,9509.7295226,490.2704774,4.902704774
1662465600000,2022-09-06 20:00,-490.2704774,9509.7295226,490.2704774,4.902704774
1662480000000,2022-09-07 00:00,-490.2704774,9509.7295226,490.2704774,4.902704774
1662494400000,2022-09-07 04:00,-490.2704774,9509.7295226,490.2704774,4.902704774
1662508800000,2022-09-07 08:00,-490.2704774,9509.7295226,490.2704774,4.902704774
1662523200000,2022-09-07 12:00,-490.2704774,9509.7295226,490.2704774,4.902704774
1662537600000,2022-09-07 16:00,-490.2704774,9509.7295226,490.2704774,4.902704774
1662552000000,2022-09-07 20:00,-490.2704774,9509.7295226,490.2704774,4.902704774
1662566400000,2022-09-08 00:00,-490.2704774,9509.7295226,490.2704774,4.902704774
1662580800000,2022-09-08 04:00,-490.2704774,9509.7295226,490.2704774,4.902704774
1662595200000,2022-09-08 08:00,-490.2704774,9509.7295226,490.2704774,4.902704774
1662609600000,2022-09-08 12:00,-490.2704774,9509.7295226,490.2704774,4.902704774
1662624000000,2022-09-08 16:00,-490.2704774,9509.7295226,490.2704774,4.902704774
1662638400000,2022-09-08 20:00,-490.2704774,9509.7295226,490.2704774,4.902704774
1662652800000,2022-09-09 00:00,-490.2704774,9509.7295226,490.2704774,4.902704774
1662667200000,2022-09-09 04:00,-490.2704774,9509.7295226,490.2704774,4.902704774
1662681600000,2022-09-09 08:00,-490.2704774,9509.7295226,490.2704774,4.902704774
1662696000000,2022-09-09 12:00,-490.2704774,9509.7295226,490.2704774,4.902704774
1662710400000,2022-09-09 16:00,-490.2704774,9509.7295226,490.2704774,4.902704774
1662724800000,2022-09-09 20:00,-490.2704774,9509.7295226,490.2704774,4.902704774
1662739200000,2022-09-10 00:00,-490.2704774,9509.7295226,490.2704774,4.902704774
1662753600000,2022-09-10 04:00,-490.2704774,9509.7295226,490.2704774,4.902704774
1662768000000,2022-09-10 08:00,-490.2704774,9509.7295226,490.2704774,4.902704774
1662782400000,2022-09-10 12:00,-490.2704774,9509.7295226,490.2704774,4.902704774
1662796800000,2022-09-10 16:00,-490.2704774,9509.7295226,490.2704774,4.902704774
1662811200000,2022-09-10 20:00,-490.2704774,9509.7295226,490.2704774,4.902704774
1662825600000,2022-09-11 00:00,-490.2704774,9509.7295226,490.2704774,4.902704774
1662840000000,2022-09-11 04:00,-490.2704774,9509.7295226,490.2704774,4.902704774
1662854400000,2022-09-11 08:00,-490.2704774,9509.7295226,490.2704774,4.902704774
1662868800000,2022-09-11 12:00,-490.2704774,9509.7295226,490.2704774,4.902704774
1662883200000,2022-09-11 16:00,-490.2704774,9509.7295226,490.2704774,4.902704774
1662897600000,2022-09-11 20:00,-490.2704774,9509.7295226,490.2704774,4.902704774
1662912000000,2022-09-12 00:00,-490.2704774,9509.7295226,490.2704774,4.902704774
1662926400000,2022-09-12 04:00,-490.2704774,9509.7295226,490.2704774,4.902704774
1662940800000,2022-09-12 08:00,-490.2704774,9509.7295226,490.2704774,4.902704774
1662955200000,2022-09-12 12:00,-490.2704774,9509.7295226,490.2704774,4.902704774
1662969600000,2022-09-12 16:00,-490.2704774,9509.7295226,490.2704774,4.902704774
1662984000000,2022-09-12 20:00,-490.2704774,9509.7295226,490.2704774,4.902704774
1662998400000,2022-09-13 00:00,-490.2704774,9509.7295226,490.2704774,4.902704774
1663012800000,2022-09-13 04:00,-490.2704774,9509.7295226,490.2704774,4.902704774
1663027200000,2022-09-13 08:00,-490.2704774,9509.7295226,490.2704774,4.902704774
1663041600000,2022-09-13 12:00,-490.2704774,9509.7295226,490.2704774,4.902704774
1663056000000,2022-09-13 16:00,-490.2704774,9509.7295226,490.2704774,4.902704774
1663070400000,2022-09-13 20:00,-490.2704774,9509.7295226,490.2704774,4.902704774
1663084800000,2022-09-14 00:00,-490.2704774,9509.7295226,490.2704774,4.902704774
1663099200000,2022-09-14 04:00,-490.2704774,9509.7295226,490.2704774,4.902704774
1663113600000,2022-09-14 08:00,-490.2704774,9509.7295226,490.2704774,4.902704774
1663128000000,2022-09-14 12:00,-490.2704774,9509.7295226,490.2704774,4.902704774
1663142400000,2022-09-14 16:00,-490.2704774,9509.7295226,490.2704774,4.902704774
1663156800000,2022-09-14 20:00,-490.2704774,9509.7295226,490.2704774,4.902704774
1663171200000,2022-09-15 00:00,-490.2704774,9509.7295226,490.2704774,4.902704774
1663185600000,2022-09-15 04:00,-490.2704774,9509.7295226,490.2704774,4.902704774
1663200000000,2022-09-15 08:00,-490.2704774,9509.7295226,490.2704774,4.902704774
1663214400000,2022-09-15 12:00,-490.2704774,9509.7295226,490.2704774,4.902704774
1663228800000,2022-09-15 16:00,-490.2704774,9509.7295226,490.2704774,4.902704774
1663243200000,2022-09-15 20:00,-490.2704774,9509.7295226,490.2704774,4.902704774
1663257600000,2022-09-16 00:00,-490.2704774,9509.7295226,490.2704774,4.902704774
1663272000000,2022-09-16 04:00,-490.2704774,9509.7295226,490.2704774,4.902704774
1663286400000,2022-09-16 08:00,-490.2704774,9509.7295226,490.2704774,4.902704774
1663300800000,2022-09-16 12:00,-490.2704774,9509.7295226,490.2704774,4.902704774
1663315200000,2022-09-16 16:00,-490.2704774,9509.7295226,490.2704774,4.902704774
1663329600000,2022-09-16 20:00,-490.2704774,9509.7295226,490.2704774,4.902704774
1663344000000,2022-09-17 00:00,-490.2704774,9509.7295226,490.2704774,4.902704774
1663358400000,2022-09-17 04:00,-490.2704774,9509.7295226,490.2704774,4.902704774
1663372800000,2022-09-17 08:00,-490.2704774,9509.7295226,490.2704774,4.902704774
1663387200000,2022-09-17 12:00,-490.2704774,9509.7295226,490.2704774,4.902704774
1663401600000,2022-09-17 16:00,-490.2704774,9509.7295226,490.2704774,4.902704774
1663416000000,2022-09-17 20:00,-490.2704774,9509.7295226,490.2704774,4.902704774
1663430400000,2022-09-18 00:00,-490.2704774,9509.7295226,490.2704774,4.902704774
1663444800000,2022-09-18 04:00,-490.2704774,9509.7295226,490.2704774,4.902704774
1663459200000,2022-09-18 08:00,-490.2704774,9509.7295226,490.2704774,4.902704774
1663473600000,2022-09-18 12:00,-490.2704774,9509.7295226,490.2704774,4.902704774
1663488000000,2022-09-18 16:00,-490.2704774,9509.7295226,490.2704774,4.902704774
1663502400000,2022-09-18 20:00,-490.2704774,9509.7295226,490.2704774,4.902704774
1663516800000,2022-09-19 00:00,-490.2704774,9509.7295226,490.2704774,4.902704774
1663531200000,2022-09-19 04:00,-490.2704774,9509.7295226,490.2704774,4.902704774
1663545600000,2022-09-19 08:00,-490.2704774,9509.7295226,490.2704774,4.902704774
1663560000000,2022-09-19 12:00,-490.2704774,9509.7295226,490.2704774,4.902704774
1663574400000,2022-09-19 16:00,-490.2704774,9509.7295226,490.2704774,4.902704774
1663588800000,2022-09-19 20:00,-490.2704774,9509.7295226,490.2704774,4.902704774
1663603200000,2022-09-20 00:00,-490.2704774,9509.7295226,490.2704774,4.902704774
1663617600000,2022-09-20 04:00,-490.2704774,9509.7295226,490.2704774,4.902704774
1663632000000,2022-09-20 08:00,-490.2704774,9509.7295226,490.2704774,4.902704774
1663646400000,2022-09-20 12:00,-490.2704774,9509.7295226,490.2704774,4.902704774
1663660800000,2022-09-20 16:00,-490.2704774,9509.7295226,490.2704774,4.902704774
1663675200000,2022-09-20 20:00,-490.2704774,9509.7295226,490.2704774,4.902704774
1663689600000,2022-09-21 00:00,-490.2704774,9509.7295226,490.2704774,4.902704774
1663704000000,2022-09-21 04:00,-490.2704774,9509.7295226,490.2704774,4.902704774
1663718400000,2022-09-21 08:00,-490.2704774,9509.7295226,490.2704774,4.902704774
1663732800000,2022-09-21 12:00,-490.2704774,9509.7295226,490.2704774,4.902704774
1663747200000,2022-09-21 16:00,-490.2704774,9509.7295226,490.2704774,4.902704774
1663761600000,2022-09-21 20:00,-490.2704774,9509.7295226,490.2704774,4.902704774
1663776000000,2022-09-22 00:00,-490.2704774,9509.7295226,490.2704774,4.902704774
1663790400000,2022-09-22 04:00,-490.2704774,9509.7295226,490.2704774,4.902704774
1663804800000,2022-09-22 08:00,-490.2704774,9509.7295226,490.2704774,4.902704774
1663819200000,2022-09-22 12:00,-490.2704774,9509.7295226,490.2704774,4.902704774
1663833600000,2022-09-22 16:00,-490.2704774,9509.7295226,490.2704774,4.902704774
1663848000000,2022-09-22 20:00,-490.2704774,9509.7295226,490.2704774,4.902704774
1663862400000,2022-09-23 00:00,-490.2704774,9509.7295226,490.2704774,4.902704774
1663876800000,2022-09-23 04:00,-490.2704774,9509.7295226,490.2704774,4.902704774
1663891200000,2022-09-23 08:00,-490.2704774,9509.7295226,490.2704774,4.902704774
1663905600000,2022-09-23 12:00,-490.2704774,9509.7295226,490.2704774,4.902704774
1663920000000,2022-09-23 16:00,-490.2704774,9509.7295226,490.2704774,4.902704774
1663934400000,2022-09-23 20:00,-490.2704774,9509.7295226,490.2704774,4.902704774
1663948800000,2022-09-24 00:00,-490.2704774,9509.7295226,490.2704774,4.902704774
1663963200000,2022-09-24 04:00,-490.2704774,9509.7295226,490.2704774,4.902704774
1663977600000,2022-09-24 08:00,-490.2704774,9509.7295226,490.2704774,4.902704774
1663992000000,2022-09-24 12:00,-490.2704774,9509.7295226,490.2704774,4.902704774
1664006400000,2022-09-24 16:00,-490.2704774,9509.7295226,490.2704774,4.902704774
1664020800000,2022-09-24 20:00,-490.2704774,9509.7295226,490.2704774,4.902704774
1664035200000,2022-09-25 00:00,-490.2704774,9509.7295226,490.2704774,4.902704774
1664049600000,2022-09-25 04:00,-490.2704774,9509.7295226,490.2704774,4.902704774
1664064000000,2022-09-25 08:00,-490.2704774,9509.7295226,490.2704774,4.902704774
1664078400000,2022-09-25 12:00,-490.2704774,9509.7295226,490.2704774,4.902704774
1664092800000,2022-09-25 16:00,-490.2704774,9509.7295226,490.2704774,4.902704774
1664107200000,2022-09-25 20:00,-490.2704774,9509.7295226,490.2704774,4.902704774
1664121600000,2022-09-26 00:00,-490.2704774,9509.7295226,490.2704774,4.902704774
1664136000000,2022-09-26 04:00,-490.2704774,9509.7295226,490.2704774,4.902704774
1664150400000,2022-09-26 08:00,-490.2704774,9509.7295226,490.2704774,4.902704774
1664164800000,2022-09-26 12:00,-490.2704774,9509.7295226,490.2704774,4.902704774
1664179200000,2022-09-26 16:00,-490.2704774,9509.7295226,490.2704774,4.902704774
1664193600000,2022-09-26 20:00,-490.2704774,9509.7295226,490.2704774,4.902704774
1664208000000,2022-09-27 00:00,-490.2704774,9509.7295226,490.2704774,4.902704774
1664222400000,2022-09-27 04:00,-490.2704774,9509.7295226,490.2704774,4.902704774
1664236800000,2022-09-27 08:00,-490.2704774,9509.7295226,490.2704774,4.902704774
1664251200000,2022-09-27 12:00,-490.2704774,9509.7295226,490.2704774,4.902704774
1664265600000,2022-09-27 16:00,-490.2704774,9509.7295226,490.2704774,4.902704774
1664280000000,2022-09-27 20:00,-490.2704774,9509.7295226,490.2704774,4.902704774
1664294400000,2022-09-28 00:00,-490.2704774,9509.7295226,490.2704774,4.902704774
1664308800000,2022-09-28 04:00,-490.2704774,9509.7295226,490.2704774,4.902704774
1664323200000,2022-09-28 08:00,-490.2704774,9509.7295226,490.2704774,4.902704774
1664337600000,2022-09-28 12:00,-490.2704774,9509.7295226,490.2704774,4.902704774
1664352000000,2022-09-28 16:00,-490.2704774,9509.7295226,490.2704774,4.902704774
1664366400000,2022-09-28 20:00,-490.2704774,9509.7295226,490.2704774,4.902704774
1664380800000,2022-09-29 00:00,-490.2704774,9509.7295226,490.2704774,4.902704774
1664395200000,2022-09-29 04:00,-490.2704774,9509.7295226,490.2704774,4.902704774
1664409600000,2022-09-29 08:00,-490.2704774,9509.7295226,490.2704774,4.902704774
1664424000000,2022-09-29 12:00,-490.2704774,9509.7295226,490.2704774,4.902704774
1664438400000,2022-09-29 16:00,-490.2704774,9509.7295226,490.2704774,4.902704774
1664452800000,2022-09-29 20:00,-490.2704774,9509.7295226,490.2704774,4.902704774
1664467200000,2022-09-30 00:00,-490.2704774,9509.7295226,490.2704774,4.902704774
1664481600000,2022-09-30 04:00,-490.2704774,9509.7295226,490.2704774,4.902704774
1664496000000,2022-09-30 08:00,-490.2704774,9509.7295226,490.2704774,4.902704774
1664510400000,2022-09-30 12:00,-490.2704774,9509.7295226,490.2704774,4.902704774
1664524800000,2022-09-30 16:00,-490.2704774,9509.7295226,490.2704774,4.902704774
1664539200000,2022-09-30 20:00,-490.2704774,9509.7295226,490.2704774,4.902704774
1664553600000,2022-10-01 00:00,-490.2704774,9509.7295226,490.2704774,4.902704774
1664568000000,2022-10-01 04:00,-490.2704774,9509.7295226,490.2704774,4.902704774
1664582400000,2022-10-01 08:00,-490.2704774,9509.7295226,490.2704774,4.902704774
1664596800000,2022-10-01 12:00,-490.2704774,9509.7295226,490.2704774,4.902704774
1664611200000,2022-10-01 16:00,-490.2704774,9509.7295226,490.2704774,4.902704774
1664625600000,2022-10-01 20:00,-490.2704774,9509.7295226,490.2704774,4.902704774
1664640000000,2022-10-02 00:00,-490.2704774,9509.7295226,490.2704774,4.902704774
1664654400000,2022-10-02 04:00,-490.2704774,9509.7295226,490.2704774,4.902704774
1664668800000,2022-10-02 08:00,-490.2704774,9509.7295226,490.2704774,4.902704774
1664683200000,2022-10-02 12:00,-490.2704774,9509.7295226,490.2704774,4.902704774
1664697600000,2022-10-02 16:00,-490.2704774,9509.7295226,490.2704774,4.902704774
1664712000000,2022-10-02 20:00,-490.2704774,9509.7295226,490.2704774,4.902704774
1664726400000,2022-10-03 00:00,-490.2704774,9509.7295226,490.2704774,4.902704774
1664740800000,2022-10-03 04:00,-490.2704774,9509.7295226,490.2704774,4.902704774
1664755200000,2022-10-03 08:00,-490.2704774,9509.7295226,490.2704774,4.902704774
1664769600000,2022-10-03 12:00,-490.2704774,9509.7295226,490.2704774,4.902704774
1664784000000,2022-10-03 16:00,-490.2704774,9509.7295226,490.2704774,4.902704774
1664798400000,2022-10-03 20:00,-490.2704774,9509.7295226,490.2704774,4.902704774
1664812800000,2022-10-04 00:00,-592.22399788,9407.77600212,592.22399788,5.9222399788
1664827200000,2022-10-04 04:00,-592.22399788,9407.77600212,592.22399788,5.9222399788
1664841600000,2022-10-04 08:00,-592.22399788,9407.77600212,592.22399788,5.9222399788
1664856000000,2022-10-04 12:00,-592.22399788,9407.77600212,592.22399788,5.9222399788
1664870400000,2022-10-04 16:00,-592.22399788,9407.77600212,592.22399788,5.9222399788
1664884800000,2022-10-04 20:00,-592.22399788,9407.77600212,592.22399788,5.9222399788
1664899200000,2022-10-05 00:00,-592.22399788,9407.77600212,592.22399788,5.9222399788
1664913600000,2022-10-05 04:00,-592.22399788,9407.77600212,592.22399788,5.9222399788
1664928000000,2022-10-05 08:00,-592.22399788,9407.77600212,592.22399788,5.9222399788
1664942400000,2022-10-05 12:00,-592.22399788,9407.77600212,592.22399788,5.9222399788
1664956800000,2022-10-05 16:00,-592.22399788,9407.77600212,592.22399788,5.9222399788
1664971200000,2022-10-05 20:00,-592.22399788,9407.77600212,592.22399788,5.9222399788
1664985600000,2022-10-06 00:00,-592.22399788,9407.77600212,592.22399788,5.9222399788
1665000000000,2022-10-06 04:00,-592.22399788,9407.77600212,592.22399788,5.9222399788
1665014400000,2022-10-06 08:00,-592.22399788,9407.77600212,592.22399788,5.9222399788
1665028800000,2022-10-06 12:00,-592.22399788,9407.77600212,592.22399788,5.9222399788
1665043200000,2022-10-06 16:00,-592.22399788,9407.77600212,592.22399788,5.9222399788
1665057600000,2022-10-06 20:00,-592.22399788,9407.77600212,592.22399788,5.9222399788
1665072000000,2022-10-07 00:00,-592.22399788,9407.77600212,592.22399788,5.9222399788
1665086400000,2022-10-07 04:00,-592.22399788,9407.77600212,592.22399788,5.9222399788
1665100800000,2022-10-07 08:00,-592.22399788,9407.77600212,592.22399788,5.9222399788
1665115200000,2022-10-07 12:00,-592.22399788,9407.77600212,592.22399788,5.9222399788
1665129600000,2022-10-07 16:00,-592.22399788,9407.77600212,592.22399788,5.9222399788
1665144000000,2022-10-07 20:00,-592.22399788,9407.77600212,592.22399788,5.9222399788
1665158400000,2022-10-08 00:00,-592.22399788,9407.77600212,592.22399788,5.9222399788
1665172800000,2022-10-08 04:00,-592.22399788,9407.77600212,592.22399788,5.9222399788
1665187200000,2022-10-08 08:00,-592.22399788,9407.77600212,592.22399788,5.9222399788
1665201600000,2022-10-08 12:00,-592.22399788,9407.77600212,592.22399788,5.9222399788
1665216000000,2022-10-08 16:00,-592.22399788,9407.77600212,592.22399788,5.9222399788
1665230400000,2022-10-08 20:00,-592.22399788,9407.77600212,592.22399788,5.9222399788
1665244800000,2022-10-09 00:00,-592.22399788,9407.77600212,592.22399788,5.9222399788
1665259200000,2022-10-09 04:00,-592.22399788,9407.77600212,592.22399788,5.9222399788
1665273600000,2022-10-09 08:00,-592.22399788,9407.77600212,592.22399788,5.9222399788
1665288000000,2022-10-09 12:00,-592.22399788,9407.77600212,592.22399788,5.9222399788
1665302400000,2022-10-09 16:00,-592.22399788,9407.77600212,592.22399788,5.9222399788
1665316800000,2022-10-09 20:00,-592.22399788,9407.77600212,592.22399788,5.9222399788
1665331200000,2022-10-10 00:00,-592.22399788,9407.77600212,592.22399788,5.9222399788
1665345600000,2022-10-10 04:00,-592.22399788,9407.77600212,592.22399788,5.9222399788
1665360000000,2022-10-10 08:00,-592.22399788,9407.77600212,592.22399788,5.9222399788
1665374400000,2022-10-10 12:00,-592.22399788,9407.77600212,592.22399788,5.9222399788
1665388800000,2022-10-10 16:00,-592.22399788,9407.77600212,592.22399788,5.9222399788
1665403200000,2022-10-10 20:00,-592.22399788,9407.77600212,592.22399788,5.9222399788
1665417600000,2022-10-11 00:00,-592.22399788,9407.77600212,592.22399788,5.9222399788
1665432000000,2022-10-11 04:00,-592.22399788,9407.77600212,592.22399788,5.9222399788
1665446400000,2022-10-11 08:00,-592.22399788,9407.77600212,592.22399788,5.9222399788
1665460800000,2022-10-11 12:00,-592.22399788,9407.77600212,592.22399788,5.9222399788
1665475200000,2022-10-11 16:00,-592.22399788,9407.77600212,592.22399788,5.9222399788
1665489600000,2022-10-11 20:00,-490.67810908,9509.32189092,490.67810908,4.9067810908
1665504000000,2022-10-12 00:00,-490.67810908,9509.32189092,490.67810908,4.9067810908
1665518400000,2022-10-12 04:00,-490.67810908,9509.32189092,490.67810908,4.9067810908
1665532800000,2022-10-12 08:00,-490.67810908,9509.32189092,490.67810908,4.9067810908
1665547200000,2022-10-12 12:00,-490.67810908,9509.32189092,490.67810908,4.9067810908
1665561600000,2022-10-12 16:00,-490.67810908,9509.32189092,490.67810908,4.9067810908
1665576000000,2022-10-12 20:00,-490.67810908,9509.32189092,490.67810908,4.9067810908
1665590400000,2022-10-13 00:00,-490.67810908,9509.32189092,490.67810908,4.9067810908
1665604800000,2022-10-13 04:00,-490.67810908,9509.32189092,490.67810908,4.9067810908
1665619200000,2022-10-13 08:00,-490.67810908,9509.32189092,490.67810908,4.9067810908
1665633600000,2022-10-13 12:00,-490.67810908,9509.32189092,490.67810908,4.9067810908
1665648000000,2022-10-13 16:00,-490.67810908,9509.32189092,490.67810908,4.9067810908
1665662400000,2022-10-13 20:00,-490.67810908,9509.32189092,490.67810908,4.9067810908
1665676800000,2022-10-14 00:00,-490.67810908,9509.32189092,490.67810908,4.9067810908
1665691200000,2022-10-14 04:00,-490.67810908,9509.32189092,490.67810908,4.9067810908
1665705600000,2022-10-14 08:00,-490.67810908,9509.32189092,490.67810908,4.9067810908
1665720000000,2022-10-14 12:00,-490.67810908,9509.32189092,490.67810908,4.9067810908
1665734400000,2022-10-14 16:00,-490.67810908,9509.32189092,490.67810908,4.9067810908
1665748800000,2022-10-14 20:00,-490.67810908,9509.32189092,490.67810908,4.9067810908
1665763200000,2022-10-15 00:00,-490.67810908,9509.32189092,490.67810908,4.9067810908
1665777600000,2022-10-15 04:00,-490.67810908,9509.32189092,490.67810908,4.9067810908
1665792000000,2022-10-15 08:00,-490.67810908,9509.32189092,490.67810908,4.9067810908
1665806400000,2022-10-15 12:00,-490.67810908,9509.32189092,490.67810908,4.9067810908
1665820800000,2022-10-15 16:00,-490.67810908,9509.32189092,490.67810908,4.9067810908
1665835200000,2022-10-15 20:00,-490.67810908,9509.32189092,490.67810908,4.9067810908
1665849600000,2022-10-16 00:00,-490.67810908,9509.32189092,490.67810908,4.9067810908
1665864000000,2022-10-16 04:00,-490.67810908,9509.32189092,490.67810908,4.9067810908
1665878400000,2022-10-16 08:00,-490.67810908,9509.32189092,490.67810908,4.9067810908
1665892800000,2022-10-16 12:00,-490.67810908,9509.32189092,490.67810908,4.9067810908
1665907200000,2022-10-16 16:00,-490.67810908,9509.32189092,490.67810908,4.9067810908
1665921600000,2022-10-16 20:00,-490.67810908,9509.32189092,490.67810908,4.9067810908
1665936000000,2022-10-17 00:00,-490.67810908,9509.32189092,490.67810908,4.9067810908
1665950400000,2022-10-17 04:00,-490.67810908,9509.32189092,490.67810908,4.9067810908
1665964800000,2022-10-17 08:00,-490.67810908,9509.32189092,490.67810908,4.9067810908
1665979200000,2022-10-17 12:00,-490.67810908,9509.32189092,490.67810908,4.9067810908
1665993600000,2022-10-17 16:00,-490.67810908,9509.32189092,490.67810908,4.9067810908
1666008000000,2022-10-17 20:00,-490.67810908,9509.32189092,490.67810908,4.9067810908
1666022400000,2022-10-18 00:00,-490.67810908,9509.32189092,490.67810908,4.9067810908
1666036800000,2022-10-18 04:00,-490.67810908,9509.32189092,490.67810908,4.9067810908
1666051200000,2022-10-18 08:00,-490.67810908,9509.32189092,490.67810908,4.9067810908
1666065600000,2022-10-18 12:00,-490.67810908,9509.32189092,490.67810908,4.9067810908
1666080000000,2022-10-18 16:00,-490.67810908,9509.32189092,490.67810908,4.9067810908
1666094400000,2022-10-18 20:00,-490.67810908,9509.32189092,490.67810908,4.9067810908
1666108800000,2022-10-19 00:00,-490.67810908,9509.32189092,490.67810908,4.9067810908
1666123200000,2022-10-19 04:00,-490.67810908,9509.32189092,490.67810908,4.9067810908
1666137600000,2022-10-19 08:00,-490.67810908,9509.32189092,490.67810908,4.9067810908
1666152000000,2022-10-19 12:00,-490.67810908,9509.32189092,490.67810908,4.9067810908
1666166400000,2022-10-19 16:00,-490.67810908,9509.32189092,490.67810908,4.9067810908
1666180800000,2022-10-19 20:00,-490.67810908,9509.32189092,490.67810908,4.9067810908
1666195200000,2022-10-20 00:00,-490.67810908,9509.32189092,490.67810908,4.9067810908
1666209600000,2022-10-20 04:00,-490.67810908,9509.32189092,490.67810908,4.9067810908
1666224000000,2022-10-20 08:00,-490.67810908,9509.32189092,490.67810908,4.9067810908
1666238400000,2022-10-20 12:00,-490.67810908,9509.32189092,490.67810908,4.9067810908
1666252800000,2022-10-20 16:00,-490.67810908,9509.32189092,490.67810908,4.9067810908
1666267200000,2022-10-20 20:00,-490.67810908,9509.32189092,490.67810908,4.9067810908
1666281600000,2022-10-21 00:00,-490.67810908,9509.32189092,490.67810908,4.9067810908
1666296000000,2022-10-21 04:00,-490.67810908,9509.32189092,490.67810908,4.9067810908
1666310400000,2022-10-21 08:00,-490.67810908,9509.32189092,490.67810908,4.9067810908
1666324800000,2022-10-21 12:00,-490.67810908,9509.32189092,490.67810908,4.9067810908
1666339200000,2022-10-21 16:00,-490.67810908,9509.32189092,490.67810908,4.9067810908
1666353600000,2022-10-21 20:00,-389.73781468,9610.26218532,389.73781468,3.8973781468
1666368000000,2022-10-22 00:00,-389.73781468,9610.26218532,389.73781468,3.8973781468
1666382400000,2022-10-22 04:00,-389.73781468,9610.26218532,389.73781468,3.8973781468
1666396800000,2022-10-22 08:00,-389.73781468,9610.26218532,389.73781468,3.8973781468
1666411200000,2022-10-22 12:00,-389.73781468,9610.26218532,389.73781468,3.8973781468
1666425600000,2022-10-22 16:00,-389.73781468,9610.26218532,389.73781468,3.8973781468
1666440000000,2022-10-22 20:00,-389.73781468,9610.26218532,389.73781468,3.8973781468
1666454400000,2022-10-23 00:00,-389.73781468,9610.26218532,389.73781468,3.8973781468
1666468800000,2022-10-23 04:00,-389.73781468,9610.26218532,389.73781468,3.8973781468
1666483200000,2022-10-23 08:00,-389.73781468,9610.26218532,389.73781468,3.8973781468
1666497600000,2022-10-23 12:00,-389.73781468,9610.26218532,389.73781468,3.8973781468
1666512000000,2022-10-23 16:00,-389.73781468,9610.26218532,389.73781468,3.8973781468
1666526400000,2022-10-23 20:00,-389.73781468,9610.26218532,389.73781468,3.8973781468
1666540800000,2022-10-24 00:00,-389.73781468,9610.26218532,389.73781468,3.8973781468
1666555200000,2022-10-24 04:00,-389.73781468,9610.26218532,389.73781468,3.8973781468
1666569600000,2022-10-24 08:00,-389.73781468,9610.26218532,389.73781468,3.8973781468
1666584000000,2022-10-24 12:00,-389.73781468,9610.26218532,389.73781468,3.8973781468
1666598400000,2022-10-24 16:00,-389.73781468,9610.26218532,389.73781468,3.8973781468
1666612800000,2022-10-24 20:00,-389.73781468,9610.26218532,389.73781468,3.8973781468
1666627200000,2022-10-25 00:00,-389.73781468,9610.26218532,389.73781468,3.8973781468
1666641600000,2022-10-25 04:00,-389.73781468,9610.26218532,389.73781468,3.8973781468
1666656000000,2022-10-25 08:00,-389.73781468,9610.26218532,389.73781468,3.8973781468
1666670400000,2022-10-25 12:00,-389.73781468,9610.26218532,389.73781468,3.8973781468
1666684800000,2022-10-25 16:00,-389.73781468,9610.26218532,389.73781468,3.8973781468
1666699200000,2022-10-25 20:00,-389.73781468,9610.26218532,389.73781468,3.8973781468
1666713600000,2022-10-26 00:00,-389.73781468,9610.26218532,389.73781468,3.8973781468
1666728000000,2022-10-26 04:00,-389.73781468,9610.26218532,389.73781468,3.8973781468
1666742400000,2022-10-26 08:00,-389.73781468,9610.26218532,389.73781468,3.8973781468
1666756800000,2022-10-26 12:00,-389.73781468,9610.26218532,389.73781468,3.8973781468
1666771200000,2022-10-26 16:00,-389.73781468,9610.26218532,389.73781468,3.8973781468
1666785600000,2022-10-26 20:00,-389.73781468,9610.26218532,389.73781468,3.8973781468
1666800000000,2022-10-27 00:00,-389.73781468,9610.26218532,389.73781468,3.8973781468
1666814400000,2022-10-27 04:00,-389.73781468,9610.26218532,389.73781468,3.8973781468
1666828800000,2022-10-27 08:00,-389.73781468,9610.26218532,389.73781468,3.8973781468
1666843200000,2022-10-27 12:00,-389.73781468,9610.26218532,389.73781468,3.8973781468
1666857600000,2022-10-27 16:00,-389.73781468,9610.26218532,389.73781468,3.8973781468
1666872000000,2022-10-27 20:00,-389.73781468,9610.26218532,389.73781468,3.8973781468
1666886400000,2022-10-28 00:00,-389.73781468,9610.26218532,389.73781468,3.8973781468
1666900800000,2022-10-28 04:00,-389.73781468,9610.26218532,389.73781468,3.8973781468
1666915200000,2022-10-28 08:00,-389.73781468,9610.26218532,389.73781468,3.8973781468
1666929600000,2022-10-28 12:00,-389.73781468,9610.26218532,389.73781468,3.8973781468
1666944000000,2022-10-28 16:00,-389.73781468,9610.26218532,389.73781468,3.8973781468
1666958400000,2022-10-28 20:00,-389.73781468,9610.26218532,389.73781468,3.8973781468
1666972800000,2022-10-29 00:00,-389.73781468,9610.26218532,389.73781468,3.8973781468
1666987200000,2022-10-29 04:00,-389.73781468,9610.26218532,389.73781468,3.8973781468
1667001600000,2022-10-29 08:00,-389.73781468,9610.26218532,389.73781468,3.8973781468
1667016000000,2022-10-29 12:00,-389.73781468,9610.26218532,389.73781468,3.8973781468
1667030400000,2022-10-29 16:00,-389.73781468,9610.26218532,389.73781468,3.8973781468
1667044800000,2022-10-29 20:00,-389.73781468,9610.26218532,389.73781468,3.8973781468
1667059200000,2022-10-30 00:00,-389.73781468,9610.26218532,389.73781468,3.8973781468
1667073600000,2022-10-30 04:00,-389.73781468,9610.26218532,389.73781468,3.8973781468
1667088000000,2022-10-30 08:00,-389.73781468,9610.26218532,389.73781468,3.8973781468
1667102400000,2022-10-30 12:00,-389.73781468,9610.26218532,389.73781468,3.8973781468
1667116800000,2022-10-30 16:00,-389.73781468,9610.26218532,389.73781468,3.8973781468
1667131200000,2022-10-30 20:00,-389.73781468,9610.26218532,389.73781468,3.8973781468
1667145600000,2022-10-31 00:00,-389.73781468,9610.26218532,389.73781468,3.8973781468
1667160000000,2022-10-31 04:00,-389.73781468,9610.26218532,389.73781468,3.8973781468
1667174400000,2022-10-31 08:00,-389.73781468,9610.26218532,389.73781468,3.8973781468
1667188800000,2022-10-31 12:00,-389.73781468,9610.26218532,389.73781468,3.8973781468
1667203200000,2022-10-31 16:00,-389.73781468,9610.26218532,389.73781468,3.8973781468
1667217600000,2022-10-31 20:00,-389.73781468,9610.26218532,389.73781468,3.8973781468
1667232000000,2022-11-01 00:00,-389.73781468,9610.26218532,389.73781468,3.8973781468
1667246400000,2022-11-01 04:00,-389.73781468,9610.26218532,389.73781468,3.8973781468
1667260800000,2022-11-01 08:00,-389.73781468,9610.26218532,389.73781468,3.8973781468
1667275200000,2022-11-01 12:00,-389.73781468,9610.26218532,389.73781468,3.8973781468
1667289600000,2022-11-01 16:00,-389.73781468,9610.26218532,389.73781468,3.8973781468
1667304000000,2022-11-01 20:00,-389.73781468,9610.26218532,389.73781468,3.8973781468
1667318400000,2022-11-02 00:00,-389.73781468,9610.26218532,389.73781468,3.8973781468
1667332800000,2022-11-02 04:00,-389.73781468,9610.26218532,389.73781468,3.8973781468
1667347200000,2022-11-02 08:00,-389.73781468,9610.26218532,389.73781468,3.8973781468
1667361600000,2022-11-02 12:00,-389.73781468,9610.26218532,389.73781468,3.8973781468
1667376000000,2022-11-02 16:00,-389.73781468,9610.26218532,389.73781468,3.8973781468
1667390400000,2022-11-02 20:00,-389.73781468,9610.26218532,389.73781468,3.8973781468
1667404800000,2022-11-03 00:00,-389.73781468,9610.26218532,389.73781468,3.8973781468
1667419200000,2022-11-03 04:00,-389.73781468,9610.26218532,389.73781468,3.8973781468
1667433600000,2022-11-03 08:00,-389.73781468,9610.26218532,389.73781468,3.8973781468
1667448000000,2022-11-03 12:00,-389.73781468,9610.26218532,389.73781468,3.8973781468
1667462400000,2022-11-03 16:00,-389.73781468,9610.26218532,389.73781468,3.8973781468
1667476800000,2022-11-03 20:00,-389.73781468,9610.26218532,389.73781468,3.8973781468
1667491200000,2022-11-04 00:00,-389.73781468,9610.26218532,389.73781468,3.8973781468
1667505600000,2022-11-04 04:00,-389.73781468,9610.26218532,389.73781468,3.8973781468
1667520000000,2022-11-04 08:00,-389.73781468,9610.26218532,389.73781468,3.8973781468
1667534400000,2022-11-04 12:00,-490.49794063,9509.50205937,490.49794063,4.9049794063
1667548800000,2022-11-04 16:00,-490.49794063,9509.50205937,490.49794063,4.9049794063
1667563200000,2022-11-04 20:00,-490.49794063,9509.50205937,490.49794063,4.9049794063
1667577600000,2022-11-05 00:00,-490.49794063,9509.50205937,490.49794063,4.9049794063
1667592000000,2022-11-05 04:00,-490.49794063,9509.50205937,490.49794063,4.9049794063
1667606400000,2022-11-05 08:00,-490.49794063,9509.50205937,490.49794063,4.9049794063
1667620800000,2022-11-05 12:00,-490.49794063,9509.50205937,490.49794063,4.9049794063
1667635200000,2022-11-05 16:00,-490.49794063,9509.50205937,490.49794063,4.9049794063
1667649600000,2022-11-05 20:00,-490.49794063,9509.50205937,490.49794063,4.9049794063
1667664000000,2022-11-06 00:00,-490.49794063,9509.50205937,490.49794063,4.9049794063
1667678400000,2022-11-06 04:00,-490.49794063,9509.50205937,490.49794063,4.9049794063
1667692800000,2022-11-06 08:00,-490.49794063,9509.50205937,490.49794063,4.9049794063
1667707200000,2022-11-06 12:00,-490.49794063,9509.50205937,490.49794063,4.9049794063
1667721600000,2022-11-06 16:00,-490.49794063,9509.50205937,490.49794063,4.9049794063
1667736000000,2022-11-06 20:00,-490.49794063,9509.50205937,490.49794063,4.9049794063
1667750400000,2022-11-07 00:00,-490.49794063,9509.50205937,490.49794063,4.9049794063
1667764800000,2022-11-07 04:00,-490.49794063,9509.50205937,490.49794063,4.9049794063
1667779200000,2022-11-07 08:00,-490.49794063,9509.50205937,490.49794063,4.9049794063
1667793600000,2022-11-07 12:00,-490.49794063,9509.50205937,490.49794063,4.9049794063
1667808000000,2022-11-07 16:00,-490.49794063,9509.50205937,490.49794063,4.9049794063
1667822400000,2022-11-07 20:00,-490.49794063,9509.50205937,490.49794063,4.9049794063
1667836800000,2022-11-08 00:00,-490.49794063,9509.50205937,490.49794063,4.9049794063
1667851200000,2022-11-08 04:00,-490.49794063,9509.50205937,490.49794063,4.9049794063
1667865600000,2022-11-08 08:00,-490.49794063,9509.50205937,490.49794063,4.9049794063
1667880000000,2022-11-08 12:00,-490.49794063,9509.50205937,490.49794063,4.9049794063
1667894400000,2022-11-08 16:00,-490.49794063,9509.50205937,490.49794063,4.9049794063
1667908800000,2022-11-08 20:00,-490.49794063,9509.50205937,490.49794063,4.9049794063
1667923200000,2022-11-09 00:00,-490.49794063,9509.50205937,490.49794063,4.9049794063
1667937600000,2022-11-09 04:00,-490.49794063,9509.50205937,490.49794063,4.9049794063
1667952000000,2022-11-09 08:00,-490.49794063,9509.50205937,490.49794063,4.9049794063
1667966400000,2022-11-09 12:00,-490.49794063,9509.50205937,490.49794063,4.9049794063
1667980800000,2022-11-09 16:00,-490.49794063,9509.50205937,490.49794063,4.9049794063
1667995200000,2022-11-09 20:00,-490.49794063,9509.50205937,490.49794063,4.9049794063
1668009600000,2022-11-10 00:00,-490.49794063,9509.50205937,490.49794063,4.9049794063
1668024000000,2022-11-10 04:00,-490.49794063,9509.50205937,490.49794063,4.9049794063
1668038400000,2022-11-10 08:00,-490.49794063,9509.50205937,490.49794063,4.9049794063
1668052800000,2022-11-10 12:00,-295.61854025,9704.38145975,295.61854025,2.9561854025
1668067200000,2022-11-10 16:00,-295.61854025,9704.38145975,295.61854025,2.9561854025
1668081600000,2022-11-10 20:00,-295.61854025,9704.38145975,295.61854025,2.9561854025
1668096000000,2022-11-11 00:00,-295.61854025,9704.38145975,295.61854025,2.9561854025
1668110400000,2022-11-11 04:00,-295.61854025,9704.38145975,295.61854025,2.9561854025
1668124800000,2022-11-11 08:00,-295.61854025,9704.38145975,295.61854025,2.9561854025
1668139200000,2022-11-11 12:00,-295.61854025,9704.38145975,295.61854025,2.9561854025
1668153600000,2022-11-11 16:00,-295.61854025,9704.38145975,295.61854025,2.9561854025
1668168000000,2022-11-11 20:00,-295.61854025,9704.38145975,295.61854025,2.9561854025
1668182400000,2022-11-12 00:00,-295.61854025,9704.38145975,295.61854025,2.9561854025
1668196800000,2022-11-12 04:00,-295.61854025,9704.38145975,295.61854025,2.9561854025
1668211200000,2022-11-12 08:00,-295.61854025,9704.38145975,295.61854025,2.9561854025
1668225600000,2022-11-12 12:00,-295.61854025,9704.38145975,295.61854025,2.9561854025
1668240000000,2022-11-12 16:00,-295.61854025,9704.38145975,295.61854025,2.9561854025
1668254400000,2022-11-12 20:00,-295.61854025,9704.38145975,295.61854025,2.9561854025
1668268800000,2022-11-13 00:00,-295.61854025,9704.38145975,295.61854025,2.9561854025
1668283200000,2022-11-13 04:00,-295.61854025,9704.38145975,295.61854025,2.9561854025
1668297600000,2022-11-13 08:00,-295.61854025,9704.38145975,295.61854025,2.9561854025
1668312000000,2022-11-13 12:00,-295.61854025,9704.38145975,295.61854025,2.9561854025
1668326400000,2022-11-13 16:00,-295.61854025,9704.38145975,295.61854025,2.9561854025
1668340800000,2022-11-13 20:00,-295.61854025,9704.38145975,295.61854025,2.9561854025
1668355200000,2022-11-14 00:00,-295.61854025,9704.38145975,295.61854025,2.9561854025
1668369600000,2022-11-14 04:00,-295.61854025,9704.38145975,295.61854025,2.9561854025
1668384000000,2022-11-14 08:00,-295.61854025,9704.38145975,295.61854025,2.9561854025
1668398400000,2022-11-14 12:00,-295.61854025,9704.38145975,295.61854025,2.9561854025
1668412800000,2022-11-14 16:00,-295.61854025,9704.38145975,295.61854025,2.9561854025
1668427200000,2022-11-14 20:00,-295.61854025,9704.38145975,295.61854025,2.9561854025
1668441600000,2022-11-15 00:00,-295.61854025,9704.38145975,295.61854025,2.9561854025
1668456000000,2022-11-15 04:00,-295.61854025,9704.38145975,295.61854025,2.9561854025
1668470400000,2022-11-15 08:00,-295.61854025,9704.38145975,295.61854025,2.9561854025
1668484800000,2022-11-15 12:00,-295.61854025,9704.38145975,295.61854025,2.9561854025
1668499200000,2022-11-15 16:00,-295.61854025,9704.38145975,295.61854025,2.9561854025
1668513600000,2022-11-15 20:00,-295.61854025,9704.38145975,295.61854025,2.9561854025
1668528000000,2022-11-16 00:00,-295.61854025,9704.38145975,295.61854025,2.9561854025
1668542400000,2022-11-16 04:00,-295.61854025,9704.38145975,295.61854025,2.9561854025
1668556800000,2022-11-16 08:00,-295.61854025,9704.38145975,295.61854025,2.9561854025
1668571200000,2022-11-16 12:00,-295.61854025,9704.38145975,295.61854025,2.9561854025
1668585600000,2022-11-16 16:00,-295.61854025,9704.38145975,295.61854025,2.9561854025
1668600000000,2022-11-16 20:00,-295.61854025,9704.38145975,295.61854025,2.9561854025
1668614400000,2022-11-17 00:00,-295.61854025,9704.38145975,295.61854025,2.9561854025
1668628800000,2022-11-17 04:00,-295.61854025,9704.38145975,295.61854025,2.9561854025
1668643200000,2022-11-17 08:00,-295.61854025,9704.38145975,295.61854025,2.9561854025
1668657600000,2022-11-17 12:00,-295.61854025,9704.38145975,295.61854025,2.9561854025
1668672000000,2022-11-17 16:00,-295.61854025,9704.38145975,295.61854025,2.9561854025
1668686400000,2022-11-17 20:00,-295.61854025,9704.38145975,295.61854025,2.9561854025
1668700800000,2022-11-18 00:00,-295.61854025,9704.38145975,295.61854025,2.9561854025
1668715200000,2022-11-18 04:00,-295.61854025,9704.38145975,295.61854025,2.9561854025
1668729600000,2022-11-18 08:00,-295.61854025,9704.38145975,295.61854025,2.9561854025
1668744000000,2022-11-18 12:00,-295.61854025,9704.38145975,295.61854025,2.9561854025
1668758400000,2022-11-18 16:00,-295.61854025,9704.38145975,295.61854025,2.9561854025
1668772800000,2022-11-18 20:00,-295.61854025,9704.38145975,295.61854025,2.9561854025
1668787200000,2022-11-19 00:00,-295.61854025,9704.38145975,295.61854025,2.9561854025
1668801600000,2022-11-19 04:00,-295.61854025,9704.38145975,295.61854025,2.9561854025
1668816000000,2022-11-19 08:00,-295.61854025,9704.38145975,295.61854025,2.9561854025
1668830400000,2022-11-19 12:00,-295.61854025,9704.38145975,295.61854025,2.9561854025
1668844800000,2022-11-19 16:00,-295.61854025,9704.38145975,295.61854025,2.9561854025
1668859200000,2022-11-19 20:00,-295.61854025,9704.38145975,295.61854025,2.9561854025
1668873600000,2022-11-20 00:00,-295.61854025,9704.38145975,295.61854025,2.9561854025
1668888000000,2022-11-20 04:00,-295.61854025,9704.38145975,295.61854025,2.9561854025
1668902400000,2022-11-20 08:00,-295.61854025,9704.38145975,295.61854025,2.9561854025
1668916800000,2022-11-20 12:00,-295.61854025,9704.38145975,295.61854025,2.9561854025
1668931200000,2022-11-20 16:00,-295.61854025,9704.38145975,295.61854025,2.9561854025
1668945600000,2022-11-20 20:00,-295.61854025,9704.38145975,295.61854025,2.9561854025
1668960000000,2022-11-21 00:00,-295.61854025,9704.38145975,295.61854025,2.9561854025
1668974400000,2022-11-21 04:00,-295.61854025,9704.38145975,295.61854025,2.9561854025
1668988800000,2022-11-21 08:00,-295.61854025,9704.38145975,295.61854025,2.9561854025
1669003200000,2022-11-21 12:00,-295.61854025,9704.38145975,295.61854025,2.9561854025
1669017600000,2022-11-21 16:00,-295.61854025,9704.38145975,295.61854025,2.9561854025
1669032000000,2022-11-21 20:00,-295.61854025,9704.38145975,295.61854025,2.9561854025
1669046400000,2022-11-22 00:00,-295.61854025,9704.38145975,295.61854025,2.9561854025
1669060800000,2022-11-22 04:00,-295.61854025,9704.38145975,295.61854025,2.9561854025
1669075200000,2022-11-22 08:00,-295.61854025,9704.38145975,295.61854025,2.9561854025
1669089600000,2022-11-22 12:00,-295.61854025,9704.38145975,295.61854025,2.9561854025
1669104000000,2022-11-22 16:00,-295.61854025,9704.38145975,295.61854025,2.9561854025
1669118400000,2022-11-22 20:00,-295.61854025,9704.38145975,295.61854025,2.9561854025
1669132800000,2022-11-23 00:00,-295.61854025,9704.38145975,295.61854025,2.9561854025
1669147200000,2022-11-23 04:00,-295.61854025,9704.38145975,295.61854025,2.9561854025
1669161600000,2022-11-23 08:00,-295.61854025,9704.38145975,295.61854025,2.9561854025
1669176000000,2022-11-23 12:00,-295.61854025,9704.38145975,295.61854025,2.9561854025
1669190400000,2022-11-23 16:00,-295.61854025,9704.38145975,295.61854025,2.9561854025
1669204800000,2022-11-23 20:00,-295.61854025,9704.38145975,295.61854025,2.9561854025
1669219200000,2022-11-24 00:00,-295.61854025,9704.38145975,295.61854025,2.9561854025
1669233600000,2022-11-24 04:00,-295.61854025,9704.38145975,295.61854025,2.9561854025
1669248000000,2022-11-24 08:00,-295.61854025,9704.38145975,295.61854025,2.9561854025
1669262400000,2022-11-24 12:00,-295.61854025,9704.38145975,295.61854025,2.9561854025
1669276800000,2022-11-24 16:00,-295.61854025,9704.38145975,295.61854025,2.9561854025
1669291200000,2022-11-24 20:00,-295.61854025,9704.38145975,295.61854025,2.9561854025
1669305600000,2022-11-25 00:00,-295.61854025,9704.38145975,295.61854025,2.9561854025
1669320000000,2022-11-25 04:00,-295.61854025,9704.38145975,295.61854025,2.9561854025
1669334400000,2022-11-25 08:00,-295.61854025,9704.38145975,295.61854025,2.9561854025
1669348800000,2022-11-25 12:00,-295.61854025,9704.38145975,295.61854025,2.9561854025
1669363200000,2022-11-25 16:00,-295.61854025,9704.38145975,295.61854025,2.9561854025
1669377600000,2022-11-25 20:00,-295.61854025,9704.38145975,295.61854025,2.9561854025
1669392000000,2022-11-26 00:00,-295.61854025,9704.38145975,295.61854025,2.9561854025
1669406400000,2022-11-26 04:00,-295.61854025,9704.38145975,295.61854025,2.9561854025
1669420800000,2022-11-26 08:00,-295.61854025,9704.38145975,295.61854025,2.9561854025
1669435200000,2022-11-26 12:00,-295.61854025,9704.38145975,295.61854025,2.9561854025
1669449600000,2022-11-26 16:00,-295.61854025,9704.38145975,295.61854025,2.9561854025
1669464000000,2022-11-26 20:00,-295.61854025,9704.38145975,295.61854025,2.9561854025
1669478400000,2022-11-27 00:00,-295.61854025,9704.38145975,295.61854025,2.9561854025
1669492800000,2022-11-27 04:00,-295.61854025,9704.38145975,295.61854025,2.9561854025
1669507200000,2022-11-27 08:00,-295.61854025,9704.38145975,295.61854025,2.9561854025
1669521600000,2022-11-27 12:00,-295.61854025,9704.38145975,295.61854025,2.9561854025
1669536000000,2022-11-27 16:00,-295.61854025,9704.38145975,295.61854025,2.9561854025
1669550400000,2022-11-27 20:00,-295.61854025,9704.38145975,295.61854025,2.9561854025
1669564800000,2022-11-28 00:00,-295.61854025,9704.38145975,295.61854025,2.9561854025
1669579200000,2022-11-28 04:00,-295.61854025,9704.38145975,295.61854025,2.9561854025
1669593600000,2022-11-28 08:00,-295.61854025,9704.38145975,295.61854025,2.9561854025
1669608000000,2022-11-28 12:00,-295.61854025,9704.38145975,295.61854025,2.9561854025
1669622400000,2022-11-28 16:00,-295.61854025,9704.38145975,295.61854025,2.9561854025
1669636800000,2022-11-28 20:00,-295.61854025,9704.38145975,295.61854025,2.9561854025
1669651200000,2022-11-29 00:00,-295.61854025,9704.38145975,295.61854025,2.9561854025
1669665600000,2022-11-29 04:00,-295.61854025,9704.38145975,295.61854025,2.9561854025
1669680000000,2022-11-29 08:00,-295.61854025,9704.38145975,295.61854025,2.9561854025
1669694400000,2022-11-29 12:00,-295.61854025,9704.38145975,295.61854025,2.9561854025
1669708800000,2022-11-29 16:00,-295.61854025,9704.38145975,295.61854025,2.9561854025
1669723200000,2022-11-29 20:00,-295.61854025,9704.38145975,295.61854025,2.9561854025
1669737600000,2022-11-30 00:00,-295.61854025,9704.38145975,295.61854025,2.9561854025
1669752000000,2022-11-30 04:00,-295.61854025,9704.38145975,295.61854025,2.9561854025
1669766400000,2022-11-30 08:00,-295.61854025,9704.38145975,295.61854025,2.9561854025
1669780800000,2022-11-30 12:00,-295.61854025,9704.38145975,295.61854025,2.9561854025
1669795200000,2022-11-30 16:00,-295.61854025,9704.38145975,295.61854025,2.9561854025
1669809600000,2022-11-30 20:00,-295.61854025,9704.38145975,295.61854025,2.9561854025
1669824000000,2022-12-01 00:00,-295.61854025,9704.38145975,295.61854025,2.9561854025
1669838400000,2022-12-01 04:00,-295.61854025,9704.38145975,295.61854025,2.9561854025
1669852800000,2022-12-01 08:00,-295.61854025,9704.38145975,295.61854025,2.9561854025
1669867200000,2022-12-01 12:00,-295.61854025,9704.38145975,295.61854025,2.9561854025
1669881600000,2022-12-01 16:00,-295.61854025,9704.38145975,295.61854025,2.9561854025
1669896000000,2022-12-01 20:00,-295.61854025,9704.38145975,295.61854025,2.9561854025
1669910400000,2022-12-02 00:00,-295.61854025,9704.38145975,295.61854025,2.9561854025
1669924800000,2022-12-02 04:00,-295.61854025,9704.38145975,295.61854025,2.9561854025
1669939200000,2022-12-02 08:00,-295.61854025,9704.38145975,295.61854025,2.9561854025
1669953600000,2022-12-02 12:00,-295.61854025,9704.38145975,295.61854025,2.9561854025
1669968000000,2022-12-02 16:00,-295.61854025,9704.38145975,295.61854025,2.9561854025
1669982400000,2022-12-02 20:00,-295.61854025,9704.38145975,295.61854025,2.9561854025
1669996800000,2022-12-03 00:00,-295.61854025,9704.38145975,295.61854025,2.9561854025
1670011200000,2022-12-03 04:00,-295.61854025,9704.38145975,295.61854025,2.9561854025
1670025600000,2022-12-03 08:00,-295.61854025,9704.38145975,295.61854025,2.9561854025
1670040000000,2022-12-03 12:00,-295.61854025,9704.38145975,295.61854025,2.9561854025
1670054400000,2022-12-03 16:00,-295.61854025,9704.38145975,295.61854025,2.9561854025
1670068800000,2022-12-03 20:00,-295.61854025,9704.38145975,295.61854025,2.9561854025
1670083200000,2022-12-04 00:00,-295.61854025,9704.38145975,295.61854025,2.9561854025
1670097600000,2022-12-04 04:00,-295.61854025,9704.38145975,295.61854025,2.9561854025
1670112000000,2022-12-04 08:00,-295.61854025,9704.38145975,295.61854025,2.9561854025
1670126400000,2022-12-04 12:00,-295.61854025,9704.38145975,295.61854025,2.9561854025
1670140800000,2022-12-04 16:00,-295.61854025,9704.38145975,295.61854025,2.9561854025
1670155200000,2022-12-04 20:00,-295.61854025,9704.38145975,295.61854025,2.9561854025
1670169600000,2022-12-05 00:00,-295.61854025,9704.38145975,295.61854025,2.9561854025
1670184000000,2022-12-05 04:00,-295.61854025,9704.38145975,295.61854025,2.9561854025
1670198400000,2022-12-05 08:00,-295.61854025,9704.38145975,295.61854025,2.9561854025
1670212800000,2022-12-05 12:00,-295.61854025,9704.38145975,295.61854025,2.9561854025
1670227200000,2022-12-05 16:00,-295.61854025,9704.38145975,295.61854025,2.9561854025
1670241600000,2022-12-05 20:00,-295.61854025,9704.38145975,295.61854025,2.9561854025
1670256000000,2022-12-06 00:00,-295.61854025,9704.38145975,295.61854025,2.9561854025
1670270400000,2022-12-06 04:00,-295.61854025,9704.38145975,295.61854025,2.9561854025
1670284800000,2022-12-06 08:00,-295.61854025,9704.38145975,295.61854025,2.9561854025
1670299200000,2022-12-06 12:00,-295.61854025,9704.38145975,295.61854025,2.9561854025
1670313600000,2022-12-06 16:00,-295.61854025,9704.38145975,295.61854025,2.9561854025
1670328000000,2022-12-06 20:00,-295.61854025,9704.38145975,295.61854025,2.9561854025
1670342400000,2022-12-07 00:00,-295.61854025,9704.38145975,295.61854025,2.9561854025
1670356800000,2022-12-07 04:00,-295.61854025,9704.38145975,295.61854025,2.9561854025
1670371200000,2022-12-07 08:00,-295.61854025,9704.38145975,295.61854025,2.9561854025
1670385600000,2022-12-07 12:00,-295.61854025,9704.38145975,295.61854025,2.9561854025
1670400000000,2022-12-07 16:00,-295.61854025,9704.38145975,295.61854025,2.9561854025
1670414400000,2022-12-07 20:00,-295.61854025,9704.38145975,295.61854025,2.9561854025
1670428800000,2022-12-08 00:00,-295.61854025,9704.38145975,295.61854025,2.9561854025
1670443200000,2022-12-08 04:00,-295.61854025,9704.38145975,295.61854025,2.9561854025
1670457600000,2022-12-08 08:00,-295.61854025,9704.38145975,295.61854025,2.9561854025
1670472000000,2022-12-08 12:00,-295.61854025,9704.38145975,295.61854025,2.9561854025
1670486400000,2022-12-08 16:00,-295.61854025,9704.38145975,295.61854025,2.9561854025
1670500800000,2022-12-08 20:00,-295.61854025,9704.38145975,295.61854025,2.9561854025
1670515200000,2022-12-09 00:00,-295.61854025,9704.38145975,295.61854025,2.9561854025
1670529600000,2022-12-09 04:00,-295.61854025,9704.38145975,295.61854025,2.9561854025
1670544000000,2022-12-09 08:00,-295.61854025,9704.38145975,295.61854025,2.9561854025
1670558400000,2022-12-09 12:00,-295.61854025,9704.38145975,295.61854025,2.9561854025
1670572800000,2022-12-09 16:00,-295.61854025,9704.38145975,295.61854025,2.9561854025
1670587200000,2022-12-09 20:00,-295.61854025,9704.38145975,295.61854025,2.9561854025
1670601600000,2022-12-10 00:00,-295.61854025,9704.38145975,295.61854025,2.9561854025
1670616000000,2022-12-10 04:00,-295.61854025,9704.38145975,295.61854025,2.9561854025
1670630400000,2022-12-10 08:00,-295.61854025,9704.38145975,295.61854025,2.9561854025
1670644800000,2022-12-10 12:00,-295.61854025,9704.38145975,295.61854025,2.9561854025
1670659200000,2022-12-10 16:00,-295.61854025,9704.38145975,295.61854025,2.9561854025
1670673600000,2022-12-10 20:00,-295.61854025,9704.38145975,295.61854025,2.9561854025
1670688000000,2022-12-11 00:00,-295.61854025,9704.38145975,295.61854025,2.9561854025
1670702400000,2022-12-11 04:00,-295.61854025,9704.38145975,295.61854025,2.9561854025
1670716800000,2022-12-11 08:00,-295.61854025,9704.38145975,295.61854025,2.9561854025
1670731200000,2022-12-11 12:00,-295.61854025,9704.38145975,295.61854025,2.9561854025
1670745600000,2022-12-11 16:00,-295.61854025,9704.38145975,295.61854025,2.9561854025
1670760000000,2022-12-11 20:00,-295.61854025,9704.38145975,295.61854025,2.9561854025
1670774400000,2022-12-12 00:00,-295.61854025,9704.38145975,295.61854025,2.9561854025
1670788800000,2022-12-12 04:00,-295.61854025,9704.38145975,295.61854025,2.9561854025
1670803200000,2022-12-12 08:00,-295.61854025,9704.38145975,295.61854025,2.9561854025
1670817600000,2022-12-12 12:00,-295.61854025,9704.38145975,295.61854025,2.9561854025
1670832000000,2022-12-12 16:00,-295.61854025,9704.38145975,295.61854025,2.9561854025
1670846400000,2022-12-12 20:00,-295.61854025,9704.38145975,295.61854025,2.9561854025
1670860800000,2022-12-13 00:00,-295.61854025,9704.38145975,295.61854025,2.9561854025
1670875200000,2022-12-13 04:00,-295.61854025,9704.38145975,295.61854025,2.9561854025
1670889600000,2022-12-13 08:00,-295.61854025,9704.38145975,295.61854025,2.9561854025
1670904000000,2022-12-13 12:00,-295.61854025,9704.38145975,295.61854025,2.9561854025
1670918400000,2022-12-13 16:00,-295.61854025,9704.38145975,295.61854025,2.9561854025
1670932800000,2022-12-13 20:00,-295.61854025,9704.38145975,295.61854025,2.9561854025
1670947200000,2022-12-14 00:00,-295.61854025,9704.38145975,295.61854025,2.9561854025
1670961600000,2022-12-14 04:00,-295.61854025,9704.38145975,295.61854025,2.9561854025
1670976000000,2022-12-14 08:00,-295.61854025,9704.38145975,295.61854025,2.9561854025
1670990400000,2022-12-14 12:00,-295.61854025,9704.38145975,295.61854025,2.9561854025
1671004800000,2022-12-14 16:00,-295.61854025,9704.38145975,295.61854025,2.9561854025
1671019200000,2022-12-14 20:00,-295.61854025,9704.38145975,295.61854025,2.9561854025
1671033600000,2022-12-15 00:00,-295.61854025,9704.38145975,295.61854025,2.9561854025
1671048000000,2022-12-15 04:00,-295.61854025,9704.38145975,295.61854025,2.9561854025
1671062400000,2022-12-15 08:00,-295.61854025,9704.38145975,295.61854025,2.9561854025
1671076800000,2022-12-15 12:00,-295.61854025,9704.38145975,295.61854025,2.9561854025
1671091200000,2022-12-15 16:00,-295.61854025,9704.38145975,295.61854025,2.9561854025
1671105600000,2022-12-15 20:00,-295.61854025,9704.38145975,295.61854025,2.9561854025
1671120000000,2022-12-16 00:00,-295.61854025,9704.38145975,295.61854025,2.9561854025
1671134400000,2022-12-16 04:00,-295.61854025,9704.38145975,295.61854025,2.9561854025
1671148800000,2022-12-16 08:00,-295.61854025,9704.38145975,295.61854025,2.9561854025
1671163200000,2022-12-16 12:00,-295.61854025,9704.38145975,295.61854025,2.9561854025
1671177600000,2022-12-16 16:00,-295.61854025,9704.38145975,295.61854025,2.9561854025
1671192000000,2022-12-16 20:00,-295.61854025,9704.38145975,295.61854025,2.9561854025
1671206400000,2022-12-17 00:00,-295.61854025,9704.38145975,295.61854025,2.9561854025
1671220800000,2022-12-17 04:00,-295.61854025,9704.38145975,295.61854025,2.9561854025
1671235200000,2022-12-17 08:00,-295.61854025,9704.38145975,295.61854025,2.9561854025
1671249600000,2022-12-17 12:00,-295.61854025,9704.38145975,295.61854025,2.9561854025
1671264000000,2022-12-17 16:00,-295.61854025,9704.38145975,295.61854025,2.9561854025
1671278400000,2022-12-17 20:00,-295.61854025,9704.38145975,295.61854025,2.9561854025
1671292800000,2022-12-18 00:00,-295.61854025,9704.38145975,295.61854025,2.9561854025
1671307200000,2022-12-18 04:00,-295.61854025,9704.38145975,295.61854025,2.9561854025
1671321600000,2022-12-18 08:00,-295.61854025,9704.38145975,295.61854025,2.9561854025
1671336000000,2022-12-18 12:00,-295.61854025,9704.38145975,295.61854025,2.9561854025
1671350400000,2022-12-18 16:00,-295.61854025,9704.38145975,295.61854025,2.9561854025
1671364800000,2022-12-18 20:00,-295.61854025,9704.38145975,295.61854025,2.9561854025
1671379200000,2022-12-19 00:00,-295.61854025,9704.38145975,295.61854025,2.9561854025
1671393600000,2022-12-19 04:00,-295.61854025,9704.38145975,295.61854025,2.9561854025
1671408000000,2022-12-19 08:00,-295.61854025,9704.38145975,295.61854025,2.9561854025
1671422400000,2022-12-19 12:00,-295.61854025,9704.38145975,295.61854025,2.9561854025
1671436800000,2022-12-19 16:00,-295.61854025,9704.38145975,295.61854025,2.9561854025
1671451200000,2022-12-19 20:00,-295.61854025,9704.38145975,295.61854025,2.9561854025
1671465600000,2022-12-20 00:00,-295.61854025,9704.38145975,295.61854025,2.9561854025
1671480000000,2022-12-20 04:00,-295.61854025,9704.38145975,295.61854025,2.9561854025
1671494400000,2022-12-20 08:00,-295.61854025,9704.38145975,295.61854025,2.9561854025
1671508800000,2022-12-20 12:00,-295.61854025,9704.38145975,295.61854025,2.9561854025
1671523200000,2022-12-20 16:00,-295.61854025,9704.38145975,295.61854025,2.9561854025
1671537600000,2022-12-20 20:00,-295.61854025,9704.38145975,295.61854025,2.9561854025
1671552000000,2022-12-21 00:00,-295.61854025,9704.38145975,295.61854025,2.9561854025
1671566400000,2022-12-21 04:00,-295.61854025,9704.38145975,295.61854025,2.9561854025
1671580800000,2022-12-21 08:00,-295.61854025,9704.38145975,295.61854025,2.9561854025
1671595200000,2022-12-21 12:00,-295.61854025,9704.38145975,295.61854025,2.9561854025
1671609600000,2022-12-21 16:00,-295.61854025,9704.38145975,295.61854025,2.9561854025
1671624000000,2022-12-21 20:00,-295.61854025,9704.38145975,295.61854025,2.9561854025
1671638400000,2022-12-22 00:00,-295.61854025,9704.38145975,295.61854025,2.9561854025
1671652800000,2022-12-22 04:00,-295.61854025,9704.38145975,295.61854025,2.9561854025
1671667200000,2022-12-22 08:00,-295.61854025,9704.38145975,295.61854025,2.9561854025
1671681600000,2022-12-22 12:00,-295.61854025,9704.38145975,295.61854025,2.9561854025
1671696000000,2022-12-22 16:00,-295.61854025,9704.38145975,295.61854025,2.9561854025
1671710400000,2022-12-22 20:00,-295.61854025,9704.38145975,295.61854025,2.9561854025
1671724800000,2022-12-23 00:00,-295.61854025,9704.38145975,295.61854025,2.9561854025
1671739200000,2022-12-23 04:00,-295.61854025,9704.38145975,295.61854025,2.9561854025
1671753600000,2022-12-23 08:00,-295.61854025,9704.38145975,295.61854025,2.9561854025
1671768000000,2022-12-23 12:00,-295.61854025,9704.38145975,295.61854025,2.9561854025
1671782400000,2022-12-23 16:00,-295.61854025,9704.38145975,295.61854025,2.9561854025
1671796800000,2022-12-23 20:00,-295.61854025,9704.38145975,295.61854025,2.9561854025
1671811200000,2022-12-24 00:00,-295.61854025,9704.38145975,295.61854025,2.9561854025
1671825600000,2022-12-24 04:00,-295.61854025,9704.38145975,295.61854025,2.9561854025
1671840000000,2022-12-24 08:00,-295.61854025,9704.38145975,295.61854025,2.9561854025
1671854400000,2022-12-24 12:00,-295.61854025,9704.38145975,295.61854025,2.9561854025
1671868800000,2022-12-24 16:00,-295.61854025,9704.38145975,295.61854025,2.9561854025
1671883200000,2022-12-24 20:00,-295.61854025,9704.38145975,295.61854025,2.9561854025
1671897600000,2022-12-25 00:00,-295.61854025,9704.38145975,295.61854025,2.9561854025
1671912000000,2022-12-25 04:00,-295.61854025,9704.38145975,295.61854025,2.9561854025
1671926400000,2022-12-25 08:00,-295.61854025,9704.38145975,295.61854025,2.9561854025
1671940800000,2022-12-25 12:00,-295.61854025,9704.38145975,295.61854025,2.9561854025
1671955200000,2022-12-25 16:00,-295.61854025,9704.38145975,295.61854025,2.9561854025
1671969600000,2022-12-25 20:00,-295.61854025,9704.38145975,295.61854025,2.9561854025
1671984000000,2022-12-26 00:00,-295.61854025,9704.38145975,295.61854025,2.9561854025
1671998400000,2022-12-26 04:00,-295.61854025,9704.38145975,295.61854025,2.9561854025
1672012800000,2022-12-26 08:00,-295.61854025,9704.38145975,295.61854025,2.9561854025
1672027200000,2022-12-26 12:00,-295.61854025,9704.38145975,295.61854025,2.9561854025
1672041600000,2022-12-26 16:00,-295.61854025,9704.38145975,295.61854025,2.9561854025
1672056000000,2022-12-26 20:00,-295.61854025,9704.38145975,295.61854025,2.9561854025
1672070400000,2022-12-27 00:00,-295.61854025,9704.38145975,295.61854025,2.9561854025
1672084800000,2022-12-27 04:00,-295.61854025,9704.38145975,295.61854025,2.9561854025
1672099200000,2022-12-27 08:00,-295.61854025,9704.38145975,295.61854025,2.9561854025
1672113600000,2022-12-27 12:00,-295.61854025,9704.38145975,295.61854025,2.9561854025
1672128000000,2022-12-27 16:00,-295.61854025,9704.38145975,295.61854025,2.9561854025
1672142400000,2022-12-27 20:00,-295.61854025,9704.38145975,295.61854025,2.9561854025
1672156800000,2022-12-28 00:00,-295.61854025,9704.38145975,295.61854025,2.9561854025
1672171200000,2022-12-28 04:00,-295.61854025,9704.38145975,295.61854025,2.9561854025
1672185600000,2022-12-28 08:00,-295.61854025,9704.38145975,295.61854025,2.9561854025
1672200000000,2022-12-28 12:00,-295.61854025,9704.38145975,295.61854025,2.9561854025
1672214400000,2022-12-28 16:00,-295.61854025,9704.38145975,295.61854025,2.9561854025
1672228800000,2022-12-28 20:00,-295.61854025,9704.38145975,295.61854025,2.9561854025
1672243200000,2022-12-29 00:00,-295.61854025,9704.38145975,295.61854025,2.9561854025
1672257600000,2022-12-29 04:00,-295.61854025,9704.38145975,295.61854025,2.9561854025
1672272000000,2022-12-29 08:00,-295.61854025,9704.38145975,295.61854025,2.9561854025
1672286400000,2022-12-29 12:00,-295.61854025,9704.38145975,295.61854025,2.9561854025
1672300800000,2022-12-29 16:00,-295.61854025,9704.38145975,295.61854025,2.9561854025
1672315200000,2022-12-29 20:00,-295.61854025,9704.38145975,295.61854025,2.9561854025
1672329600000,2022-12-30 00:00,-295.61854025,9704.38145975,295.61854025,2.9561854025
1672344000000,2022-12-30 04:00,-295.61854025,9704.38145975,295.61854025,2.9561854025
1672358400000,2022-12-30 08:00,-295.61854025,9704.38145975,295.61854025,2.9561854025
1672372800000,2022-12-30 12:00,-295.61854025,9704.38145975,295.61854025,2.9561854025
1672387200000,2022-12-30 16:00,-295.61854025,9704.38145975,295.61854025,2.9561854025
1672401600000,2022-12-30 20:00,-292.88551226,9707.11448774,292.88551226,2.9288551226
1672416000000,2022-12-31 00:00,-292.88551226,9707.11448774,292.88551226,2.9288551226
1672430400000,2022-12-31 04:00,-292.88551226,9707.11448774,292.88551226,2.9288551226
1672444800000,2022-12-31 08:00,-292.88551226,9707.11448774,292.88551226,2.9288551226
1672459200000,2022-12-31 12:00,-292.88551226,9707.11448774,292.88551226,2.9288551226
1672473600000,2022-12-31 16:00,-292.88551226,9707.11448774,292.88551226,2.9288551226
1672488000000,2022-12-31 20:00,-292.88551226,9707.11448774,292.88551226,2.9288551226
1672502400000,2023-01-01 00:00,-292.88551226,9707.11448774,292.88551226,2.9288551226
1672516800000,2023-01-01 04:00,-292.88551226,9707.11448774,292.88551226,2.9288551226
1672531200000,2023-01-01 08:00,-292.88551226,9707.11448774,292.88551226,2.9288551226
1672545600000,2023-01-01 12:00,-292.88551226,9707.11448774,292.88551226,2.9288551226
1672560000000,2023-01-01 16:00,-292.88551226,9707.11448774,292.88551226,2.9288551226
1672574400000,2023-01-01 20:00,-292.88551226,9707.11448774,292.88551226,2.9288551226
1672588800000,2023-01-02 00:00,-292.88551226,9707.11448774,292.88551226,2.9288551226
1672603200000,2023-01-02 04:00,-292.88551226,9707.11448774,292.88551226,2.9288551226
1672617600000,2023-01-02 08:00,-292.88551226,9707.11448774,292.88551226,2.9288551226
1672632000000,2023-01-02 12:00,-292.88551226,9707.11448774,292.88551226,2.9288551226
1672646400000,2023-01-02 16:00,-292.88551226,9707.11448774,292.88551226,2.9288551226
1672660800000,2023-01-02 20:00,-292.88551226,9707.11448774,292.88551226,2.9288551226
1672675200000,2023-01-03 00:00,-292.88551226,9707.11448774,292.88551226,2.9288551226
1672689600000,2023-01-03 04:00,-292.88551226,9707.11448774,292.88551226,2.9288551226
1672704000000,2023-01-03 08:00,-292.88551226,9707.11448774,292.88551226,2.9288551226
1672718400000,2023-01-03 12:00,-292.88551226,9707.11448774,292.88551226,2.9288551226
1672732800000,2023-01-03 16:00,-292.88551226,9707.11448774,292.88551226,2.9288551226
1672747200000,2023-01-03 20:00,-292.88551226,9707.11448774,292.88551226,2.9288551226
1672761600000,2023-01-04 00:00,-292.88551226,9707.11448774,292.88551226,2.9288551226
1672776000000,2023-01-04 04:00,-292.88551226,9707.11448774,292.88551226,2.9288551226
1672790400000,2023-01-04 08:00,-292.88551226,9707.11448774,292.88551226,2.9288551226
1672804800000,2023-01-04 12:00,-292.88551226,9707.11448774,292.88551226,2.9288551226
1672819200000,2023-01-04 16:00,-292.88551226,9707.11448774,292.88551226,2.9288551226
1672833600000,2023-01-04 20:00,-292.88551226,9707.11448774,292.88551226,2.9288551226
1672848000000,2023-01-05 00:00,-292.88551226,9707.11448774,292.88551226,2.9288551226
1672862400000,2023-01-05 04:00,-292.88551226,9707.11448774,292.88551226,2.9288551226
1672876800000,2023-01-05 08:00,-292.88551226,9707.11448774,292.88551226,2.9288551226
1672891200000,2023-01-05 12:00,-292.88551226,9707.11448774,292.88551226,2.9288551226
1672905600000,2023-01-05 16:00,-292.88551226,9707.11448774,292.88551226,2.9288551226
1672920000000,2023-01-05 20:00,-292.88551226,9707.11448774,292.88551226,2.9288551226
1672934400000,2023-01-06 00:00,-292.88551226,9707.11448774,292.88551226,2.9288551226
1672948800000,2023-01-06 04:00,-292.88551226,9707.11448774,292.88551226,2.9288551226
1672963200000,2023-01-06 08:00,-292.88551226,9707.11448774,292.88551226,2.9288551226
1672977600000,2023-01-06 12:00,-292.88551226,9707.11448774,292.88551226,2.9288551226
1672992000000,2023-01-06 16:00,-292.88551226,9707.11448774,292.88551226,2.9288551226
1673006400000,2023-01-06 20:00,-292.88551226,9707.11448774,292.88551226,2.9288551226
1673020800000,2023-01-07 00:00,-292.88551226,9707.11448774,292.88551226,2.9288551226
1673035200000,2023-01-07 04:00,-292.88551226,9707.11448774,292.88551226,2.9288551226
1673049600000,2023-01-07 08:00,-292.88551226,9707.11448774,292.88551226,2.9288551226
1673064000000,2023-01-07 12:00,-292.88551226,9707.11448774,292.88551226,2.9288551226
1673078400000,2023-01-07 16:00,-292.88551226,9707.11448774,292.88551226,2.9288551226
1673092800000,2023-01-07 20:00,-292.88551226,9707.11448774,292.88551226,2.9288551226
1673107200000,2023-01-08 00:00,-292.88551226,9707.11448774,292.88551226,2.9288551226
1673121600000,2023-01-08 04:00,-292.88551226,9707.11448774,292.88551226,2.9288551226
1673136000000,2023-01-08 08:00,-292.88551226,9707.11448774,292.88551226,2.9288551226
1673150400000,2023-01-08 12:00,-292.88551226,9707.11448774,292.88551226,2.9288551226
1673164800000,2023-01-08 16:00,-292.88551226,9707.11448774,292.88551226,2.9288551226
1673179200000,2023-01-08 20:00,-292.88551226,9707.11448774,292.88551226,2.9288551226
1673193600000,2023-01-09 00:00,-292.88551226,9707.11448774,292.88551226,2.9288551226
1673208000000,2023-01-09 04:00,-292.88551226,9707.11448774,292.88551226,2.9288551226
1673222400000,2023-01-09 08:00,-292.88551226,9707.11448774,292.88551226,2.9288551226
1673236800000,2023-01-09 12:00,-292.88551226,9707.11448774,292.88551226,2.9288551226
1673251200000,2023-01-09 16:00,-292.88551226,9707.11448774,292.88551226,2.9288551226
1673265600000,2023-01-09 20:00,-292.88551226,9707.11448774,292.88551226,2.9288551226
1673280000000,2023-01-10 00:00,-292.88551226,9707.11448774,292.88551226,2.9288551226
1673294400000,2023-01-10 04:00,-292.88551226,9707.11448774,292.88551226,2.9288551226
1673308800000,2023-01-10 08:00,-292.88551226,9707.11448774,292.88551226,2.9288551226
1673323200000,2023-01-10 12:00,-292.88551226,9707.11448774,292.88551226,2.9288551226
1673337600000,2023-01-10 16:00,-292.88551226,9707.11448774,292.88551226,2.9288551226
1673352000000,2023-01-10 20:00,-292.88551226,9707.11448774,292.88551226,2.9288551226
1673366400000,2023-01-11 00:00,-292.88551226,9707.11448774,292.88551226,2.9288551226
1673380800000,2023-01-11 04:00,-292.88551226,9707.11448774,292.88551226,2.9288551226
1673395200000,2023-01-11 08:00,-292.88551226,9707.11448774,292.88551226,2.9288551226
1673409600000,2023-01-11 12:00,-292.88551226,9707.11448774,292.88551226,2.9288551226
1673424000000,2023-01-11 16:00,-292.88551226,9707.11448774,292.88551226,2.9288551226
1673438400000,2023-01-11 20:00,-292.88551226,9707.11448774,292.88551226,2.9288551226
1673452800000,2023-01-12 00:00,-292.88551226,9707.11448774,292.88551226,2.9288551226
1673467200000,2023-01-12 04:00,-292.88551226,9707.11448774,292.88551226,2.9288551226
1673481600000,2023-01-12 08:00,-292.88551226,9707.11448774,292.88551226,2.9288551226
1673496000000,2023-01-12 12:00,-292.88551226,9707.11448774,292.88551226,2.9288551226
1673510400000,2023-01-12 16:00,-292.88551226,9707.11448774,292.88551226,2.9288551226
1673524800000,2023-01-12 20:00,-292.88551226,9707.11448774,292.88551226,2.9288551226
1673539200000,2023-01-13 00:00,-292.88551226,9707.11448774,292.88551226,2.9288551226
1673553600000,2023-01-13 04:00,-292.88551226,9707.11448774,292.88551226,2.9288551226
1673568000000,2023-01-13 08:00,-292.88551226,9707.11448774,292.88551226,2.9288551226
1673582400000,2023-01-13 12:00,-292.88551226,9707.11448774,292.88551226,2.9288551226
1673596800000,2023-01-13 16:00,-292.88551226,9707.11448774,292.88551226,2.9288551226
1673611200000,2023-01-13 20:00,-292.88551226,9707.11448774,292.88551226,2.9288551226
1673625600000,2023-01-14 00:00,-292.88551226,9707.11448774,292.88551226,2.9288551226
1673640000000,2023-01-14 04:00,-292.88551226,9707.11448774,292.88551226,2.9288551226
1673654400000,2023-01-14 08:00,-292.88551226,9707.11448774,292.88551226,2.9288551226
1673668800000,2023-01-14 12:00,-292.88551226,9707.11448774,292.88551226,2.9288551226
1673683200000,2023-01-14 16:00,-292.88551226,9707.11448774,292.88551226,2.9288551226
1673697600000,2023-01-14 20:00,-292.88551226,9707.11448774,292.88551226,2.9288551226
1673712000000,2023-01-15 00:00,-292.88551226,9707.11448774,292.88551226,2.9288551226
1673726400000,2023-01-15 04:00,-292.88551226,9707.11448774,292.88551226,2.9288551226
1673740800000,2023-01-15 08:00,-292.88551226,9707.11448774,292.88551226,2.9288551226
1673755200000,2023-01-15 12:00,-292.88551226,9707.11448774,292.88551226,2.9288551226
1673769600000,2023-01-15 16:00,-292.88551226,9707.11448774,292.88551226,2.9288551226
1673784000000,2023-01-15 20:00,-292.88551226,9707.11448774,292.88551226,2.9288551226
1673798400000,2023-01-16 00:00,-292.88551226,9707.11448774,292.88551226,2.9288551226
1673812800000,2023-01-16 04:00,-292.88551226,9707.11448774,292.88551226,2.9288551226
1673827200000,2023-01-16 08:00,-292.88551226,9707.11448774,292.88551226,2.9288551226
1673841600000,2023-01-16 12:00,-292.88551226,9707.11448774,292.88551226,2.9288551226
1673856000000,2023-01-16 16:00,-292.88551226,9707.11448774,292.88551226,2.9288551226
1673870400000,2023-01-16 20:00,-292.88551226,9707.11448774,292.88551226,2.9288551226
1673884800000,2023-01-17 00:00,-292.88551226,9707.11448774,292.88551226,2.9288551226
1673899200000,2023-01-17 04:00,-292.88551226,9707.11448774,292.88551226,2.9288551226
1673913600000,2023-01-17 08:00,-292.88551226,9707.11448774,292.88551226,2.9288551226
1673928000000,2023-01-17 12:00,-292.88551226,9707.11448774,292.88551226,2.9288551226
1673942400000,2023-01-17 16:00,-292.88551226,9707.11448774,292.88551226,2.9288551226
1673956800000,2023-01-17 20:00,-292.88551226,9707.11448774,292.88551226,2.9288551226
1673971200000,2023-01-18 00:00,-292.88551226,9707.11448774,292.88551226,2.9288551226
1673985600000,2023-01-18 04:00,-292.88551226,9707.11448774,292.88551226,2.9288551226
1674000000000,2023-01-18 08:00,-292.88551226,9707.11448774,292.88551226,2.9288551226
1674014400000,2023-01-18 12:00,-292.88551226,9707.11448774,292.88551226,2.9288551226
1674028800000,2023-01-18 16:00,-292.88551226,9707.11448774,292.88551226,2.9288551226
1674043200000,2023-01-18 20:00,-292.88551226,9707.11448774,292.88551226,2.9288551226
1674057600000,2023-01-19 00:00,-292.88551226,9707.11448774,292.88551226,2.9288551226
1674072000000,2023-01-19 04:00,-292.88551226,9707.11448774,292.88551226,2.9288551226
1674086400000,2023-01-19 08:00,-292.88551226,9707.11448774,292.88551226,2.9288551226
1674100800000,2023-01-19 12:00,-292.88551226,9707.11448774,292.88551226,2.9288551226
1674115200000,2023-01-19 16:00,-292.88551226,9707.11448774,292.88551226,2.9288551226
1674129600000,2023-01-19 20:00,-292.88551226,9707.11448774,292.88551226,2.9288551226
1674144000000,2023-01-20 00:00,-292.88551226,9707.11448774,292.88551226,2.9288551226
1674158400000,2023-01-20 04:00,-292.88551226,9707.11448774,292.88551226,2.9288551226
1674172800000,2023-01-20 08:00,-292.88551226,9707.11448774,292.88551226,2.9288551226
1674187200000,2023-01-20 12:00,-292.88551226,9707.11448774,292.88551226,2.9288551226
1674201600000,2023-01-20 16:00,-292.88551226,9707.11448774,292.88551226,2.9288551226
1674216000000,2023-01-20 20:00,-292.88551226,9707.11448774,292.88551226,2.9288551226
1674230400000,2023-01-21 00:00,-292.88551226,9707.11448774,292.88551226,2.9288551226
1674244800000,2023-01-21 04:00,-292.88551226,9707.11448774,292.88551226,2.9288551226
1674259200000,2023-01-21 08:00,-292.88551226,9707.11448774,292.88551226,2.9288551226
1674273600000,2023-01-21 12:00,-292.88551226,9707.11448774,292.88551226,2.9288551226
1674288000000,2023-01-21 16:00,-292.88551226,9707.11448774,292.88551226,2.9288551226
1674302400000,2023-01-21 20:00,-292.88551226,9707.11448774,292.88551226,2.9288551226
1674316800000,2023-01-22 00:00,-292.88551226,9707.11448774,292.88551226,2.9288551226
1674331200000,2023-01-22 04:00,-292.88551226,9707.11448774,292.88551226,2.9288551226
1674345600000,2023-01-22 08:00,-292.88551226,9707.11448774,292.88551226,2.9288551226
1674360000000,2023-01-22 12:00,-292.88551226,9707.11448774,292.88551226,2.9288551226
1674374400000,2023-01-22 16:00,-292.88551226,9707.11448774,292.88551226,2.9288551226
1674388800000,2023-01-22 20:00,-292.88551226,9707.11448774,292.88551226,2.9288551226
1674403200000,2023-01-23 00:00,-292.88551226,9707.11448774,292.88551226,2.9288551226
1674417600000,2023-01-23 04:00,-292.88551226,9707.11448774,292.88551226,2.9288551226
1674432000000,2023-01-23 08:00,-292.88551226,9707.11448774,292.88551226,2.9288551226
1674446400000,2023-01-23 12:00,-292.88551226,9707.11448774,292.88551226,2.9288551226
1674460800000,2023-01-23 16:00,-292.88551226,9707.11448774,292.88551226,2.9288551226
1674475200000,2023-01-23 20:00,-292.88551226,9707.11448774,292.88551226,2.9288551226
1674489600000,2023-01-24 00:00,-292.88551226,9707.11448774,292.88551226,2.9288551226
1674504000000,2023-01-24 04:00,-292.88551226,9707.11448774,292.88551226,2.9288551226
1674518400000,2023-01-24 08:00,-292.88551226,9707.11448774,292.88551226,2.9288551226
1674532800000,2023-01-24 12:00,-292.88551226,9707.11448774,292.88551226,2.9288551226
1674547200000,2023-01-24 16:00,-292.88551226,9707.11448774,292.88551226,2.9288551226
1674561600000,2023-01-24 20:00,-292.88551226,9707.11448774,292.88551226,2.9288551226
1674576000000,2023-01-25 00:00,-292.88551226,9707.11448774,292.88551226,2.9288551226
1674590400000,2023-01-25 04:00,-292.88551226,9707.11448774,292.88551226,2.9288551226
1674604800000,2023-01-25 08:00,-292.88551226,9707.11448774,292.88551226,2.9288551226
1674619200000,2023-01-25 12:00,-292.88551226,9707.11448774,292.88551226,2.9288551226
1674633600000,2023-01-25 16:00,-292.88551226,9707.11448774,292.88551226,2.9288551226
1674648000000,2023-01-25 20:00,-292.88551226,9707.11448774,292.88551226,2.9288551226
1674662400000,2023-01-26 00:00,-292.88551226,9707.11448774,292.88551226,2.9288551226
1674676800000,2023-01-26 04:00,-292.88551226,9707.11448774,292.88551226,2.9288551226
1674691200000,2023-01-26 08:00,-292.88551226,9707.11448774,292.88551226,2.9288551226
1674705600000,2023-01-26 12:00,-292.88551226,9707.11448774,292.88551226,2.9288551226
1674720000000,2023-01-26 16:00,-292.88551226,9707.11448774,292.88551226,2.9288551226
1674734400000,2023-01-26 20:00,-292.88551226,9707.11448774,292.88551226,2.9288551226
1674748800000,2023-01-27 00:00,-292.88551226,9707.11448774,292.88551226,2.9288551226
1674763200000,2023-01-27 04:00,-292.88551226,9707.11448774,292.88551226,2.9288551226
1674777600000,2023-01-27 08:00,-292.88551226,9707.11448774,292.88551226,2.9288551226
1674792000000,2023-01-27 12:00,-292.88551226,9707.11448774,292.88551226,2.9288551226
1674806400000,2023-01-27 16:00,-292.88551226,9707.11448774,292.88551226,2.9288551226
1674820800000,2023-01-27 20:00,-292.88551226,9707.11448774,292.88551226,2.9288551226
1674835200000,2023-01-28 00:00,-292.88551226,9707.11448774,292.88551226,2.9288551226
1674849600000,2023-01-28 04:00,-292.88551226,9707.11448774,292.88551226,2.9288551226
1674864000000,2023-01-28 08:00,-292.88551226,9707.11448774,292.88551226,2.9288551226
1674878400000,2023-01-28 12:00,-292.88551226,9707.11448774,292.88551226,2.9288551226
1674892800000,2023-01-28 16:00,-292.88551226,9707.11448774,292.88551226,2.9288551226
1674907200000,2023-01-28 20:00,-292.88551226,9707.11448774,292.88551226,2.9288551226
1674921600000,2023-01-29 00:00,-292.88551226,9707.11448774,292.88551226,2.9288551226
1674936000000,2023-01-29 04:00,-292.88551226,9707.11448774,292.88551226,2.9288551226
1674950400000,2023-01-29 08:00,-292.88551226,9707.11448774,292.88551226,2.9288551226
1674964800000,2023-01-29 12:00,-292.88551226,9707.11448774,292.88551226,2.9288551226
1674979200000,2023-01-29 16:00,-292.88551226,9707.11448774,292.88551226,2.9288551226
1674993600000,2023-01-29 20:00,-292.88551226,9707.11448774,292.88551226,2.9288551226
1675008000000,2023-01-30 00:00,-292.88551226,9707.11448774,292.88551226,2.9288551226
1675022400000,2023-01-30 04:00,-292.88551226,9707.11448774,292.88551226,2.9288551226
1675036800000,2023-01-30 08:00,-292.88551226,9707.11448774,292.88551226,2.9288551226
1675051200000,2023-01-30 12:00,-292.88551226,9707.11448774,292.88551226,2.9288551226
1675065600000,2023-01-30 16:00,-292.88551226,9707.11448774,292.88551226,2.9288551226
1675080000000,2023-01-30 20:00,-292.88551226,9707.11448774,292.88551226,2.9288551226
1675094400000,2023-01-31 00:00,-292.88551226,9707.11448774,292.88551226,2.9288551226
1675108800000,2023-01-31 04:00,-292.88551226,9707.11448774,292.88551226,2.9288551226
1675123200000,2023-01-31 08:00,-292.88551226,9707.11448774,292.88551226,2.9288551226
1675137600000,2023-01-31 12:00,-292.88551226,9707.11448774,292.88551226,2.9288551226
1675152000000,2023-01-31 16:00,-292.88551226,9707.11448774,292.88551226,2.9288551226
1675166400000,2023-01-31 20:00,-292.88551226,9707.11448774,292.88551226,2.9288551226
1675180800000,2023-02-01 00:00,-292.88551226,9707.11448774,292.88551226,2.9288551226
1675195200000,2023-02-01 04:00,-292.88551226,9707.11448774,292.88551226,2.9288551226
1675209600000,2023-02-01 08:00,-292.88551226,9707.11448774,292.88551226,2.9288551226
1675224000000,2023-02-01 12:00,-292.88551226,9707.11448774,292.88551226,2.9288551226
1675238400000,2023-02-01 16:00,-292.88551226,9707.11448774,292.88551226,2.9288551226
1675252800000,2023-02-01 20:00,-292.88551226,9707.11448774,292.88551226,2.9288551226
1675267200000,2023-02-02 00:00,-292.88551226,9707.11448774,292.88551226,2.9288551226
1675281600000,2023-02-02 04:00,-292.88551226,9707.11448774,292.88551226,2.9288551226
1675296000000,2023-02-02 08:00,-292.88551226,9707.11448774,292.88551226,2.9288551226
1675310400000,2023-02-02 12:00,-292.88551226,9707.11448774,292.88551226,2.9288551226
1675324800000,2023-02-02 16:00,-292.88551226,9707.11448774,292.88551226,2.9288551226
1675339200000,2023-02-02 20:00,-292.88551226,9707.11448774,292.88551226,2.9288551226
1675353600000,2023-02-03 00:00,-292.88551226,9707.11448774,292.88551226,2.9288551226
1675368000000,2023-02-03 04:00,-292.88551226,9707.11448774,292.88551226,2.9288551226
1675382400000,2023-02-03 08:00,-292.88551226,9707.11448774,292.88551226,2.9288551226
1675396800000,2023-02-03 12:00,-292.88551226,9707.11448774,292.88551226,2.9288551226
1675411200000,2023-02-03 16:00,-292.88551226,9707.11448774,292.88551226,2.9288551226
1675425600000,2023-02-03 20:00,-292.88551226,9707.11448774,292.88551226,2.9288551226
1675440000000,2023-02-04 00:00,-292.88551226,9707.11448774,292.88551226,2.9288551226
1675454400000,2023-02-04 04:00,-292.88551226,9707.11448774,292.88551226,2.9288551226
1675468800000,2023-02-04 08:00,-292.88551226,9707.11448774,292.88551226,2.9288551226
1675483200000,2023-02-04 12:00,-292.88551226,9707.11448774,292.88551226,2.9288551226
1675497600000,2023-02-04 16:00,-292.88551226,9707.11448774,292.88551226,2.9288551226
1675512000000,2023-02-04 20:00,-292.88551226,9707.11448774,292.88551226,2.9288551226
1675526400000,2023-02-05 00:00,-292.88551226,9707.11448774,292.88551226,2.9288551226
1675540800000,2023-02-05 04:00,-292.88551226,9707.11448774,292.88551226,2.9288551226
1675555200000,2023-02-05 08:00,-292.88551226,9707.11448774,292.88551226,2.9288551226
1675569600000,2023-02-05 12:00,-292.88551226,9707.11448774,292.88551226,2.9288551226
1675584000000,2023-02-05 16:00,-292.88551226,9707.11448774,292.88551226,2.9288551226
1675598400000,2023-02-05 20:00,-292.88551226,9707.11448774,292.88551226,2.9288551226
1675612800000,2023-02-06 00:00,-292.88551226,9707.11448774,292.88551226,2.9288551226
1675627200000,2023-02-06 04:00,-292.88551226,9707.11448774,292.88551226,2.9288551226
1675641600000,2023-02-06 08:00,-292.88551226,9707.11448774,292.88551226,2.9288551226
1675656000000,2023-02-06 12:00,-292.88551226,9707.11448774,292.88551226,2.9288551226
1675670400000,2023-02-06 16:00,-292.88551226,9707.11448774,292.88551226,2.9288551226
1675684800000,2023-02-06 20:00,-292.88551226,9707.11448774,292.88551226,2.9288551226
1675699200000,2023-02-07 00:00,-292.88551226,9707.11448774,292.88551226,2.9288551226
1675713600000,2023-02-07 04:00,-292.88551226,9707.11448774,292.88551226,2.9288551226
1675728000000,2023-02-07 08:00,-292.88551226,9707.11448774,292.88551226,2.9288551226
1675742400000,2023-02-07 12:00,-292.88551226,9707.11448774,292.88551226,2.9288551226
1675756800000,2023-02-07 16:00,-291.37892404,9708.62107596,291.37892404,2.9137892404
1675771200000,2023-02-07 20:00,-291.37892404,9708.62107596,291.37892404,2.9137892404
1675785600000,2023-02-08 00:00,-291.37892404,9708.62107596,291.37892404,2.9137892404
1675800000000,2023-02-08 04:00,-291.37892404,9708.62107596,291.37892404,2.9137892404
1675814400000,2023-02-08 08:00,-291.37892404,9708.62107596,291.37892404,2.9137892404
1675828800000,2023-02-08 12:00,-291.37892404,9708.62107596,291.37892404,2.9137892404
1675843200000,2023-02-08 16:00,-291.37892404,9708.62107596,291.37892404,2.9137892404
1675857600000,2023-02-08 20:00,-291.37892404,9708.62107596,291.37892404,2.9137892404
1675872000000,2023-02-09 00:00,-291.37892404,9708.62107596,291.37892404,2.9137892404
1675886400000,2023-02-09 04:00,-291.37892404,9708.62107596,291.37892404,2.9137892404
1675900800000,2023-02-09 08:00,-291.37892404,9708.62107596,291.37892404,2.9137892404
1675915200000,2023-02-09 12:00,-291.37892404,9708.62107596,291.37892404,2.9137892404
1675929600000,2023-02-09 16:00,-291.37892404,9708.62107596,291.37892404,2.9137892404
1675944000000,2023-02-09 20:00,-291.37892404,9708.62107596,291.37892404,2.9137892404
1675958400000,2023-02-10 00:00,-291.37892404,9708.62107596,291.37892404,2.9137892404
1675972800000,2023-02-10 04:00,-291.37892404,9708.62107596,291.37892404,2.9137892404
1675987200000,2023-02-10 08:00,-291.37892404,9708.62107596,291.37892404,2.9137892404
1676001600000,2023-02-10 12:00,-291.37892404,9708.62107596,291.37892404,2.9137892404
1676016000000,2023-02-10 16:00,-291.37892404,9708.62107596,291.37892404,2.9137892404
1676030400000,2023-02-10 20:00,-291.37892404,9708.62107596,291.37892404,2.9137892404
1676044800000,2023-02-11 00:00,-291.37892404,9708.62107596,291.37892404,2.9137892404
1676059200000,2023-02-11 04:00,-291.37892404,9708.62107596,291.37892404,2.9137892404
1676073600000,2023-02-11 08:00,-291.37892404,9708.62107596,291.37892404,2.9137892404
1676088000000,2023-02-11 12:00,-291.37892404,9708.62107596,291.37892404,2.9137892404
1676102400000,2023-02-11 16:00,-291.37892404,9708.62107596,291.37892404,2.9137892404
1676116800000,2023-02-11 20:00,-291.37892404,9708.62107596,291.37892404,2.9137892404
1676131200000,2023-02-12 00:00,-291.37892404,9708.62107596,291.37892404,2.9137892404
1676145600000,2023-02-12 04:00,-291.37892404,9708.62107596,291.37892404,2.9137892404
1676160000000,2023-02-12 08:00,-291.37892404,9708.62107596,291.37892404,2.9137892404
1676174400000,2023-02-12 12:00,-291.37892404,9708.62107596,291.37892404,2.9137892404
1676188800000,2023-02-12 16:00,-291.37892404,9708.62107596,291.37892404,2.9137892404
1676203200000,2023-02-12 20:00,-291.37892404,9708.62107596,291.37892404,2.9137892404
1676217600000,2023-02-13 00:00,-291.37892404,9708.62107596,291.37892404,2.9137892404
1676232000000,2023-02-13 04:00,-291.37892404,9708.62107596,291.37892404,2.9137892404
1676246400000,2023-02-13 08:00,-291.37892404,9708.62107596,291.37892404,2.9137892404
1676260800000,2023-02-13 12:00,-291.37892404,9708.62107596,291.37892404,2.9137892404
1676275200000,2023-02-13 16:00,-291.37892404,9708.62107596,291.37892404,2.9137892404
1676289600000,2023-02-13 20:00,-291.37892404,9708.62107596,291.37892404,2.9137892404
1676304000000,2023-02-14 00:00,-291.37892404,9708.62107596,291.37892404,2.9137892404
1676318400000,2023-02-14 04:00,-291.37892404,9708.62107596,291.37892404,2.9137892404
1676332800000,2023-02-14 08:00,-291.37892404,9708.62107596,291.37892404,2.9137892404
1676347200000,2023-02-14 12:00,-291.37892404,9708.62107596,291.37892404,2.9137892404
1676361600000,2023-02-14 16:00,-291.37892404,9708.62107596,291.37892404,2.9137892404
1676376000000,2023-02-14 20:00,-291.37892404,9708.62107596,291.37892404,2.9137892404
1676390400000,2023-02-15 00:00,-291.37892404,9708.62107596,291.37892404,2.9137892404
1676404800000,2023-02-15 04:00,-291.37892404,9708.62107596,291.37892404,2.9137892404
1676419200000,2023-02-15 08:00,-291.37892404,9708.62107596,291.37892404,2.9137892404
1676433600000,2023-02-15 12:00,-291.37892404,9708.62107596,291.37892404,2.9137892404
1676448000000,2023-02-15 16:00,-291.37892404,9708.62107596,291.37892404,2.9137892404
1676462400000,2023-02-15 20:00,-291.37892404,9708.62107596,291.37892404,2.9137892404
1676476800000,2023-02-16 00:00,-291.37892404,9708.62107596,291.37892404,2.9137892404
1676491200000,2023-02-16 04:00,-291.37892404,9708.62107596,291.37892404,2.9137892404
1676505600000,2023-02-16 08:00,-291.37892404,9708.62107596,291.37892404,2.9137892404
1676520000000,2023-02-16 12:00,-291.37892404,9708.62107596,291.37892404,2.9137892404
1676534400000,2023-02-16 16:00,-291.37892404,9708.62107596,291.37892404,2.9137892404
1676548800000,2023-02-16 20:00,-291.37892404,9708.62107596,291.37892404,2.9137892404
1676563200000,2023-02-17 00:00,-291.37892404,9708.62107596,291.37892404,2.9137892404
1676577600000,2023-02-17 04:00,-291.37892404,9708.62107596,291.37892404,2.9137892404
1676592000000,2023-02-17 08:00,-291.37892404,9708.62107596,291.37892404,2.9137892404
1676606400000,2023-02-17 12:00,-291.37892404,9708.62107596,291.37892404,2.9137892404
1676620800000,2023-02-17 16:00,-291.37892404,9708.62107596,291.37892404,2.9137892404
1676635200000,2023-02-17 20:00,-291.37892404,9708.62107596,291.37892404,2.9137892404
1676649600000,2023-02-18 00:00,-291.37892404,9708.62107596,291.37892404,2.9137892404
1676664000000,2023-02-18 04:00,-291.37892404,9708.62107596,291.37892404,2.9137892404
1676678400000,2023-02-18 08:00,-291.37892404,9708.62107596,291.37892404,2.9137892404
1676692800000,2023-02-18 12:00,-291.37892404,9708.62107596,291.37892404,2.9137892404
1676707200000,2023-02-18 16:00,-291.37892404,9708.62107596,291.37892404,2.9137892404
1676721600000,2023-02-18 20:00,-291.37892404,9708.62107596,291.37892404,2.9137892404
1676736000000,2023-02-19 00:00,-291.37892404,9708.62107596,291.37892404,2.9137892404
1676750400000,2023-02-19 04:00,-291.37892404,9708.62107596,291.37892404,2.9137892404
1676764800000,2023-02-19 08:00,-291.37892404,9708.62107596,291.37892404,2.9137892404
1676779200000,2023-02-19 12:00,-291.37892404,9708.62107596,291.37892404,2.9137892404
1676793600000,2023-02-19 16:00,-291.37892404,9708.62107596,291.37892404,2.9137892404
1676808000000,2023-02-19 20:00,-291.37892404,9708.62107596,291.37892404,2.9137892404
1676822400000,2023-02-20 00:00,-291.37892404,9708.62107596,291.37892404,2.9137892404
1676836800000,2023-02-20 04:00,-291.37892404,9708.62107596,291.37892404,2.9137892404
1676851200000,2023-02-20 08:00,-291.37892404,9708.62107596,291.37892404,2.9137892404
1676865600000,2023-02-20 12:00,-291.37892404,9708.62107596,291.37892404,2.9137892404
1676880000000,2023-02-20 16:00,-291.37892404,9708.62107596,291.37892404,2.9137892404
1676894400000,2023-02-20 20:00,-291.37892404,9708.62107596,291.37892404,2.9137892404
1676908800000,2023-02-21 00:00,-291.37892404,9708.62107596,291.37892404,2.9137892404
1676923200000,2023-02-21 04:00,-291.37892404,9708.62107596,291.37892404,2.9137892404
1676937600000,2023-02-21 08:00,-291.37892404,9708.62107596,291.37892404,2.9137892404
1676952000000,2023-02-21 12:00,-291.37892404,9708.62107596,291.37892404,2.9137892404
1676966400000,2023-02-21 16:00,-291.37892404,9708.62107596,291.37892404,2.9137892404
1676980800000,2023-02-21 20:00,-291.37892404,9708.62107596,291.37892404,2.9137892404
1676995200000,2023-02-22 00:00,-291.37892404,9708.62107596,291.37892404,2.9137892404
1677009600000,2023-02-22 04:00,-291.37892404,9708.62107596,291.37892404,2.9137892404
1677024000000,2023-02-22 08:00,-291.37892404,9708.62107596,291.37892404,2.9137892404
1677038400000,2023-02-22 12:00,-291.37892404,9708.62107596,291.37892404,2.9137892404
1677052800000,2023-02-22 16:00,-291.37892404,9708.62107596,291.37892404,2.9137892404
1677067200000,2023-02-22 20:00,-291.37892404,9708.62107596,291.37892404,2.9137892404
1677081600000,2023-02-23 00:00,-291.37892404,9708.62107596,291.37892404,2.9137892404
1677096000000,2023-02-23 04:00,-291.37892404,9708.62107596,291.37892404,2.9137892404
1677110400000,2023-02-23 08:00,-291.37892404,9708.62107596,291.37892404,2.9137892404
1677124800000,2023-02-23 12:00,-291.37892404,9708.62107596,291.37892404,2.9137892404
1677139200000,2023-02-23 16:00,-291.37892404,9708.62107596,291.37892404,2.9137892404
1677153600000,2023-02-23 20:00,-291.37892404,9708.62107596,291.37892404,2.9137892404
1677168000000,2023-02-24 00:00,-291.37892404,9708.62107596,291.37892404,2.9137892404
1677182400000,2023-02-24 04:00,-291.37892404,9708.62107596,291.37892404,2.9137892404
1677196800000,2023-02-24 08:00,-291.37892404,9708.62107596,291.37892404,2.9137892404
1677211200000,2023-02-24 12:00,-291.37892404,9708.62107596,291.37892404,2.9137892404
1677225600000,2023-02-24 16:00,-291.37892404,9708.62107596,291.37892404,2.9137892404
1677240000000,2023-02-24 20:00,-291.37892404,9708.62107596,291.37892404,2.9137892404
1677254400000,2023-02-25 00:00,-291.37892404,9708.62107596,291.37892404,2.9137892404
1677268800000,2023-02-25 04:00,-291.37892404,9708.62107596,291.37892404,2.9137892404
1677283200000,2023-02-25 08:00,-291.37892404,9708.62107596,291.37892404,2.9137892404
1677297600000,2023-02-25 12:00,-291.37892404,9708.62107596,291.37892404,2.9137892404
1677312000000,2023-02-25 16:00,-291.37892404,9708.62107596,291.37892404,2.9137892404
1677326400000,2023-02-25 20:00,-291.37892404,9708.62107596,291.37892404,2.9137892404
1677340800000,2023-02-26 00:00,-291.37892404,9708.62107596,291.37892404,2.9137892404
1677355200000,2023-02-26 04:00,-291.37892404,9708.62107596,291.37892404,2.9137892404
1677369600000,2023-02-26 08:00,-291.37892404,9708.62107596,291.37892404,2.9137892404
1677384000000,2023-02-26 12:00,-291.37892404,9708.62107596,291.37892404,2.9137892404
1677398400000,2023-02-26 16:00,-291.37892404,9708.62107596,291.37892404,2.9137892404
1677412800000,2023-02-26 20:00,-291.37892404,9708.62107596,291.37892404,2.9137892404
1677427200000,2023-02-27 00:00,-195.46651575,9804.53348425,195.46651575,1.9546651575
1677441600000,2023-02-27 04:00,-195.46651575,9804.53348425,195.46651575,1.9546651575
1677456000000,2023-02-27 08:00,-195.46651575,9804.53348425,195.46651575,1.9546651575
1677470400000,2023-02-27 12:00,-195.46651575,9804.53348425,195.46651575,1.9546651575
1677484800000,2023-02-27 16:00,-195.46651575,9804.53348425,195.46651575,1.9546651575
1677499200000,2023-02-27 20:00,-195.46651575,9804.53348425,195.46651575,1.9546651575
1677513600000,2023-02-28 00:00,-195.46651575,9804.53348425,195.46651575,1.9546651575
1677528000000,2023-02-28 04:00,-195.46651575,9804.53348425,195.46651575,1.9546651575
1677542400000,2023-02-28 08:00,-195.46651575,9804.53348425,195.46651575,1.9546651575
1677556800000,2023-02-28 12:00,-195.46651575,9804.53348425,195.46651575,1.9546651575
1677571200000,2023-02-28 16:00,-195.46651575,9804.53348425,195.46651575,1.9546651575
1677585600000,2023-02-28 20:00,-195.46651575,9804.53348425,195.46651575,1.9546651575
1677600000000,2023-03-01 00:00,-195.46651575,9804.53348425,195.46651575,1.9546651575
1677614400000,2023-03-01 04:00,-195.46651575,9804.53348425,195.46651575,1.9546651575
1677628800000,2023-03-01 08:00,-195.46651575,9804.53348425,195.46651575,1.9546651575
1677643200000,2023-03-01 12:00,-195.46651575,9804.53348425,195.46651575,1.9546651575
1677657600000,2023-03-01 16:00,-195.46651575,9804.53348425,195.46651575,1.9546651575
1677672000000,2023-03-01 20:00,-195.46651575,9804.53348425,195.46651575,1.9546651575
1677686400000,2023-03-02 00:00,-195.46651575,9804.53348425,195.46651575,1.9546651575
1677700800000,2023-03-02 04:00,-195.46651575,9804.53348425,195.46651575,1.9546651575
1677715200000,2023-03-02 08:00,-195.46651575,9804.53348425,195.46651575,1.9546651575
1677729600000,2023-03-02 12:00,-195.46651575,9804.53348425,195.46651575,1.9546651575
1677744000000,2023-03-02 16:00,-195.46651575,9804.53348425,195.46651575,1.9546651575
1677758400000,2023-03-02 20:00,-195.46651575,9804.53348425,195.46651575,1.9546651575
1677772800000,2023-03-03 00:00,-195.46651575,9804.53348425,195.46651575,1.9546651575
1677787200000,2023-03-03 04:00,-195.46651575,9804.53348425,195.46651575,1.9546651575
1677801600000,2023-03-03 08:00,-195.46651575,9804.53348425,195.46651575,1.9546651575
1677816000000,2023-03-03 12:00,-195.46651575,9804.53348425,195.46651575,1.9546651575
1677830400000,2023-03-03 16:00,-195.46651575,9804.53348425,195.46651575,1.9546651575
1677844800000,2023-03-03 20:00,-195.46651575,9804.53348425,195.46651575,1.9546651575
1677859200000,2023-03-04 00:00,-195.46651575,9804.53348425,195.46651575,1.9546651575
1677873600000,2023-03-04 04:00,-195.46651575,9804.53348425,195.46651575,1.9546651575
1677888000000,2023-03-04 08:00,-195.46651575,9804.53348425,195.46651575,1.9546651575
1677902400000,2023-03-04 12:00,-195.46651575,9804.53348425,195.46651575,1.9546651575
1677916800000,2023-03-04 16:00,-195.46651575,9804.53348425,195.46651575,1.9546651575
1677931200000,2023-03-04 20:00,-195.46651575,9804.53348425,195.46651575,1.9546651575
1677945600000,2023-03-05 00:00,-195.46651575,9804.53348425,195.46651575,1.9546651575
1677960000000,2023-03-05 04:00,-195.46651575,9804.53348425,195.46651575,1.9546651575
1677974400000,2023-03-05 08:00,-195.46651575,9804.53348425,195.46651575,1.9546651575
1677988800000,2023-03-05 12:00,-195.46651575,9804.53348425,195.46651575,1.9546651575
1678003200000,2023-03-05 16:00,-195.46651575,9804.53348425,195.46651575,1.9546651575
1678017600000,2023-03-05 20:00,-195.46651575,9804.53348425,195.46651575,1.9546651575
1678032000000,2023-03-06 00:00,-195.46651575,9804.53348425,195.46651575,1.9546651575
1678046400000,2023-03-06 04:00,-195.46651575,9804.53348425,195.46651575,1.9546651575
1678060800000,2023-03-06 08:00,-195.46651575,9804.53348425,195.46651575,1.9546651575
1678075200000,2023-03-06 12:00,-195.46651575,9804.53348425,195.46651575,1.9546651575
1678089600000,2023-03-06 16:00,-195.46651575,9804.53348425,195.46651575,1.9546651575
1678104000000,2023-03-06 20:00,-195.46651575,9804.53348425,195.46651575,1.9546651575
1678118400000,2023-03-07 00:00,-195.46651575,9804.53348425,195.46651575,1.9546651575
1678132800000,2023-03-07 04:00,-195.46651575,9804.53348425,195.46651575,1.9546651575
1678147200000,2023-03-07 08:00,-195.46651575,9804.53348425,195.46651575,1.9546651575
1678161600000,2023-03-07 12:00,-195.46651575,9804.53348425,195.46651575,1.9546651575
1678176000000,2023-03-07 16:00,-195.46651575,9804.53348425,195.46651575,1.9546651575
1678190400000,2023-03-07 20:00,-195.46651575,9804.53348425,195.46651575,1.9546651575
1678204800000,2023-03-08 00:00,-195.46651575,9804.53348425,195.46651575,1.9546651575
1678219200000,2023-03-08 04:00,-195.46651575,9804.53348425,195.46651575,1.9546651575
1678233600000,2023-03-08 08:00,-195.46651575,9804.53348425,195.46651575,1.9546651575
1678248000000,2023-03-08 12:00,-195.46651575,9804.53348425,195.46651575,1.9546651575
1678262400000,2023-03-08 16:00,-195.46651575,9804.53348425,195.46651575,1.9546651575
1678276800000,2023-03-08 20:00,-195.46651575,9804.53348425,195.46651575,1.9546651575
1678291200000,2023-03-09 00:00,-195.46651575,9804.53348425,195.46651575,1.9546651575
1678305600000,2023-03-09 04:00,-195.46651575,9804.53348425,195.46651575,1.9546651575
1678320000000,2023-03-09 08:00,-195.46651575,9804.53348425,195.46651575,1.9546651575
1678334400000,2023-03-09 12:00,-195.46651575,9804.53348425,195.46651575,1.9546651575
1678348800000,2023-03-09 16:00,-195.46651575,9804.53348425,195.46651575,1.9546651575
1678363200000,2023-03-09 20:00,-195.46651575,9804.53348425,195.46651575,1.9546651575
1678377600000,2023-03-10 00:00,-195.46651575,9804.53348425,195.46651575,1.9546651575
1678392000000,2023-03-10 04:00,-195.46651575,9804.53348425,195.46651575,1.9546651575
1678406400000,2023-03-10 08:00,-195.46651575,9804.53348425,195.46651575,1.9546651575
1678420800000,2023-03-10 12:00,-195.46651575,9804.53348425,195.46651575,1.9546651575
1678435200000,2023-03-10 16:00,-195.46651575,9804.53348425,195.46651575,1.9546651575
1678449600000,2023-03-10 20:00,-195.46651575,9804.53348425,195.46651575,1.9546651575
1678464000000,2023-03-11 00:00,-195.46651575,9804.53348425,195.46651575,1.9546651575
1678478400000,2023-03-11 04:00,-195.46651575,9804.53348425,195.46651575,1.9546651575
1678492800000,2023-03-11 08:00,-195.46651575,9804.53348425,195.46651575,1.9546651575
1678507200000,2023-03-11 12:00,-195.46651575,9804.53348425,195.46651575,1.9546651575
1678521600000,2023-03-11 16:00,-195.46651575,9804.53348425,195.46651575,1.9546651575
1678536000000,2023-03-11 20:00,-195.46651575,9804.53348425,195.46651575,1.9546651575
1678550400000,2023-03-12 00:00,-195.46651575,9804.53348425,195.46651575,1.9546651575
1678564800000,2023-03-12 04:00,-195.46651575,9804.53348425,195.46651575,1.9546651575
1678579200000,2023-03-12 08:00,-195.46651575,9804.53348425,195.46651575,1.9546651575
1678593600000,2023-03-12 12:00,-195.46651575,9804.53348425,195.46651575,1.9546651575
1678608000000,2023-03-12 16:00,-195.46651575,9804.53348425,195.46651575,1.9546651575
1678622400000,2023-03-12 20:00,-195.46651575,9804.53348425,195.46651575,1.9546651575
1678636800000,2023-03-13 00:00,-195.46651575,9804.53348425,195.46651575,1.9546651575
1678651200000,2023-03-13 04:00,-195.46651575,9804.53348425,195.46651575,1.9546651575
1678665600000,2023-03-13 08:00,-195.46651575,9804.53348425,195.46651575,1.9546651575
1678680000000,2023-03-13 12:00,-195.46651575,9804.53348425,195.46651575,1.9546651575
1678694400000,2023-03-13 16:00,-195.46651575,9804.53348425,195.46651575,1.9546651575
1678708800000,2023-03-13 20:00,-195.46651575,9804.53348425,195.46651575,1.9546651575
1678723200000,2023-03-14 00:00,-195.46651575,9804.53348425,195.46651575,1.9546651575
1678737600000,2023-03-14 04:00,-195.46651575,9804.53348425,195.46651575,1.9546651575
1678752000000,2023-03-14 08:00,-195.46651575,9804.53348425,195.46651575,1.9546651575
1678766400000,2023-03-14 12:00,-195.46651575,9804.53348425,195.46651575,1.9546651575
1678780800000,2023-03-14 16:00,-195.46651575,9804.53348425,195.46651575,1.9546651575
1678795200000,2023-03-14 20:00,-195.46651575,9804.53348425,195.46651575,1.9546651575
1678809600000,2023-03-15 00:00,-195.46651575,9804.53348425,195.46651575,1.9546651575
1678824000000,2023-03-15 04:00,-195.46651575,9804.53348425,195.46651575,1.9546651575
1678838400000,2023-03-15 08:00,-195.46651575,9804.53348425,195.46651575,1.9546651575
1678852800000,2023-03-15 12:00,-195.46651575,9804.53348425,195.46651575,1.9546651575
1678867200000,2023-03-15 16:00,-195.46651575,9804.53348425,195.46651575,1.9546651575
1678881600000,2023-03-15 20:00,-195.46651575,9804.53348425,195.46651575,1.9546651575
1678896000000,2023-03-16 00:00,-195.46651575,9804.53348425,195.46651575,1.9546651575
1678910400000,2023-03-16 04:00,-195.46651575,9804.53348425,195.46651575,1.9546651575
1678924800000,2023-03-16 08:00,-195.46651575,9804.53348425,195.46651575,1.9546651575
1678939200000,2023-03-16 12:00,-195.46651575,9804.53348425,195.46651575,1.9546651575
1678953600000,2023-03-16 16:00,-195.46651575,9804.53348425,195.46651575,1.9546651575
1678968000000,2023-03-16 20:00,-195.46651575,9804.53348425,195.46651575,1.9546651575
1678982400000,2023-03-17 00:00,-195.46651575,9804.53348425,195.46651575,1.9546651575
1678996800000,2023-03-17 04:00,-195.46651575,9804.53348425,195.46651575,1.9546651575
1679011200000,2023-03-17 08:00,-195.46651575,9804.53348425,195.46651575,1.9546651575
1679025600000,2023-03-17 12:00,-195.46651575,9804.53348425,195.46651575,1.9546651575
1679040000000,2023-03-17 16:00,-195.46651575,9804.53348425,195.46651575,1.9546651575
1679054400000,2023-03-17 20:00,-195.46651575,9804.53348425,195.46651575,1.9546651575
1679068800000,2023-03-18 00:00,-195.46651575,9804.53348425,195.46651575,1.9546651575
1679083200000,2023-03-18 04:00,-195.46651575,9804.53348425,195.46651575,1.9546651575
1679097600000,2023-03-18 08:00,-195.46651575,9804.53348425,195.46651575,1.9546651575
1679112000000,2023-03-18 12:00,-195.46651575,9804.53348425,195.46651575,1.9546651575
1679126400000,2023-03-18 16:00,-195.46651575,9804.53348425,195.46651575,1.9546651575
1679140800000,2023-03-18 20:00,-195.46651575,9804.53348425,195.46651575,1.9546651575
1679155200000,2023-03-19 00:00,-195.46651575,9804.53348425,195.46651575,1.9546651575
1679169600000,2023-03-19 04:00,-195.46651575,9804.53348425,195.46651575,1.9546651575
1679184000000,2023-03-19 08:00,-195.46651575,9804.53348425,195.46651575,1.9546651575
1679198400000,2023-03-19 12:00,-195.46651575,9804.53348425,195.46651575,1.9546651575
1679212800000,2023-03-19 16:00,-195.46651575,9804.53348425,195.46651575,1.9546651575
1679227200000,2023-03-19 20:00,-195.46651575,9804.53348425,195.46651575,1.9546651575
1679241600000,2023-03-20 00:00,-195.46651575,9804.53348425,195.46651575,1.9546651575
1679256000000,2023-03-20 04:00,-195.46651575,9804.53348425,195.46651575,1.9546651575
1679270400000,2023-03-20 08:00,-195.46651575,9804.53348425,195.46651575,1.9546651575
1679284800000,2023-03-20 12:00,-195.46651575,9804.53348425,195.46651575,1.9546651575
1679299200000,2023-03-20 16:00,-195.46651575,9804.53348425,195.46651575,1.9546651575
1679313600000,2023-03-20 20:00,-195.46651575,9804.53348425,195.46651575,1.9546651575
1679328000000,2023-03-21 00:00,-195.46651575,9804.53348425,195.46651575,1.9546651575
1679342400000,2023-03-21 04:00,-195.46651575,9804.53348425,195.46651575,1.9546651575
1679356800000,2023-03-21 08:00,-195.46651575,9804.53348425,195.46651575,1.9546651575
1679371200000,2023-03-21 12:00,-195.46651575,9804.53348425,195.46651575,1.9546651575
1679385600000,2023-03-21 16:00,-195.46651575,9804.53348425,195.46651575,1.9546651575
1679400000000,2023-03-21 20:00,-195.46651575,9804.53348425,195.46651575,1.9546651575
1679414400000,2023-03-22 00:00,-195.46651575,9804.53348425,195.46651575,1.9546651575
1679428800000,2023-03-22 04:00,-195.46651575,9804.53348425,195.46651575,1.9546651575
1679443200000,2023-03-22 08:00,-195.46651575,9804.53348425,195.46651575,1.9546651575
1679457600000,2023-03-22 12:00,-195.46651575,9804.53348425,195.46651575,1.9546651575
1679472000000,2023-03-22 16:00,-195.46651575,9804.53348425,195.46651575,1.9546651575
1679486400000,2023-03-22 20:00,-195.46651575,9804.53348425,195.46651575,1.9546651575
1679500800000,2023-03-23 00:00,-195.46651575,9804.53348425,195.46651575,1.9546651575
1679515200000,2023-03-23 04:00,-195.46651575,9804.53348425,195.46651575,1.9546651575
1679529600000,2023-03-23 08:00,-195.46651575,9804.53348425,195.46651575,1.9546651575
1679544000000,2023-03-23 12:00,-195.46651575,9804.53348425,195.46651575,1.9546651575
1679558400000,2023-03-23 16:00,-195.46651575,9804.53348425,195.46651575,1.9546651575
1679572800000,2023-03-23 20:00,-195.46651575,9804.53348425,195.46651575,1.9546651575
1679587200000,2023-03-24 00:00,-195.46651575,9804.53348425,195.46651575,1.9546651575
1679601600000,2023-03-24 04:00,-195.46651575,9804.53348425,195.46651575,1.9546651575
1679616000000,2023-03-24 08:00,-195.46651575,9804.53348425,195.46651575,1.9546651575
1679630400000,2023-03-24 12:00,-195.46651575,9804.53348425,195.46651575,1.9546651575
1679644800000,2023-03-24 16:00,-195.46651575,9804.53348425,195.46651575,1.9546651575
1679659200000,2023-03-24 20:00,-195.46651575,9804.53348425,195.46651575,1.9546651575
1679673600000,2023-03-25 00:00,-195.46651575,9804.53348425,195.46651575,1.9546651575
1679688000000,2023-03-25 04:00,-195.46651575,9804.53348425,195.46651575,1.9546651575
1679702400000,2023-03-25 08:00,-195.46651575,9804.53348425,195.46651575,1.9546651575
1679716800000,2023-03-25 12:00,-195.46651575,9804.53348425,195.46651575,1.9546651575
1679731200000,2023-03-25 16:00,-195.46651575,9804.53348425,195.46651575,1.9546651575
1679745600000,2023-03-25 20:00,-195.46651575,9804.53348425,195.46651575,1.9546651575
1679760000000,2023-03-26 00:00,-195.46651575,9804.53348425,195.46651575,1.9546651575
1679774400000,2023-03-26 04:00,-195.46651575,9804.53348425,195.46651575,1.9546651575
1679788800000,2023-03-26 08:00,-195.46651575,9804.53348425,195.46651575,1.9546651575
1679803200000,2023-03-26 12:00,-195.46651575,9804.53348425,195.46651575,1.9546651575
1679817600000,2023-03-26 16:00,-195.46651575,9804.53348425,195.46651575,1.9546651575
1679832000000,2023-03-26 20:00,-294.4027971,9705.5972029,294.4027971,2.944027971
1679846400000,2023-03-27 00:00,-294.4027971,9705.5972029,294.4027971,2.944027971
1679860800000,2023-03-27 04:00,-294.4027971,9705.5972029,294.4027971,2.944027971
1679875200000,2023-03-27 08:00,-294.4027971,9705.5972029,294.4027971,2.944027971
1679889600000,2023-03-27 12:00,-294.4027971,9705.5972029,294.4027971,2.944027971
1679904000000,2023-03-27 16:00,-294.4027971,9705.5972029,294.4027971,2.944027971
1679918400000,2023-03-27 20:00,-294.4027971,9705.5972029,294.4027971,2.944027971
1679932800000,2023-03-28 00:00,-294.4027971,9705.5972029,294.4027971,2.944027971
1679947200000,2023-03-28 04:00,-294.4027971,9705.5972029,294.4027971,2.944027971
1679961600000,2023-03-28 08:00,-294.4027971,9705.5972029,294.4027971,2.944027971
1679976000000,2023-03-28 12:00,-294.4027971,9705.5972029,294.4027971,2.944027971
1679990400000,2023-03-28 16:00,-294.4027971,9705.5972029,294.4027971,2.944027971
1680004800000,2023-03-28 20:00,-294.4027971,9705.5972029,294.4027971,2.944027971
1680019200000,2023-03-29 00:00,-294.4027971,9705.5972029,294.4027971,2.944027971
1680033600000,2023-03-29 04:00,-294.4027971,9705.5972029,294.4027971,2.944027971
1680048000000,2023-03-29 08:00,-294.4027971,9705.5972029,294.4027971,2.944027971
1680062400000,2023-03-29 12:00,-294.4027971,9705.5972029,294.4027971,2.944027971
1680076800000,2023-03-29 16:00,-294.4027971,9705.5972029,294.4027971,2.944027971
1680091200000,2023-03-29 20:00,-294.4027971,9705.5972029,294.4027971,2.944027971
1680105600000,2023-03-30 00:00,-294.4027971,9705.5972029,294.4027971,2.944027971
1680120000000,2023-03-30 04:00,-294.4027971,9705.5972029,294.4027971,2.944027971
1680134400000,2023-03-30 08:00,-294.4027971,9705.5972029,294.4027971,2.944027971
1680148800000,2023-03-30 12:00,-294.4027971,9705.5972029,294.4027971,2.944027971
1680163200000,2023-03-30 16:00,-294.4027971,9705.5972029,294.4027971,2.944027971
1680177600000,2023-03-30 20:00,-294.4027971,9705.5972029,294.4027971,2.944027971
1680192000000,2023-03-31 00:00,-294.4027971,9705.5972029,294.4027971,2.944027971
1680206400000,2023-03-31 04:00,-294.4027971,9705.5972029,294.4027971,2.944027971
1680220800000,2023-03-31 08:00,-294.4027971,9705.5972029,294.4027971,2.944027971
1680235200000,2023-03-31 12:00,-294.4027971,9705.5972029,294.4027971,2.944027971
1680249600000,2023-03-31 16:00,-294.4027971,9705.5972029,294.4027971,2.944027971
1680264000000,2023-03-31 20:00,-294.4027971,9705.5972029,294.4027971,2.944027971
1680278400000,2023-04-01 00:00,-294.4027971,9705.5972029,294.4027971,2.944027971
1680292800000,2023-04-01 04:00,-294.4027971,9705.5972029,294.4027971,2.944027971
1680307200000,2023-04-01 08:00,-294.4027971,9705.5972029,294.4027971,2.944027971
1680321600000,2023-04-01 12:00,-294.4027971,9705.5972029,294.4027971,2.944027971
1680336000000,2023-04-01 16:00,-294.4027971,9705.5972029,294.4027971,2.944027971
1680350400000,2023-04-01 20:00,-294.4027971,9705.5972029,294.4027971,2.944027971
1680364800000,2023-04-02 00:00,-294.4027971,9705.5972029,294.4027971,2.944027971
1680379200000,2023-04-02 04:00,-294.4027971,9705.5972029,294.4027971,2.944027971
1680393600000,2023-04-02 08:00,-294.4027971,9705.5972029,294.4027971,2.944027971
1680408000000,2023-04-02 12:00,-294.4027971,9705.5972029,294.4027971,2.944027971
1680422400000,2023-04-02 16:00,-294.4027971,9705.5972029,294.4027971,2.944027971
1680436800000,2023-04-02 20:00,-294.4027971,9705.5972029,294.4027971,2.944027971
1680451200000,2023-04-03 00:00,-294.4027971,9705.5972029,294.4027971,2.944027971
1680465600000,2023-04-03 04:00,-294.4027971,9705.5972029,294.4027971,2.944027971
1680480000000,2023-04-03 08:00,-294.4027971,9705.5972029,294.4027971,2.944027971
1680494400000,2023-04-03 12:00,-294.4027971,9705.5972029,294.4027971,2.944027971
1680508800000,2023-04-03 16:00,-294.4027971,9705.5972029,294.4027971,2.944027971
1680523200000,2023-04-03 20:00,-294.4027971,9705.5972029,294.4027971,2.944027971
1680537600000,2023-04-04 00:00,-294.4027971,9705.5972029,294.4027971,2.944027971
1680552000000,2023-04-04 04:00,-294.4027971,9705.5972029,294.4027971,2.944027971
1680566400000,2023-04-04 08:00,-294.4027971,9705.5972029,294.4027971,2.944027971
1680580800000,2023-04-04 12:00,-294.4027971,9705.5972029,294.4027971,2.944027971
1680595200000,2023-04-04 16:00,-294.4027971,9705.5972029,294.4027971,2.944027971
1680609600000,2023-04-04 20:00,-294.4027971,9705.5972029,294.4027971,2.944027971
1680624000000,2023-04-05 00:00,-294.4027971,9705.5972029,294.4027971,2.944027971
1680638400000,2023-04-05 04:00,-294.4027971,9705.5972029,294.4027971,2.944027971
1680652800000,2023-04-05 08:00,-294.4027971,9705.5972029,294.4027971,2.944027971
1680667200000,2023-04-05 12:00,-294.4027971,9705.5972029,294.4027971,2.944027971
1680681600000,2023-04-05 16:00,-294.4027971,9705.5972029,294.4027971,2.944027971
1680696000000,2023-04-05 20:00,-294.4027971,9705.5972029,294.4027971,2.944027971
1680710400000,2023-04-06 00:00,-294.4027971,9705.5972029,294.4027971,2.944027971
1680724800000,2023-04-06 04:00,-294.4027971,9705.5972029,294.4027971,2.944027971
1680739200000,2023-04-06 08:00,-294.4027971,9705.5972029,294.4027971,2.944027971
1680753600000,2023-04-06 12:00,-294.4027971,9705.5972029,294.4027971,2.944027971
1680768000000,2023-04-06 16:00,-294.4027971,9705.5972029,294.4027971,2.944027971
1680782400000,2023-04-06 20:00,-294.4027971,9705.5972029,294.4027971,2.944027971
1680796800000,2023-04-07 00:00,-294.4027971,9705.5972029,294.4027971,2.944027971
1680811200000,2023-04-07 04:00,-294.4027971,9705.5972029,294.4027971,2.944027971
1680825600000,2023-04-07 08:00,-294.4027971,9705.5972029,294.4027971,2.944027971
1680840000000,2023-04-07 12:00,-294.4027971,9705.5972029,294.4027971,2.944027971
1680854400000,2023-04-07 16:00,-294.4027971,9705.5972029,294.4027971,2.944027971
1680868800000,2023-04-07 20:00,-294.4027971,9705.5972029,294.4027971,2.944027971
1680883200000,2023-04-08 00:00,-294.4027971,9705.5972029,294.4027971,2.944027971
1680897600000,2023-04-08 04:00,-294.4027971,9705.5972029,294.4027971,2.944027971
1680912000000,2023-04-08 08:00,-294.4027971,9705.5972029,294.4027971,2.944027971
1680926400000,2023-04-08 12:00,-294.4027971,9705.5972029,294.4027971,2.944027971
1680940800000,2023-04-08 16:00,-294.4027971,9705.5972029,294.4027971,2.944027971
1680955200000,2023-04-08 20:00,-294.4027971,9705.5972029,294.4027971,2.944027971
1680969600000,2023-04-09 00:00,-294.4027971,9705.5972029,294.4027971,2.944027971
1680984000000,2023-04-09 04:00,-294.4027971,9705.5972029,294.4027971,2.944027971
1680998400000,2023-04-09 08:00,-294.4027971,9705.5972029,294.4027971,2.944027971
1681012800000,2023-04-09 12:00,-294.4027971,9705.5972029,294.4027971,2.944027971
1681027200000,2023-04-09 16:00,-294.4027971,9705.5972029,294.4027971,2.944027971
1681041600000,2023-04-09 20:00,-294.4027971,9705.5972029,294.4027971,2.944027971
1681056000000,2023-04-10 00:00,-294.4027971,9705.5972029,294.4027971,2.944027971
1681070400000,2023-04-10 04:00,-294.4027971,9705.5972029,294.4027971,2.944027971
1681084800000,2023-04-10 08:00,-294.4027971,9705.5972029,294.4027971,2.944027971
1681099200000,2023-04-10 12:00,-294.4027971,9705.5972029,294.4027971,2.944027971
1681113600000,2023-04-10 16:00,-294.4027971,9705.5972029,294.4027971,2.944027971
1681128000000,2023-04-10 20:00,-396.42080886,9603.57919114,396.42080886,3.9642080886
1681142400000,2023-04-11 00:00,-396.42080886,9603.57919114,396.42080886,3.9642080886
1681156800000,2023-04-11 04:00,-396.42080886,9603.57919114,396.42080886,3.9642080886
1681171200000,2023-04-11 08:00,-396.42080886,9603.57919114,396.42080886,3.9642080886
1681185600000,2023-04-11 12:00,-396.42080886,9603.57919114,396.42080886,3.9642080886
1681200000000,2023-04-11 16:00,-396.42080886,9603.57919114,396.42080886,3.9642080886
1681214400000,2023-04-11 20:00,-396.42080886,9603.57919114,396.42080886,3.9642080886
1681228800000,2023-04-12 00:00,-396.42080886,9603.57919114,396.42080886,3.9642080886
1681243200000,2023-04-12 04:00,-396.42080886,9603.57919114,396.42080886,3.9642080886
1681257600000,2023-04-12 08:00,-396.42080886,9603.57919114,396.42080886,3.9642080886
1681272000000,2023-04-12 12:00,-396.42080886,9603.57919114,396.42080886,3.9642080886
1681286400000,2023-04-12 16:00,-396.42080886,9603.57919114,396.42080886,3.9642080886
1681300800000,2023-04-12 20:00,-396.42080886,9603.57919114,396.42080886,3.9642080886
1681315200000,2023-04-13 00:00,-396.42080886,9603.57919114,396.42080886,3.9642080886
1681329600000,2023-04-13 04:00,-396.42080886,9603.57919114,396.42080886,3.9642080886
1681344000000,2023-04-13 08:00,-396.42080886,9603.57919114,396.42080886,3.9642080886
1681358400000,2023-04-13 12:00,-396.42080886,9603.57919114,396.42080886,3.9642080886
1681372800000,2023-04-13 16:00,-396.42080886,9603.57919114,396.42080886,3.9642080886
1681387200000,2023-04-13 20:00,-396.42080886,9603.57919114,396.42080886,3.9642080886
1681401600000,2023-04-14 00:00,-396.42080886,9603.57919114,396.42080886,3.9642080886
1681416000000,2023-04-14 04:00,-396.42080886,9603.57919114,396.42080886,3.9642080886
1681430400000,2023-04-14 08:00,-396.42080886,9603.57919114,396.42080886,3.9642080886
1681444800000,2023-04-14 12:00,-396.42080886,9603.57919114,396.42080886,3.9642080886
1681459200000,2023-04-14 16:00,-396.42080886,9603.57919114,396.42080886,3.9642080886
1681473600000,2023-04-14 20:00,-396.42080886,9603.57919114,396.42080886,3.9642080886
1681488000000,2023-04-15 00:00,-396.42080886,9603.57919114,396.42080886,3.9642080886
1681502400000,2023-04-15 04:00,-396.42080886,9603.57919114,396.42080886,3.9642080886
1681516800000,2023-04-15 08:00,-396.42080886,9603.57919114,396.42080886,3.9642080886
1681531200000,2023-04-15 12:00,-396.42080886,9603.57919114,396.42080886,3.9642080886
1681545600000,2023-04-15 16:00,-396.42080886,9603.57919114,396.42080886,3.9642080886
1681560000000,2023-04-15 20:00,-396.42080886,9603.57919114,396.42080886,3.9642080886
1681574400000,2023-04-16 00:00,-396.42080886,9603.57919114,396.42080886,3.9642080886
1681588800000,2023-04-16 04:00,-396.42080886,9603.57919114,396.42080886,3.9642080886
1681603200000,2023-04-16 08:00,-396.42080886,9603.57919114,396.42080886,3.9642080886
1681617600000,2023-04-16 12:00,-396.42080886,9603.57919114,396.42080886,3.9642080886
1681632000000,2023-04-16 16:00,-396.42080886,9603.57919114,396.42080886,3.9642080886
1681646400000,2023-04-16 20:00,-396.42080886,9603.57919114,396.42080886,3.9642080886
1681660800000,2023-04-17 00:00,-396.42080886,9603.57919114,396.42080886,3.9642080886
1681675200000,2023-04-17 04:00,-396.42080886,9603.57919114,396.42080886,3.9642080886
1681689600000,2023-04-17 08:00,-396.42080886,9603.57919114,396.42080886,3.9642080886
1681704000000,2023-04-17 12:00,-396.42080886,9603.57919114,396.42080886,3.9642080886
1681718400000,2023-04-17 16:00,-396.42080886,9603.57919114,396.42080886,3.9642080886
1681732800000,2023-04-17 20:00,-396.42080886,9603.57919114,396.42080886,3.9642080886
1681747200000,2023-04-18 00:00,-396.42080886,9603.57919114,396.42080886,3.9642080886
1681761600000,2023-04-18 04:00,-396.42080886,9603.57919114,396.42080886,3.9642080886
1681776000000,2023-04-18 08:00,-396.42080886,9603.57919114,396.42080886,3.9642080886
1681790400000,2023-04-18 12:00,-396.42080886,9603.57919114,396.42080886,3.9642080886
1681804800000,2023-04-18 16:00,-396.42080886,9603.57919114,396.42080886,3.9642080886
1681819200000,2023-04-18 20:00,-396.42080886,9603.57919114,396.42080886,3.9642080886
1681833600000,2023-04-19 00:00,-396.42080886,9603.57919114,396.42080886,3.9642080886
1681848000000,2023-04-19 04:00,-396.42080886,9603.57919114,396.42080886,3.9642080886
1681862400000,2023-04-19 08:00,-396.42080886,9603.57919114,396.42080886,3.9642080886
1681876800000,2023-04-19 12:00,-396.42080886,9603.57919114,396.42080886,3.9642080886
1681891200000,2023-04-19 16:00,-396.42080886,9603.57919114,396.42080886,3.9642080886
1681905600000,2023-04-19 20:00,-396.42080886,9603.57919114,396.42080886,3.9642080886
1681920000000,2023-04-20 00:00,-396.42080886,9603.57919114,396.42080886,3.9642080886
1681934400000,2023-04-20 04:00,-396.42080886,9603.57919114,396.42080886,3.9642080886
1681948800000,2023-04-20 08:00,-396.42080886,9603.57919114,396.42080886,3.9642080886
1681963200000,2023-04-20 12:00,-396.42080886,9603.57919114,396.42080886,3.9642080886
1681977600000,2023-04-20 16:00,-396.42080886,9603.57919114,396.42080886,3.9642080886
1681992000000,2023-04-20 20:00,-396.42080886,9603.57919114,396.42080886,3.9642080886
1682006400000,2023-04-21 00:00,-396.42080886,9603.57919114,396.42080886,3.9642080886
1682020800000,2023-04-21 04:00,-396.42080886,9603.57919114,396.42080886,3.9642080886
1682035200000,2023-04-21 08:00,-396.42080886,9603.57919114,396.42080886,3.9642080886
1682049600000,2023-04-21 12:00,-396.42080886,9603.57919114,396.42080886,3.9642080886
1682064000000,2023-04-21 16:00,-396.42080886,9603.57919114,396.42080886,3.9642080886
1682078400000,2023-04-21 20:00,-396.42080886,9603.57919114,396.42080886,3.9642080886
1682092800000,2023-04-22 00:00,-396.42080886,9603.57919114,396.42080886,3.9642080886
1682107200000,2023-04-22 04:00,-396.42080886,9603.57919114,396.42080886,3.9642080886
1682121600000,2023-04-22 08:00,-396.42080886,9603.57919114,396.42080886,3.9642080886
1682136000000,2023-04-22 12:00,-396.42080886,9603.57919114,396.42080886,3.9642080886
1682150400000,2023-04-22 16:00,-396.42080886,9603.57919114,396.42080886,3.9642080886
1682164800000,2023-04-22 20:00,-396.42080886,9603.57919114,396.42080886,3.9642080886
1682179200000,2023-04-23 00:00,-396.42080886,9603.57919114,396.42080886,3.9642080886
1682193600000,2023-04-23 04:00,-108.56569106,9891.43430894,108.56569106,1.0856569106
1682208000000,2023-04-23 08:00,-108.56569106,9891.43430894,108.56569106,1.0856569106
1682222400000,2023-04-23 12:00,-108.56569106,9891.43430894,108.56569106,1.0856569106
1682236800000,2023-04-23 16:00,-108.56569106,9891.43430894,108.56569106,1.0856569106
1682251200000,2023-04-23 20:00,-108.56569106,9891.43430894,108.56569106,1.0856569106
1682265600000,2023-04-24 00:00,-108.56569106,9891.43430894,108.56569106,1.0856569106
1682280000000,2023-04-24 04:00,-108.56569106,9891.43430894,108.56569106,1.0856569106
1682294400000,2023-04-24 08:00,-108.56569106,9891.43430894,108.56569106,1.0856569106
1682308800000,2023-04-24 12:00,-108.56569106,9891.43430894,108.56569106,1.0856569106
1682323200000,2023-04-24 16:00,-108.56569106,9891.43430894,108.56569106,1.0856569106
1682337600000,2023-04-24 20:00,-108.56569106,9891.43430894,108.56569106,1.0856569106
1682352000000,2023-04-25 00:00,-108.56569106,9891.43430894,108.56569106,1.0856569106
1682366400000,2023-04-25 04:00,-108.56569106,9891.43430894,108.56569106,1.0856569106
1682380800000,2023-04-25 08:00,-108.56569106,9891.43430894,108.56569106,1.0856569106
1682395200000,2023-04-25 12:00,-108.56569106,9891.43430894,108.56569106,1.0856569106
1682409600000,2023-04-25 16:00,-108.56569106,9891.43430894,108.56569106,1.0856569106
1682424000000,2023-04-25 20:00,-108.56569106,9891.43430894,108.56569106,1.0856569106
1682438400000,2023-04-26 00:00,-108.56569106,9891.43430894,108.56569106,1.0856569106
1682452800000,2023-04-26 04:00,-108.56569106,9891.43430894,108.56569106,1.0856569106
1682467200000,2023-04-26 08:00,-108.56569106,9891.43430894,108.56569106,1.0856569106
1682481600000,2023-04-26 12:00,-108.56569106,9891.43430894,108.56569106,1.0856569106
1682496000000,2023-04-26 16:00,-108.56569106,9891.43430894,108.56569106,1.0856569106
1682510400000,2023-04-26 20:00,-108.56569106,9891.43430894,108.56569106,1.0856569106
1682524800000,2023-04-27 00:00,-108.56569106,9891.43430894,108.56569106,1.0856569106
1682539200000,2023-04-27 04:00,-108.56569106,9891.43430894,108.56569106,1.0856569106
1682553600000,2023-04-27 08:00,-108.56569106,9891.43430894,108.56569106,1.0856569106
1682568000000,2023-04-27 12:00,-108.56569106,9891.43430894,108.56569106,1.0856569106
1682582400000,2023-04-27 16:00,-108.56569106,9891.43430894,108.56569106,1.0856569106
1682596800000,2023-04-27 20:00,-108.56569106,9891.43430894,108.56569106,1.0856569106
1682611200000,2023-04-28 00:00,-108.56569106,9891.43430894,108.56569106,1.0856569106
1682625600000,2023-04-28 04:00,-108.56569106,9891.43430894,108.56569106,1.0856569106
1682640000000,2023-04-28 08:00,-108.56569106,9891.43430894,108.56569106,1.0856569106
1682654400000,2023-04-28 12:00,-108.56569106,9891.43430894,108.56569106,1.0856569106
1682668800000,2023-04-28 16:00,-108.56569106,9891.43430894,108.56569106,1.0856569106
1682683200000,2023-04-28 20:00,-108.56569106,9891.43430894,108.56569106,1.0856569106
1682697600000,2023-04-29 00:00,-108.56569106,9891.43430894,108.56569106,1.0856569106
1682712000000,2023-04-29 04:00,-108.56569106,9891.43430894,108.56569106,1.0856569106
1682726400000,2023-04-29 08:00,-108.56569106,9891.43430894,108.56569106,1.0856569106
1682740800000,2023-04-29 12:00,-108.56569106,9891.43430894,108.56569106,1.0856569106
1682755200000,2023-04-29 16:00,-108.56569106,9891.43430894,108.56569106,1.0856569106
1682769600000,2023-04-29 20:00,-108.56569106,9891.43430894,108.56569106,1.0856569106
1682784000000,2023-04-30 00:00,-108.56569106,9891.43430894,108.56569106,1.0856569106
1682798400000,2023-04-30 04:00,-108.56569106,9891.43430894,108.56569106,1.0856569106
1682812800000,2023-04-30 08:00,-108.56569106,9891.43430894,108.56569106,1.0856569106
1682827200000,2023-04-30 12:00,-108.56569106,9891.43430894,108.56569106,1.0856569106
1682841600000,2023-04-30 16:00,-108.56569106,9891.43430894,108.56569106,1.0856569106
1682856000000,2023-04-30 20:00,-108.56569106,9891.43430894,108.56569106,1.0856569106
1682870400000,2023-05-01 00:00,-108.56569106,9891.43430894,108.56569106,1.0856569106
1682884800000,2023-05-01 04:00,-108.56569106,9891.43430894,108.56569106,1.0856569106
1682899200000,2023-05-01 08:00,-108.56569106,9891.43430894,108.56569106,1.0856569106
1682913600000,2023-05-01 12:00,-108.56569106,9891.43430894,108.56569106,1.0856569106
1682928000000,2023-05-01 16:00,-108.56569106,9891.43430894,108.56569106,1.0856569106
1682942400000,2023-05-01 20:00,-108.56569106,9891.43430894,108.56569106,1.0856569106
1682956800000,2023-05-02 00:00,-108.56569106,9891.43430894,108.56569106,1.0856569106
1682971200000,2023-05-02 04:00,-108.56569106,9891.43430894,108.56569106,1.0856569106
1682985600000,2023-05-02 08:00,-108.56569106,9891.43430894,108.56569106,1.0856569106
1683000000000,2023-05-02 12:00,-108.56569106,9891.43430894,108.56569106,1.0856569106
1683014400000,2023-05-02 16:00,-108.56569106,9891.43430894,108.56569106,1.0856569106
1683028800000,2023-05-02 20:00,-108.56569106,9891.43430894,108.56569106,1.0856569106
1683043200000,2023-05-03 00:00,-108.56569106,9891.43430894,108.56569106,1.0856569106
1683057600000,2023-05-03 04:00,-108.56569106,9891.43430894,108.56569106,1.0856569106
1683072000000,2023-05-03 08:00,-108.56569106,9891.43430894,108.56569106,1.0856569106
1683086400000,2023-05-03 12:00,-108.56569106,9891.43430894,108.56569106,1.0856569106
1683100800000,2023-05-03 16:00,-108.56569106,9891.43430894,108.56569106,1.0856569106
1683115200000,2023-05-03 20:00,-108.56569106,9891.43430894,108.56569106,1.0856569106
1683129600000,2023-05-04 00:00,-108.56569106,9891.43430894,108.56569106,1.0856569106
1683144000000,2023-05-04 04:00,-209.13850677,9790.86149323,209.13850677,2.0913850677
1683158400000,2023-05-04 08:00,-209.13850677,9790.86149323,209.13850677,2.0913850677
1683172800000,2023-05-04 12:00,-209.13850677,9790.86149323,209.13850677,2.0913850677
1683187200000,2023-05-04 16:00,-209.13850677,9790.86149323,209.13850677,2.0913850677
1683201600000,2023-05-04 20:00,-209.13850677,9790.86149323,209.13850677,2.0913850677
1683216000000,2023-05-05 00:00,-209.13850677,9790.86149323,209.13850677,2.0913850677
1683230400000,2023-05-05 04:00,-209.13850677,9790.86149323,209.13850677,2.0913850677
1683244800000,2023-05-05 08:00,-209.13850677,9790.86149323,209.13850677,2.0913850677
1683259200000,2023-05-05 12:00,-209.13850677,9790.86149323,209.13850677,2.0913850677
1683273600000,2023-05-05 16:00,-209.13850677,9790.86149323,209.13850677,2.0913850677
1683288000000,2023-05-05 20:00,-209.13850677,9790.86149323,209.13850677,2.0913850677
1683302400000,2023-05-06 00:00,-209.13850677,9790.86149323,209.13850677,2.0913850677
1683316800000,2023-05-06 04:00,-209.13850677,9790.86149323,209.13850677,2.0913850677
1683331200000,2023-05-06 08:00,-209.13850677,9790.86149323,209.13850677,2.0913850677
1683345600000,2023-05-06 12:00,-209.13850677,9790.86149323,209.13850677,2.0913850677
1683360000000,2023-05-06 16:00,-209.13850677,9790.86149323,209.13850677,2.0913850677
1683374400000,2023-05-06 20:00,-209.13850677,9790.86149323,209.13850677,2.0913850677
1683388800000,2023-05-07 00:00,-209.13850677,9790.86149323,209.13850677,2.0913850677
1683403200000,2023-05-07 04:00,-209.13850677,9790.86149323,209.13850677,2.0913850677
1683417600000,2023-05-07 08:00,-209.13850677,9790.86149323,209.13850677,2.0913850677
1683432000000,2023-05-07 12:00,-209.13850677,9790.86149323,209.13850677,2.0913850677
1683446400000,2023-05-07 16:00,-209.13850677,9790.86149323,209.13850677,2.0913850677
1683460800000,2023-05-07 20:00,-209.13850677,9790.86149323,209.13850677,2.0913850677
1683475200000,2023-05-08 00:00,-209.13850677,9790.86149323,209.13850677,2.0913850677
1683489600000,2023-05-08 04:00,-209.13850677,9790.86149323,209.13850677,2.0913850677
1683504000000,2023-05-08 08:00,-209.13850677,9790.86149323,209.13850677,2.0913850677
1683518400000,2023-05-08 12:00,-209.13850677,9790.86149323,209.13850677,2.0913850677
1683532800000,2023-05-08 16:00,-209.13850677,9790.86149323,209.13850677,2.0913850677
1683547200000,2023-05-08 20:00,-209.13850677,9790.86149323,209.13850677,2.0913850677
1683561600000,2023-05-09 00:00,-209.13850677,9790.86149323,209.13850677,2.0913850677
1683576000000,2023-05-09 04:00,-209.13850677,9790.86149323,209.13850677,2.0913850677
1683590400000,2023-05-09 08:00,-209.13850677,9790.86149323,209.13850677,2.0913850677
1683604800000,2023-05-09 12:00,-209.13850677,9790.86149323,209.13850677,2.0913850677
1683619200000,2023-05-09 16:00,-209.13850677,9790.86149323,209.13850677,2.0913850677
1683633600000,2023-05-09 20:00,-209.13850677,9790.86149323,209.13850677,2.0913850677
1683648000000,2023-05-10 00:00,-209.13850677,9790.86149323,209.13850677,2.0913850677
1683662400000,2023-05-10 04:00,-209.13850677,9790.86149323,209.13850677,2.0913850677
1683676800000,2023-05-10 08:00,-209.13850677,9790.86149323,209.13850677,2.0913850677
1683691200000,2023-05-10 12:00,-209.13850677,9790.86149323,209.13850677,2.0913850677
1683705600000,2023-05-10 16:00,-209.13850677,9790.86149323,209.13850677,2.0913850677
1683720000000,2023-05-10 20:00,-209.13850677,9790.86149323,209.13850677,2.0913850677
1683734400000,2023-05-11 00:00,-209.13850677,9790.86149323,209.13850677,2.0913850677
1683748800000,2023-05-11 04:00,-209.13850677,9790.86149323,209.13850677,2.0913850677
1683763200000,2023-05-11 08:00,-209.13850677,9790.86149323,209.13850677,2.0913850677
1683777600000,2023-05-11 12:00,-209.13850677,9790.86149323,209.13850677,2.0913850677
1683792000000,2023-05-11 16:00,-209.13850677,9790.86149323,209.13850677,2.0913850677
1683806400000,2023-05-11 20:00,-209.13850677,9790.86149323,209.13850677,2.0913850677
1683820800000,2023-05-12 00:00,-209.13850677,9790.86149323,209.13850677,2.0913850677
1683835200000,2023-05-12 04:00,-209.13850677,9790.86149323,209.13850677,2.0913850677
1683849600000,2023-05-12 08:00,-209.13850677,9790.86149323,209.13850677,2.0913850677
1683864000000,2023-05-12 12:00,-209.13850677,9790.86149323,209.13850677,2.0913850677
1683878400000,2023-05-12 16:00,-209.13850677,9790.86149323,209.13850677,2.0913850677
1683892800000,2023-05-12 20:00,-209.13850677,9790.86149323,209.13850677,2.0913850677
1683907200000,2023-05-13 00:00,-209.13850677,9790.86149323,209.13850677,2.0913850677
1683921600000,2023-05-13 04:00,-209.13850677,9790.86149323,209.13850677,2.0913850677
1683936000000,2023-05-13 08:00,-209.13850677,9790.86149323,209.13850677,2.0913850677
1683950400000,2023-05-13 12:00,-209.13850677,9790.86149323,209.13850677,2.0913850677
1683964800000,2023-05-13 16:00,-209.13850677,9790.86149323,209.13850677,2.0913850677
1683979200000,2023-05-13 20:00,-209.13850677,9790.86149323,209.13850677,2.0913850677
1683993600000,2023-05-14 00:00,-209.13850677,9790.86149323,209.13850677,2.0913850677
1684008000000,2023-05-14 04:00,-209.13850677,9790.86149323,209.13850677,2.0913850677
1684022400000,2023-05-14 08:00,-209.13850677,9790.86149323,209.13850677,2.0913850677
1684036800000,2023-05-14 12:00,-209.13850677,9790.86149323,209.13850677,2.0913850677
1684051200000,2023-05-14 16:00,-209.13850677,9790.86149323,209.13850677,2.0913850677
1684065600000,2023-05-14 20:00,-209.13850677,9790.86149323,209.13850677,2.0913850677
1684080000000,2023-05-15 00:00,-209.13850677,9790.86149323,209.13850677,2.0913850677
1684094400000,2023-05-15 04:00,-209.13850677,9790.86149323,209.13850677,2.0913850677
1684108800000,2023-05-15 08:00,-209.13850677,9790.86149323,209.13850677,2.0913850677
1684123200000,2023-05-15 12:00,-209.13850677,9790.86149323,209.13850677,2.0913850677
1684137600000,2023-05-15 16:00,-209.13850677,9790.86149323,209.13850677,2.0913850677
1684152000000,2023-05-15 20:00,-209.13850677,9790.86149323,209.13850677,2.0913850677
1684166400000,2023-05-16 00:00,-209.13850677,9790.86149323,209.13850677,2.0913850677
1684180800000,2023-05-16 04:00,-209.13850677,9790.86149323,209.13850677,2.0913850677
1684195200000,2023-05-16 08:00,-209.13850677,9790.86149323,209.13850677,2.0913850677
1684209600000,2023-05-16 12:00,-209.13850677,9790.86149323,209.13850677,2.0913850677
1684224000000,2023-05-16 16:00,-209.13850677,9790.86149323,209.13850677,2.0913850677
1684238400000,2023-05-16 20:00,-209.13850677,9790.86149323,209.13850677,2.0913850677
1684252800000,2023-05-17 00:00,-209.13850677,9790.86149323,209.13850677,2.0913850677
1684267200000,2023-05-17 04:00,-209.13850677,9790.86149323,209.13850677,2.0913850677
1684281600000,2023-05-17 08:00,-209.13850677,9790.86149323,209.13850677,2.0913850677
1684296000000,2023-05-17 12:00,-209.13850677,9790.86149323,209.13850677,2.0913850677
1684310400000,2023-05-17 16:00,-209.13850677,9790.86149323,209.13850677,2.0913850677
1684324800000,2023-05-17 20:00,-209.13850677,9790.86149323,209.13850677,2.0913850677
1684339200000,2023-05-18 00:00,-209.13850677,9790.86149323,209.13850677,2.0913850677
1684353600000,2023-05-18 04:00,-209.13850677,9790.86149323,209.13850677,2.0913850677
1684368000000,2023-05-18 08:00,-209.13850677,9790.86149323,209.13850677,2.0913850677
1684382400000,2023-05-18 12:00,-209.13850677,9790.86149323,209.13850677,2.0913850677
1684396800000,2023-05-18 16:00,-209.13850677,9790.86149323,209.13850677,2.0913850677
1684411200000,2023-05-18 20:00,-209.13850677,9790.86149323,209.13850677,2.0913850677
1684425600000,2023-05-19 00:00,-209.13850677,9790.86149323,209.13850677,2.0913850677
1684440000000,2023-05-19 04:00,-209.13850677,9790.86149323,209.13850677,2.0913850677
1684454400000,2023-05-19 08:00,-209.13850677,9790.86149323,209.13850677,2.0913850677
1684468800000,2023-05-19 12:00,-209.13850677,9790.86149323,209.13850677,2.0913850677
1684483200000,2023-05-19 16:00,-209.13850677,9790.86149323,209.13850677,2.0913850677
1684497600000,2023-05-19 20:00,-209.13850677,9790.86149323,209.13850677,2.0913850677
1684512000000,2023-05-20 00:00,-209.13850677,9790.86149323,209.13850677,2.0913850677
1684526400000,2023-05-20 04:00,-209.13850677,9790.86149323,209.13850677,2.0913850677
1684540800000,2023-05-20 08:00,-209.13850677,9790.86149323,209.13850677,2.0913850677
1684555200000,2023-05-20 12:00,-209.13850677,9790.86149323,209.13850677,2.0913850677
1684569600000,2023-05-20 16:00,-209.13850677,9790.86149323,209.13850677,2.0913850677
1684584000000,2023-05-20 20:00,-209.13850677,9790.86149323,209.13850677,2.0913850677
1684598400000,2023-05-21 00:00,-209.13850677,9790.86149323,209.13850677,2.0913850677
1684612800000,2023-05-21 04:00,-209.13850677,9790.86149323,209.13850677,2.0913850677
1684627200000,2023-05-21 08:00,-209.13850677,9790.86149323,209.13850677,2.0913850677
1684641600000,2023-05-21 12:00,-209.13850677,9790.86149323,209.13850677,2.0913850677
1684656000000,2023-05-21 16:00,-209.13850677,9790.86149323,209.13850677,2.0913850677
1684670400000,2023-05-21 20:00,-209.13850677,9790.86149323,209.13850677,2.0913850677
1684684800000,2023-05-22 00:00,-209.13850677,9790.86149323,209.13850677,2.0913850677
1684699200000,2023-05-22 04:00,-209.13850677,9790.86149323,209.13850677,2.0913850677
1684713600000,2023-05-22 08:00,-209.13850677,9790.86149323,209.13850677,2.0913850677
1684728000000,2023-05-22 12:00,-207.19363333,9792.80636667,207.19363333,2.0719363333
1684742400000,2023-05-22 16:00,-207.19363333,9792.80636667,207.19363333,2.0719363333
1684756800000,2023-05-22 20:00,-207.19363333,9792.80636667,207.19363333,2.0719363333
1684771200000,2023-05-23 00:00,-207.19363333,9792.80636667,207.19363333,2.0719363333
1684785600000,2023-05-23 04:00,-207.19363333,9792.80636667,207.19363333,2.0719363333
1684800000000,2023-05-23 08:00,-207.19363333,9792.80636667,207.19363333,2.0719363333
1684814400000,2023-05-23 12:00,-207.19363333,9792.80636667,207.19363333,2.0719363333
1684828800000,2023-05-23 16:00,-207.19363333,9792.80636667,207.19363333,2.0719363333
1684843200000,2023-05-23 20:00,-207.19363333,9792.80636667,207.19363333,2.0719363333
1684857600000,2023-05-24 00:00,-207.19363333,9792.80636667,207.19363333,2.0719363333
1684872000000,2023-05-24 04:00,-207.19363333,9792.80636667,207.19363333,2.0719363333
1684886400000,2023-05-24 08:00,-207.19363333,9792.80636667,207.19363333,2.0719363333
1684900800000,2023-05-24 12:00,-207.19363333,9792.80636667,207.19363333,2.0719363333
1684915200000,2023-05-24 16:00,-207.19363333,9792.80636667,207.19363333,2.0719363333
1684929600000,2023-05-24 20:00,-207.19363333,9792.80636667,207.19363333,2.0719363333
1684944000000,2023-05-25 00:00,-207.19363333,9792.80636667,207.19363333,2.0719363333
1684958400000,2023-05-25 04:00,-207.19363333,9792.80636667,207.19363333,2.0719363333
1684972800000,2023-05-25 08:00,-207.19363333,9792.80636667,207.19363333,2.0719363333
1684987200000,2023-05-25 12:00,-207.19363333,9792.80636667,207.19363333,2.0719363333
1685001600000,2023-05-25 16:00,-207.19363333,9792.80636667,207.19363333,2.0719363333
1685016000000,2023-05-25 20:00,-207.19363333,9792.80636667,207.19363333,2.0719363333
1685030400000,2023-05-26 00:00,-207.19363333,9792.80636667,207.19363333,2.0719363333
1685044800000,2023-05-26 04:00,-207.19363333,9792.80636667,207.19363333,2.0719363333
1685059200000,2023-05-26 08:00,-207.19363333,9792.80636667,207.19363333,2.0719363333
1685073600000,2023-05-26 12:00,-207.19363333,9792.80636667,207.19363333,2.0719363333
1685088000000,2023-05-26 16:00,-207.19363333,9792.80636667,207.19363333,2.0719363333
1685102400000,2023-05-26 20:00,-307.34400649,9692.65599351,307.34400649,3.0734400649
1685116800000,2023-05-27 00:00,-307.34400649,9692.65599351,307.34400649,3.0734400649
1685131200000,2023-05-27 04:00,-307.34400649,9692.65599351,307.34400649,3.0734400649
1685145600000,2023-05-27 08:00,-307.34400649,9692.65599351,307.34400649,3.0734400649
1685160000000,2023-05-27 12:00,-307.34400649,9692.65599351,307.34400649,3.0734400649
1685174400000,2023-05-27 16:00,-307.34400649,9692.65599351,307.34400649,3.0734400649
1685188800000,2023-05-27 20:00,-307.34400649,9692.65599351,307.34400649,3.0734400649
1685203200000,2023-05-28 00:00,-307.34400649,9692.65599351,307.34400649,3.0734400649
1685217600000,2023-05-28 04:00,-307.34400649,9692.65599351,307.34400649,3.0734400649
1685232000000,2023-05-28 08:00,-307.34400649,9692.65599351,307.34400649,3.0734400649
1685246400000,2023-05-28 12:00,-307.34400649,9692.65599351,307.34400649,3.0734400649
1685260800000,2023-05-28 16:00,-307.34400649,9692.65599351,307.34400649,3.0734400649
1685275200000,2023-05-28 20:00,-307.34400649,9692.65599351,307.34400649,3.0734400649
1685289600000,2023-05-29 00:00,-307.34400649,9692.65599351,307.34400649,3.0734400649
1685304000000,2023-05-29 04:00,-307.34400649,9692.65599351,307.34400649,3.0734400649
1685318400000,2023-05-29 08:00,-307.34400649,9692.65599351,307.34400649,3.0734400649
1685332800000,2023-05-29 12:00,-307.34400649,9692.65599351,307.34400649,3.0734400649
1685347200000,2023-05-29 16:00,-307.34400649,9692.65599351,307.34400649,3.0734400649
1685361600000,2023-05-29 20:00,-307.34400649,9692.65599351,307.34400649,3.0734400649
1685376000000,2023-05-30 00:00,-307.34400649,9692.65599351,307.34400649,3.0734400649
1685390400000,2023-05-30 04:00,-307.34400649,9692.65599351,307.34400649,3.0734400649
1685404800000,2023-05-30 08:00,-307.34400649,9692.65599351,307.34400649,3.0734400649
1685419200000,2023-05-30 12:00,-307.34400649,9692.65599351,307.34400649,3.0734400649
1685433600000,2023-05-30 16:00,-307.34400649,9692.65599351,307.34400649,3.0734400649
1685448000000,2023-05-30 20:00,-307.34400649,9692.65599351,307.34400649,3.0734400649
1685462400000,2023-05-31 00:00,-307.34400649,9692.65599351,307.34400649,3.0734400649
1685476800000,2023-05-31 04:00,-307.34400649,9692.65599351,307.34400649,3.0734400649
1685491200000,2023-05-31 08:00,-307.34400649,9692.65599351,307.34400649,3.0734400649
1685505600000,2023-05-31 12:00,-307.34400649,9692.65599351,307.34400649,3.0734400649
1685520000000,2023-05-31 16:00,-307.34400649,9692.65599351,307.34400649,3.0734400649
1685534400000,2023-05-31 20:00,-307.34400649,9692.65599351,307.34400649,3.0734400649
1685548800000,2023-06-01 00:00,-307.34400649,9692.65599351,307.34400649,3.0734400649
1685563200000,2023-06-01 04:00,-307.34400649,9692.65599351,307.34400649,3.0734400649
1685577600000,2023-06-01 08:00,-307.34400649,9692.65599351,307.34400649,3.0734400649
1685592000000,2023-06-01 12:00,-307.34400649,9692.65599351,307.34400649,3.0734400649
1685606400000,2023-06-01 16:00,-307.34400649,9692.65599351,307.34400649,3.0734400649
1685620800000,2023-06-01 20:00,-307.34400649,9692.65599351,307.34400649,3.0734400649
1685635200000,2023-06-02 00:00,-307.34400649,9692.65599351,307.34400649,3.0734400649
1685649600000,2023-06-02 04:00,-307.34400649,9692.65599351,307.34400649,3.0734400649
1685664000000,2023-06-02 08:00,-307.34400649,9692.65599351,307.34400649,3.0734400649
1685678400000,2023-06-02 12:00,-307.34400649,9692.65599351,307.34400649,3.0734400649
1685692800000,2023-06-02 16:00,-307.34400649,9692.65599351,307.34400649,3.0734400649
1685707200000,2023-06-02 20:00,-307.34400649,9692.65599351,307.34400649,3.0734400649
1685721600000,2023-06-03 00:00,-307.34400649,9692.65599351,307.34400649,3.0734400649
1685736000000,2023-06-03 04:00,-307.34400649,9692.65599351,307.34400649,3.0734400649
1685750400000,2023-06-03 08:00,-307.34400649,9692.65599351,307.34400649,3.0734400649
1685764800000,2023-06-03 12:00,-307.34400649,9692.65599351,307.34400649,3.0734400649
1685779200000,2023-06-03 16:00,-307.34400649,9692.65599351,307.34400649,3.0734400649
1685793600000,2023-06-03 20:00,-307.34400649,9692.65599351,307.34400649,3.0734400649
1685808000000,2023-06-04 00:00,-307.34400649,9692.65599351,307.34400649,3.0734400649
1685822400000,2023-06-04 04:00,-307.34400649,9692.65599351,307.34400649,3.0734400649
1685836800000,2023-06-04 08:00,-307.34400649,9692.65599351,307.34400649,3.0734400649
1685851200000,2023-06-04 12:00,-307.34400649,9692.65599351,307.34400649,3.0734400649
1685865600000,2023-06-04 16:00,-307.34400649,9692.65599351,307.34400649,3.0734400649
1685880000000,2023-06-04 20:00,-307.34400649,9692.65599351,307.34400649,3.0734400649
1685894400000,2023-06-05 00:00,-307.34400649,9692.65599351,307.34400649,3.0734400649
1685908800000,2023-06-05 04:00,-410.28530929,9589.71469071,410.28530929,4.1028530929
1685923200000,2023-06-05 08:00,-410.28530929,9589.71469071,410.28530929,4.1028530929
1685937600000,2023-06-05 12:00,-410.28530929,9589.71469071,410.28530929,4.1028530929
1685952000000,2023-06-05 16:00,-410.28530929,9589.71469071,410.28530929,4.1028530929
1685966400000,2023-06-05 20:00,-410.28530929,9589.71469071,410.28530929,4.1028530929
1685980800000,2023-06-06 00:00,-410.28530929,9589.71469071,410.28530929,4.1028530929
1685995200000,2023-06-06 04:00,-410.28530929,9589.71469071,410.28530929,4.1028530929
1686009600000,2023-06-06 08:00,-410.28530929,9589.71469071,410.28530929,4.1028530929
1686024000000,2023-06-06 12:00,-410.28530929,9589.71469071,410.28530929,4.1028530929
1686038400000,2023-06-06 16:00,-410.28530929,9589.71469071,410.28530929,4.1028530929
1686052800000,2023-06-06 20:00,-410.28530929,9589.71469071,410.28530929,4.1028530929
1686067200000,2023-06-07 00:00,-410.28530929,9589.71469071,410.28530929,4.1028530929
1686081600000,2023-06-07 04:00,-410.28530929,9589.71469071,410.28530929,4.1028530929
1686096000000,2023-06-07 08:00,-410.28530929,9589.71469071,410.28530929,4.1028530929
1686110400000,2023-06-07 12:00,-410.28530929,9589.71469071,410.28530929,4.1028530929
1686124800000,2023-06-07 16:00,-410.28530929,9589.71469071,410.28530929,4.1028530929
1686139200000,2023-06-07 20:00,-410.28530929,9589.71469071,410.28530929,4.1028530929
1686153600000,2023-06-08 00:00,-410.28530929,9589.71469071,410.28530929,4.1028530929
1686168000000,2023-06-08 04:00,-410.28530929,9589.71469071,410.28530929,4.1028530929
1686182400000,2023-06-08 08:00,-410.28530929,9589.71469071,410.28530929,4.1028530929
1686196800000,2023-06-08 12:00,-410.28530929,9589.71469071,410.28530929,4.1028530929
1686211200000,2023-06-08 16:00,-410.28530929,9589.71469071,410.28530929,4.1028530929
1686225600000,2023-06-08 20:00,-410.28530929,9589.71469071,410.28530929,4.1028530929
1686240000000,2023-06-09 00:00,-410.28530929,9589.71469071,410.28530929,4.1028530929
1686254400000,2023-06-09 04:00,-410.28530929,9589.71469071,410.28530929,4.1028530929
1686268800000,2023-06-09 08:00,-410.28530929,9589.71469071,410.28530929,4.1028530929
1686283200000,2023-06-09 12:00,-410.28530929,9589.71469071,410.28530929,4.1028530929
1686297600000,2023-06-09 16:00,-410.28530929,9589.71469071,410.28530929,4.1028530929
1686312000000,2023-06-09 20:00,-410.28530929,9589.71469071,410.28530929,4.1028530929
1686326400000,2023-06-10 00:00,-410.28530929,9589.71469071,410.28530929,4.1028530929
1686340800000,2023-06-10 04:00,-410.28530929,9589.71469071,410.28530929,4.1028530929
1686355200000,2023-06-10 08:00,-410.28530929,9589.71469071,410.28530929,4.1028530929
1686369600000,2023-06-10 12:00,-410.28530929,9589.71469071,410.28530929,4.1028530929
1686384000000,2023-06-10 16:00,-410.28530929,9589.71469071,410.28530929,4.1028530929
1686398400000,2023-06-10 20:00,-410.28530929,9589.71469071,410.28530929,4.1028530929
1686412800000,2023-06-11 00:00,-410.28530929,9589.71469071,410.28530929,4.1028530929
1686427200000,2023-06-11 04:00,-410.28530929,9589.71469071,410.28530929,4.1028530929
1686441600000,2023-06-11 08:00,-410.28530929,9589.71469071,410.28530929,4.1028530929
1686456000000,2023-06-11 12:00,-410.28530929,9589.71469071,410.28530929,4.1028530929
1686470400000,2023-06-11 16:00,-410.28530929,9589.71469071,410.28530929,4.1028530929
1686484800000,2023-06-11 20:00,-410.28530929,9589.71469071,410.28530929,4.1028530929
1686499200000,2023-06-12 00:00,-410.28530929,9589.71469071,410.28530929,4.1028530929
1686513600000,2023-06-12 04:00,-410.28530929,9589.71469071,410.28530929,4.1028530929
1686528000000,2023-06-12 08:00,-410.28530929,9589.71469071,410.28530929,4.1028530929
1686542400000,2023-06-12 12:00,-410.28530929,9589.71469071,410.28530929,4.1028530929
1686556800000,2023-06-12 16:00,-410.28530929,9589.71469071,410.28530929,4.1028530929
1686571200000,2023-06-12 20:00,-410.28530929,9589.71469071,410.28530929,4.1028530929
1686585600000,2023-06-13 00:00,-410.28530929,9589.71469071,410.28530929,4.1028530929
1686600000000,2023-06-13 04:00,-410.28530929,9589.71469071,410.28530929,4.1028530929
1686614400000,2023-06-13 08:00,-410.28530929,9589.71469071,410.28530929,4.1028530929
1686628800000,2023-06-13 12:00,-410.28530929,9589.71469071,410.28530929,4.1028530929
1686643200000,2023-06-13 16:00,-410.28530929,9589.71469071,410.28530929,4.1028530929
1686657600000,2023-06-13 20:00,-410.28530929,9589.71469071,410.28530929,4.1028530929
1686672000000,2023-06-14 00:00,-410.28530929,9589.71469071,410.28530929,4.1028530929
1686686400000,2023-06-14 04:00,-410.28530929,9589.71469071,410.28530929,4.1028530929
1686700800000,2023-06-14 08:00,-410.28530929,9589.71469071,410.28530929,4.1028530929
1686715200000,2023-06-14 12:00,-410.28530929,9589.71469071,410.28530929,4.1028530929
1686729600000,2023-06-14 16:00,-410.28530929,9589.71469071,410.28530929,4.1028530929
1686744000000,2023-06-14 20:00,-410.28530929,9589.71469071,410.28530929,4.1028530929
1686758400000,2023-06-15 00:00,-410.28530929,9589.71469071,410.28530929,4.1028530929
1686772800000,2023-06-15 04:00,-410.28530929,9589.71469071,410.28530929,4.1028530929
1686787200000,2023-06-15 08:00,-410.28530929,9589.71469071,410.28530929,4.1028530929
1686801600000,2023-06-15 12:00,-410.28530929,9589.71469071,410.28530929,4.1028530929
1686816000000,2023-06-15 16:00,-410.28530929,9589.71469071,410.28530929,4.1028530929
1686830400000,2023-06-15 20:00,-410.28530929,9589.71469071,410.28530929,4.1028530929
1686844800000,2023-06-16 00:00,-410.28530929,9589.71469071,410.28530929,4.1028530929
1686859200000,2023-06-16 04:00,-410.28530929,9589.71469071,410.28530929,4.1028530929
1686873600000,2023-06-16 08:00,-410.28530929,9589.71469071,410.28530929,4.1028530929
1686888000000,2023-06-16 12:00,-410.28530929,9589.71469071,410.28530929,4.1028530929
1686902400000,2023-06-16 16:00,-410.28530929,9589.71469071,410.28530929,4.1028530929
1686916800000,2023-06-16 20:00,-410.28530929,9589.71469071,410.28530929,4.1028530929
1686931200000,2023-06-17 00:00,-410.28530929,9589.71469071,410.28530929,4.1028530929
1686945600000,2023-06-17 04:00,-410.28530929,9589.71469071,410.28530929,4.1028530929
1686960000000,2023-06-17 08:00,-410.28530929,9589.71469071,410.28530929,4.1028530929
1686974400000,2023-06-17 12:00,-410.28530929,9589.71469071,410.28530929,4.1028530929
1686988800000,2023-06-17 16:00,-410.28530929,9589.71469071,410.28530929,4.1028530929
1687003200000,2023-06-17 20:00,-410.28530929,9589.71469071,410.28530929,4.1028530929
1687017600000,2023-06-18 00:00,-410.28530929,9589.71469071,410.28530929,4.1028530929
1687032000000,2023-06-18 04:00,-410.28530929,9589.71469071,410.28530929,4.1028530929
1687046400000,2023-06-18 08:00,-410.28530929,9589.71469071,410.28530929,4.1028530929
1687060800000,2023-06-18 12:00,-410.28530929,9589.71469071,410.28530929,4.1028530929
1687075200000,2023-06-18 16:00,-410.28530929,9589.71469071,410.28530929,4.1028530929
1687089600000,2023-06-18 20:00,-410.28530929,9589.71469071,410.28530929,4.1028530929
1687104000000,2023-06-19 00:00,-410.28530929,9589.71469071,410.28530929,4.1028530929
1687118400000,2023-06-19 04:00,-410.28530929,9589.71469071,410.28530929,4.1028530929
1687132800000,2023-06-19 08:00,-410.28530929,9589.71469071,410.28530929,4.1028530929
1687147200000,2023-06-19 12:00,-410.28530929,9589.71469071,410.28530929,4.1028530929
1687161600000,2023-06-19 16:00,-410.28530929,9589.71469071,410.28530929,4.1028530929
1687176000000,2023-06-19 20:00,-410.28530929,9589.71469071,410.28530929,4.1028530929
1687190400000,2023-06-20 00:00,-410.28530929,9589.71469071,410.28530929,4.1028530929
1687204800000,2023-06-20 04:00,-410.28530929,9589.71469071,410.28530929,4.1028530929
1687219200000,2023-06-20 08:00,-410.28530929,9589.71469071,410.28530929,4.1028530929
1687233600000,2023-06-20 12:00,-410.28530929,9589.71469071,410.28530929,4.1028530929
1687248000000,2023-06-20 16:00,-410.28530929,9589.71469071,410.28530929,4.1028530929
1687262400000,2023-06-20 20:00,-410.28530929,9589.71469071,410.28530929,4.1028530929
1687276800000,2023-06-21 00:00,-410.28530929,9589.71469071,410.28530929,4.1028530929
1687291200000,2023-06-21 04:00,-410.28530929,9589.71469071,410.28530929,4.1028530929
1687305600000,2023-06-21 08:00,-410.28530929,9589.71469071,410.28530929,4.1028530929
1687320000000,2023-06-21 12:00,-410.28530929,9589.71469071,410.28530929,4.1028530929
1687334400000,2023-06-21 16:00,-410.28530929,9589.71469071,410.28530929,4.1028530929
1687348800000,2023-06-21 20:00,-410.28530929,9589.71469071,410.28530929,4.1028530929
1687363200000,2023-06-22 00:00,-410.28530929,9589.71469071,410.28530929,4.1028530929
1687377600000,2023-06-22 04:00,-410.28530929,9589.71469071,410.28530929,4.1028530929
1687392000000,2023-06-22 08:00,-410.28530929,9589.71469071,410.28530929,4.1028530929
1687406400000,2023-06-22 12:00,-410.28530929,9589.71469071,410.28530929,4.1028530929
1687420800000,2023-06-22 16:00,-410.28530929,9589.71469071,410.28530929,4.1028530929
1687435200000,2023-06-22 20:00,-410.28530929,9589.71469071,410.28530929,4.1028530929
1687449600000,2023-06-23 00:00,-410.28530929,9589.71469071,410.28530929,4.1028530929
1687464000000,2023-06-23 04:00,-410.28530929,9589.71469071,410.28530929,4.1028530929
1687478400000,2023-06-23 08:00,-410.28530929,9589.71469071,410.28530929,4.1028530929
1687492800000,2023-06-23 12:00,-410.28530929,9589.71469071,410.28530929,4.1028530929
1687507200000,2023-06-23 16:00,-410.28530929,9589.71469071,410.28530929,4.1028530929
1687521600000,2023-06-23 20:00,-410.28530929,9589.71469071,410.28530929,4.1028530929
1687536000000,2023-06-24 00:00,-410.28530929,9589.71469071,410.28530929,4.1028530929
1687550400000,2023-06-24 04:00,-410.28530929,9589.71469071,410.28530929,4.1028530929
1687564800000,2023-06-24 08:00,-410.28530929,9589.71469071,410.28530929,4.1028530929
1687579200000,2023-06-24 12:00,-410.28530929,9589.71469071,410.28530929,4.1028530929
1687593600000,2023-06-24 16:00,-410.28530929,9589.71469071,410.28530929,4.1028530929
1687608000000,2023-06-24 20:00,-410.28530929,9589.71469071,410.28530929,4.1028530929
1687622400000,2023-06-25 00:00,-410.28530929,9589.71469071,410.28530929,4.1028530929
1687636800000,2023-06-25 04:00,-410.28530929,9589.71469071,410.28530929,4.1028530929
1687651200000,2023-06-25 08:00,-410.28530929,9589.71469071,410.28530929,4.1028530929
1687665600000,2023-06-25 12:00,-410.28530929,9589.71469071,410.28530929,4.1028530929
1687680000000,2023-06-25 16:00,-410.28530929,9589.71469071,410.28530929,4.1028530929
1687694400000,2023-06-25 20:00,-410.28530929,9589.71469071,410.28530929,4.1028530929
1687708800000,2023-06-26 00:00,-410.28530929,9589.71469071,410.28530929,4.1028530929
1687723200000,2023-06-26 04:00,-410.28530929,9589.71469071,410.28530929,4.1028530929
1687737600000,2023-06-26 08:00,-410.28530929,9589.71469071,410.28530929,4.1028530929
1687752000000,2023-06-26 12:00,-410.28530929,9589.71469071,410.28530929,4.1028530929
1687766400000,2023-06-26 16:00,-410.28530929,9589.71469071,410.28530929,4.1028530929
1687780800000,2023-06-26 20:00,-410.28530929,9589.71469071,410.28530929,4.1028530929
1687795200000,2023-06-27 00:00,-410.28530929,9589.71469071,410.28530929,4.1028530929
1687809600000,2023-06-27 04:00,-410.28530929,9589.71469071,410.28530929,4.1028530929
1687824000000,2023-06-27 08:00,-410.28530929,9589.71469071,410.28530929,4.1028530929
1687838400000,2023-06-27 12:00,-410.28530929,9589.71469071,410.28530929,4.1028530929
1687852800000,2023-06-27 16:00,-410.28530929,9589.71469071,410.28530929,4.1028530929
1687867200000,2023-06-27 20:00,-410.28530929,9589.71469071,410.28530929,4.1028530929
1687881600000,2023-06-28 00:00,-410.28530929,9589.71469071,410.28530929,4.1028530929
1687896000000,2023-06-28 04:00,-410.28530929,9589.71469071,410.28530929,4.1028530929
1687910400000,2023-06-28 08:00,-410.28530929,9589.71469071,410.28530929,4.1028530929
1687924800000,2023-06-28 12:00,-410.28530929,9589.71469071,410.28530929,4.1028530929
1687939200000,2023-06-28 16:00,-410.28530929,9589.71469071,410.28530929,4.1028530929
1687953600000,2023-06-28 20:00,-410.28530929,9589.71469071,410.28530929,4.1028530929
1687968000000,2023-06-29 00:00,-410.28530929,9589.71469071,410.28530929,4.1028530929
1687982400000,2023-06-29 04:00,-410.28530929,9589.71469071,410.28530929,4.1028530929
1687996800000,2023-06-29 08:00,-410.28530929,9589.71469071,410.28530929,4.1028530929
1688011200000,2023-06-29 12:00,-410.28530929,9589.71469071,410.28530929,4.1028530929
1688025600000,2023-06-29 16:00,-410.28530929,9589.71469071,410.28530929,4.1028530929
1688040000000,2023-06-29 20:00,-410.28530929,9589.71469071,410.28530929,4.1028530929
1688054400000,2023-06-30 00:00,-410.28530929,9589.71469071,410.28530929,4.1028530929
1688068800000,2023-06-30 04:00,-410.28530929,9589.71469071,410.28530929,4.1028530929
1688083200000,2023-06-30 08:00,-410.28530929,9589.71469071,410.28530929,4.1028530929
1688097600000,2023-06-30 12:00,-410.28530929,9589.71469071,410.28530929,4.1028530929
1688112000000,2023-06-30 16:00,-410.28530929,9589.71469071,410.28530929,4.1028530929
1688126400000,2023-06-30 20:00,-410.28530929,9589.71469071,410.28530929,4.1028530929
1688140800000,2023-07-01 00:00,-410.28530929,9589.71469071,410.28530929,4.1028530929
1688155200000,2023-07-01 04:00,-410.28530929,9589.71469071,410.28530929,4.1028530929
1688169600000,2023-07-01 08:00,-410.28530929,9589.71469071,410.28530929,4.1028530929
1688184000000,2023-07-01 12:00,-410.28530929,9589.71469071,410.28530929,4.1028530929
1688198400000,2023-07-01 16:00,-410.28530929,9589.71469071,410.28530929,4.1028530929
1688212800000,2023-07-01 20:00,-410.28530929,9589.71469071,410.28530929,4.1028530929
1688227200000,2023-07-02 00:00,-410.28530929,9589.71469071,410.28530929,4.1028530929
1688241600000,2023-07-02 04:00,-410.28530929,9589.71469071,410.28530929,4.1028530929
1688256000000,2023-07-02 08:00,-410.28530929,9589.71469071,410.28530929,4.1028530929
1688270400000,2023-07-02 12:00,-410.28530929,9589.71469071,410.28530929,4.1028530929
1688284800000,2023-07-02 16:00,-410.28530929,9589.71469071,410.28530929,4.1028530929
1688299200000,2023-07-02 20:00,-410.28530929,9589.71469071,410.28530929,4.1028530929
1688313600000,2023-07-03 00:00,-410.28530929,9589.71469071,410.28530929,4.1028530929
1688328000000,2023-07-03 04:00,-410.28530929,9589.71469071,410.28530929,4.1028530929
1688342400000,2023-07-03 08:00,-410.28530929,9589.71469071,410.28530929,4.1028530929
1688356800000,2023-07-03 12:00,-410.28530929,9589.71469071,410.28530929,4.1028530929
1688371200000,2023-07-03 16:00,-410.28530929,9589.71469071,410.28530929,4.1028530929
1688385600000,2023-07-03 20:00,-410.28530929,9589.71469071,410.28530929,4.1028530929
1688400000000,2023-07-04 00:00,-410.28530929,9589.71469071,410.28530929,4.1028530929
1688414400000,2023-07-04 04:00,-410.28530929,9589.71469071,410.28530929,4.1028530929
1688428800000,2023-07-04 08:00,-410.28530929,9589.71469071,410.28530929,4.1028530929
1688443200000,2023-07-04 12:00,-410.28530929,9589.71469071,410.28530929,4.1028530929
1688457600000,2023-07-04 16:00,-410.28530929,9589.71469071,410.28530929,4.1028530929
1688472000000,2023-07-04 20:00,-410.28530929,9589.71469071,410.28530929,4.1028530929
1688486400000,2023-07-05 00:00,-410.28530929,9589.71469071,410.28530929,4.1028530929
1688500800000,2023-07-05 04:00,-410.28530929,9589.71469071,410.28530929,4.1028530929
1688515200000,2023-07-05 08:00,-410.28530929,9589.71469071,410.28530929,4.1028530929
1688529600000,2023-07-05 12:00,-410.28530929,9589.71469071,410.28530929,4.1028530929
1688544000000,2023-07-05 16:00,-410.28530929,9589.71469071,410.28530929,4.1028530929
1688558400000,2023-07-05 20:00,-410.28530929,9589.71469071,410.28530929,4.1028530929
1688572800000,2023-07-06 00:00,-410.28530929,9589.71469071,410.28530929,4.1028530929
1688587200000,2023-07-06 04:00,-410.28530929,9589.71469071,410.28530929,4.1028530929
1688601600000,2023-07-06 08:00,-410.28530929,9589.71469071,410.28530929,4.1028530929
1688616000000,2023-07-06 12:00,-410.28530929,9589.71469071,410.28530929,4.1028530929
1688630400000,2023-07-06 16:00,-410.28530929,9589.71469071,410.28530929,4.1028530929
1688644800000,2023-07-06 20:00,-410.28530929,9589.71469071,410.28530929,4.1028530929
1688659200000,2023-07-07 00:00,-410.28530929,9589.71469071,410.28530929,4.1028530929
1688673600000,2023-07-07 04:00,-410.28530929,9589.71469071,410.28530929,4.1028530929
1688688000000,2023-07-07 08:00,-410.28530929,9589.71469071,410.28530929,4.1028530929
1688702400000,2023-07-07 12:00,-410.28530929,9589.71469071,410.28530929,4.1028530929
1688716800000,2023-07-07 16:00,-410.28530929,9589.71469071,410.28530929,4.1028530929
1688731200000,2023-07-07 20:00,-410.28530929,9589.71469071,410.28530929,4.1028530929
1688745600000,2023-07-08 00:00,-410.28530929,9589.71469071,410.28530929,4.1028530929
1688760000000,2023-07-08 04:00,-410.28530929,9589.71469071,410.28530929,4.1028530929
1688774400000,2023-07-08 08:00,-410.28530929,9589.71469071,410.28530929,4.1028530929
1688788800000,2023-07-08 12:00,-410.28530929,9589.71469071,410.28530929,4.1028530929
1688803200000,2023-07-08 16:00,-410.28530929,9589.71469071,410.28530929,4.1028530929
1688817600000,2023-07-08 20:00,-410.28530929,9589.71469071,410.28530929,4.1028530929
1688832000000,2023-07-09 00:00,-410.28530929,9589.71469071,410.28530929,4.1028530929
1688846400000,2023-07-09 04:00,-410.28530929,9589.71469071,410.28530929,4.1028530929
1688860800000,2023-07-09 08:00,-410.28530929,9589.71469071,410.28530929,4.1028530929
1688875200000,2023-07-09 12:00,-410.28530929,9589.71469071,410.28530929,4.1028530929
1688889600000,2023-07-09 16:00,-410.28530929,9589.71469071,410.28530929,4.1028530929
1688904000000,2023-07-09 20:00,-410.28530929,9589.71469071,410.28530929,4.1028530929
1688918400000,2023-07-10 00:00,-410.28530929,9589.71469071,410.28530929,4.1028530929
1688932800000,2023-07-10 04:00,-410.28530929,9589.71469071,410.28530929,4.1028530929
1688947200000,2023-07-10 08:00,-410.28530929,9589.71469071,410.28530929,4.1028530929
1688961600000,2023-07-10 12:00,-410.28530929,9589.71469071,410.28530929,4.1028530929
1688976000000,2023-07-10 16:00,-410.28530929,9589.71469071,410.28530929,4.1028530929
1688990400000,2023-07-10 20:00,-410.28530929,9589.71469071,410.28530929,4.1028530929
1689004800000,2023-07-11 00:00,-509.42336404,9490.57663596,509.42336404,5.0942336404
1689019200000,2023-07-11 04:00,-509.42336404,9490.57663596,509.42336404,5.0942336404
1689033600000,2023-07-11 08:00,-509.42336404,9490.57663596,509.42336404,5.0942336404
1689048000000,2023-07-11 12:00,-509.42336404,9490.57663596,509.42336404,5.0942336404
1689062400000,2023-07-11 16:00,-509.42336404,9490.57663596,509.42336404,5.0942336404
1689076800000,2023-07-11 20:00,-509.42336404,9490.57663596,509.42336404,5.0942336404
1689091200000,2023-07-12 00:00,-509.42336404,9490.57663596,509.42336404,5.0942336404
1689105600000,2023-07-12 04:00,-509.42336404,9490.57663596,509.42336404,5.0942336404
1689120000000,2023-07-12 08:00,-509.42336404,9490.57663596,509.42336404,5.0942336404
1689134400000,2023-07-12 12:00,-509.42336404,9490.57663596,509.42336404,5.0942336404
1689148800000,2023-07-12 16:00,-509.42336404,9490.57663596,509.42336404,5.0942336404
1689163200000,2023-07-12 20:00,-509.42336404,9490.57663596,509.42336404,5.0942336404
1689177600000,2023-07-13 00:00,-509.42336404,9490.57663596,509.42336404,5.0942336404
1689192000000,2023-07-13 04:00,-509.42336404,9490.57663596,509.42336404,5.0942336404
1689206400000,2023-07-13 08:00,-509.42336404,9490.57663596,509.42336404,5.0942336404
1689220800000,2023-07-13 12:00,-509.42336404,9490.57663596,509.42336404,5.0942336404
1689235200000,2023-07-13 16:00,-509.42336404,9490.57663596,509.42336404,5.0942336404
1689249600000,2023-07-13 20:00,-509.42336404,9490.57663596,509.42336404,5.0942336404
1689264000000,2023-07-14 00:00,-509.42336404,9490.57663596,509.42336404,5.0942336404
1689278400000,2023-07-14 04:00,-509.42336404,9490.57663596,509.42336404,5.0942336404
1689292800000,2023-07-14 08:00,-509.42336404,9490.57663596,509.42336404,5.0942336404
1689307200000,2023-07-14 12:00,-509.42336404,9490.57663596,509.42336404,5.0942336404
1689321600000,2023-07-14 16:00,-509.42336404,9490.57663596,509.42336404,5.0942336404
1689336000000,2023-07-14 20:00,-509.42336404,9490.57663596,509.42336404,5.0942336404
1689350400000,2023-07-15 00:00,-509.42336404,9490.57663596,509.42336404,5.0942336404
1689364800000,2023-07-15 04:00,-509.42336404,9490.57663596,509.42336404,5.0942336404
1689379200000,2023-07-15 08:00,-509.42336404,9490.57663596,509.42336404,5.0942336404
1689393600000,2023-07-15 12:00,-509.42336404,9490.57663596,509.42336404,5.0942336404
1689408000000,2023-07-15 16:00,-509.42336404,9490.57663596,509.42336404,5.0942336404
1689422400000,2023-07-15 20:00,-509.42336404,9490.57663596,509.42336404,5.0942336404
1689436800000,2023-07-16 00:00,-509.42336404,9490.57663596,509.42336404,5.0942336404
1689451200000,2023-07-16 04:00,-509.42336404,9490.57663596,509.42336404,5.0942336404
1689465600000,2023-07-16 08:00,-509.42336404,9490.57663596,509.42336404,5.0942336404
1689480000000,2023-07-16 12:00,-509.42336404,9490.57663596,509.42336404,5.0942336404
1689494400000,2023-07-16 16:00,-509.42336404,9490.57663596,509.42336404,5.0942336404
1689508800000,2023-07-16 20:00,-509.42336404,9490.57663596,509.42336404,5.0942336404
1689523200000,2023-07-17 00:00,-509.42336404,9490.57663596,509.42336404,5.0942336404
1689537600000,2023-07-17 04:00,-509.42336404,9490.57663596,509.42336404,5.0942336404
1689552000000,2023-07-17 08:00,-509.42336404,9490.57663596,509.42336404,5.0942336404
1689566400000,2023-07-17 12:00,-509.42336404,9490.57663596,509.42336404,5.0942336404
1689580800000,2023-07-17 16:00,-509.42336404,9490.57663596,509.42336404,5.0942336404
1689595200000,2023-07-17 20:00,-509.42336404,9490.57663596,509.42336404,5.0942336404
1689609600000,2023-07-18 00:00,-509.42336404,9490.57663596,509.42336404,5.0942336404
1689624000000,2023-07-18 04:00,-410.00031214,9589.99968786,410.00031214,4.1000031214
1689638400000,2023-07-18 08:00,-410.00031214,9589.99968786,410.00031214,4.1000031214
1689652800000,2023-07-18 12:00,-410.00031214,9589.99968786,410.00031214,4.1000031214
1689667200000,2023-07-18 16:00,-410.00031214,9589.99968786,410.00031214,4.1000031214
1689681600000,2023-07-18 20:00,-410.00031214,9589.99968786,410.00031214,4.1000031214
1689696000000,2023-07-19 00:00,-410.00031214,9589.99968786,410.00031214,4.1000031214
1689710400000,2023-07-19 04:00,-410.00031214,9589.99968786,410.00031214,4.1000031214
1689724800000,2023-07-19 08:00,-410.00031214,9589.99968786,410.00031214,4.1000031214
1689739200000,2023-07-19 12:00,-410.00031214,9589.99968786,410.00031214,4.1000031214
1689753600000,2023-07-19 16:00,-410.00031214,9589.99968786,410.00031214,4.1000031214
1689768000000,2023-07-19 20:00,-410.00031214,9589.99968786,410.00031214,4.1000031214
1689782400000,2023-07-20 00:00,-410.00031214,9589.99968786,410.00031214,4.1000031214
1689796800000,2023-07-20 04:00,-410.00031214,9589.99968786,410.00031214,4.1000031214
1689811200000,2023-07-20 08:00,-410.00031214,9589.99968786,410.00031214,4.1000031214
1689825600000,2023-07-20 12:00,-410.00031214,9589.99968786,410.00031214,4.1000031214
1689840000000,2023-07-20 16:00,-410.00031214,9589.99968786,410.00031214,4.1000031214
1689854400000,2023-07-20 20:00,-410.00031214,9589.99968786,410.00031214,4.1000031214
1689868800000,2023-07-21 00:00,-410.00031214,9589.99968786,410.00031214,4.1000031214
1689883200000,2023-07-21 04:00,-410.00031214,9589.99968786,410.00031214,4.1000031214
1689897600000,2023-07-21 08:00,-410.00031214,9589.99968786,410.00031214,4.1000031214
1689912000000,2023-07-21 12:00,-410.00031214,9589.99968786,410.00031214,4.1000031214
1689926400000,2023-07-21 16:00,-410.00031214,9589.99968786,410.00031214,4.1000031214
1689940800000,2023-07-21 20:00,-410.00031214,9589.99968786,410.00031214,4.1000031214
1689955200000,2023-07-22 00:00,-410.00031214,9589.99968786,410.00031214,4.1000031214
1689969600000,2023-07-22 04:00,-410.00031214,9589.99968786,410.00031214,4.1000031214
1689984000000,2023-07-22 08:00,-410.00031214,9589.99968786,410.00031214,4.1000031214
1689998400000,2023-07-22 12:00,-410.00031214,9589.99968786,410.00031214,4.1000031214
1690012800000,2023-07-22 16:00,-410.00031214,9589.99968786,410.00031214,4.1000031214
1690027200000,2023-07-22 20:00,-410.00031214,9589.99968786,410.00031214,4.1000031214
1690041600000,2023-07-23 00:00,-410.00031214,9589.99968786,410.00031214,4.1000031214
1690056000000,2023-07-23 04:00,-410.00031214,9589.99968786,410.00031214,4.1000031214
1690070400000,2023-07-23 08:00,-410.00031214,9589.99968786,410.00031214,4.1000031214
1690084800000,2023-07-23 12:00,-410.00031214,9589.99968786,410.00031214,4.1000031214
1690099200000,2023-07-23 16:00,-410.00031214,9589.99968786,410.00031214,4.1000031214
1690113600000,2023-07-23 20:00,-410.00031214,9589.99968786,410.00031214,4.1000031214
1690128000000,2023-07-24 00:00,-410.00031214,9589.99968786,410.00031214,4.1000031214
1690142400000,2023-07-24 04:00,-410.00031214,9589.99968786,410.00031214,4.1000031214
1690156800000,2023-07-24 08:00,-410.00031214,9589.99968786,410.00031214,4.1000031214
1690171200000,2023-07-24 12:00,-410.00031214,9589.99968786,410.00031214,4.1000031214
1690185600000,2023-07-24 16:00,-410.00031214,9589.99968786,410.00031214,4.1000031214
1690200000000,2023-07-24 20:00,-410.00031214,9589.99968786,410.00031214,4.1000031214
1690214400000,2023-07-25 00:00,-410.00031214,9589.99968786,410.00031214,4.1000031214
1690228800000,2023-07-25 04:00,-410.00031214,9589.99968786,410.00031214,4.1000031214
1690243200000,2023-07-25 08:00,-410.00031214,9589.99968786,410.00031214,4.1000031214
1690257600000,2023-07-25 12:00,-410.00031214,9589.99968786,410.00031214,4.1000031214
1690272000000,2023-07-25 16:00,-410.00031214,9589.99968786,410.00031214,4.1000031214
1690286400000,2023-07-25 20:00,-410.00031214,9589.99968786,410.00031214,4.1000031214
1690300800000,2023-07-26 00:00,-410.00031214,9589.99968786,410.00031214,4.1000031214
1690315200000,2023-07-26 04:00,-410.00031214,9589.99968786,410.00031214,4.1000031214
1690329600000,2023-07-26 08:00,-410.00031214,9589.99968786,410.00031214,4.1000031214
1690344000000,2023-07-26 12:00,-410.00031214,9589.99968786,410.00031214,4.1000031214
1690358400000,2023-07-26 16:00,-410.00031214,9589.99968786,410.00031214,4.1000031214
1690372800000,2023-07-26 20:00,-410.00031214,9589.99968786,410.00031214,4.1000031214
1690387200000,2023-07-27 00:00,-410.00031214,9589.99968786,410.00031214,4.1000031214
1690401600000,2023-07-27 04:00,-410.00031214,9589.99968786,410.00031214,4.1000031214
1690416000000,2023-07-27 08:00,-410.00031214,9589.99968786,410.00031214,4.1000031214
1690430400000,2023-07-27 12:00,-410.00031214,9589.99968786,410.00031214,4.1000031214
1690444800000,2023-07-27 16:00,-410.00031214,9589.99968786,410.00031214,4.1000031214
1690459200000,2023-07-27 20:00,-410.00031214,9589.99968786,410.00031214,4.1000031214
1690473600000,2023-07-28 00:00,-410.00031214,9589.99968786,410.00031214,4.1000031214
1690488000000,2023-07-28 04:00,-410.00031214,9589.99968786,410.00031214,4.1000031214
1690502400000,2023-07-28 08:00,-410.00031214,9589.99968786,410.00031214,4.1000031214
1690516800000,2023-07-28 12:00,-410.00031214,9589.99968786,410.00031214,4.1000031214
1690531200000,2023-07-28 16:00,-410.00031214,9589.99968786,410.00031214,4.1000031214
1690545600000,2023-07-28 20:00,-410.00031214,9589.99968786,410.00031214,4.1000031214
1690560000000,2023-07-29 00:00,-410.00031214,9589.99968786,410.00031214,4.1000031214
1690574400000,2023-07-29 04:00,-410.00031214,9589.99968786,410.00031214,4.1000031214
1690588800000,2023-07-29 08:00,-410.00031214,9589.99968786,410.00031214,4.1000031214
1690603200000,2023-07-29 12:00,-410.00031214,9589.99968786,410.00031214,4.1000031214
1690617600000,2023-07-29 16:00,-410.00031214,9589.99968786,410.00031214,4.1000031214
1690632000000,2023-07-29 20:00,-410.00031214,9589.99968786,410.00031214,4.1000031214
1690646400000,2023-07-30 00:00,-410.00031214,9589.99968786,410.00031214,4.1000031214
1690660800000,2023-07-30 04:00,-410.00031214,9589.99968786,410.00031214,4.1000031214
1690675200000,2023-07-30 08:00,-410.00031214,9589.99968786,410.00031214,4.1000031214
1690689600000,2023-07-30 12:00,-410.00031214,9589.99968786,410.00031214,4.1000031214
1690704000000,2023-07-30 16:00,-410.00031214,9589.99968786,410.00031214,4.1000031214
1690718400000,2023-07-30 20:00,-410.00031214,9589.99968786,410.00031214,4.1000031214
1690732800000,2023-07-31 00:00,-410.00031214,9589.99968786,410.00031214,4.1000031214
1690747200000,2023-07-31 04:00,-410.00031214,9589.99968786,410.00031214,4.1000031214
1690761600000,2023-07-31 08:00,-410.00031214,9589.99968786,410.00031214,4.1000031214
1690776000000,2023-07-31 12:00,-410.00031214,9589.99968786,410.00031214,4.1000031214
1690790400000,2023-07-31 16:00,-410.00031214,9589.99968786,410.00031214,4.1000031214
1690804800000,2023-07-31 20:00,-410.00031214,9589.99968786,410.00031214,4.1000031214
1690819200000,2023-08-01 00:00,-410.00031214,9589.99968786,410.00031214,4.1000031214
1690833600000,2023-08-01 04:00,-410.00031214,9589.99968786,410.00031214,4.1000031214
1690848000000,2023-08-01 08:00,-410.00031214,9589.99968786,410.00031214,4.1000031214
1690862400000,2023-08-01 12:00,-410.00031214,9589.99968786,410.00031214,4.1000031214
1690876800000,2023-08-01 16:00,-410.00031214,9589.99968786,410.00031214,4.1000031214
1690891200000,2023-08-01 20:00,-410.00031214,9589.99968786,410.00031214,4.1000031214
1690905600000,2023-08-02 00:00,-410.00031214,9589.99968786,410.00031214,4.1000031214
1690920000000,2023-08-02 04:00,-410.00031214,9589.99968786,410.00031214,4.1000031214
1690934400000,2023-08-02 08:00,-410.00031214,9589.99968786,410.00031214,4.1000031214
1690948800000,2023-08-02 12:00,-410.00031214,9589.99968786,410.00031214,4.1000031214
1690963200000,2023-08-02 16:00,-410.00031214,9589.99968786,410.00031214,4.1000031214
1690977600000,2023-08-02 20:00,-410.00031214,9589.99968786,410.00031214,4.1000031214
1690992000000,2023-08-03 00:00,-410.00031214,9589.99968786,410.00031214,4.1000031214
1691006400000,2023-08-03 04:00,-410.00031214,9589.99968786,410.00031214,4.1000031214
1691020800000,2023-08-03 08:00,-410.00031214,9589.99968786,410.00031214,4.1000031214
1691035200000,2023-08-03 12:00,-410.00031214,9589.99968786,410.00031214,4.1000031214
1691049600000,2023-08-03 16:00,-410.00031214,9589.99968786,410.00031214,4.1000031214
1691064000000,2023-08-03 20:00,-410.00031214,9589.99968786,410.00031214,4.1000031214
1691078400000,2023-08-04 00:00,-410.00031214,9589.99968786,410.00031214,4.1000031214
1691092800000,2023-08-04 04:00,-410.00031214,9589.99968786,410.00031214,4.1000031214
1691107200000,2023-08-04 08:00,-410.00031214,9589.99968786,410.00031214,4.1000031214
1691121600000,2023-08-04 12:00,-410.00031214,9589.99968786,410.00031214,4.1000031214
1691136000000,2023-08-04 16:00,-410.00031214,9589.99968786,410.00031214,4.1000031214
1691150400000,2023-08-04 20:00,-410.00031214,9589.99968786,410.00031214,4.1000031214
1691164800000,2023-08-05 00:00,-410.00031214,9589.99968786,410.00031214,4.1000031214
1691179200000,2023-08-05 04:00,-410.00031214,9589.99968786,410.00031214,4.1000031214
1691193600000,2023-08-05 08:00,-410.00031214,9589.99968786,410.00031214,4.1000031214
1691208000000,2023-08-05 12:00,-410.00031214,9589.99968786,410.00031214,4.1000031214
1691222400000,2023-08-05 16:00,-410.00031214,9589.99968786,410.00031214,4.1000031214
1691236800000,2023-08-05 20:00,-410.00031214,9589.99968786,410.00031214,4.1000031214
1691251200000,2023-08-06 00:00,-410.00031214,9589.99968786,410.00031214,4.1000031214
1691265600000,2023-08-06 04:00,-410.00031214,9589.99968786,410.00031214,4.1000031214
1691280000000,2023-08-06 08:00,-410.00031214,9589.99968786,410.00031214,4.1000031214
1691294400000,2023-08-06 12:00,-410.00031214,9589.99968786,410.00031214,4.1000031214
1691308800000,2023-08-06 16:00,-410.00031214,9589.99968786,410.00031214,4.1000031214
1691323200000,2023-08-06 20:00,-410.00031214,9589.99968786,410.00031214,4.1000031214
1691337600000,2023-08-07 00:00,-410.00031214,9589.99968786,410.00031214,4.1000031214
1691352000000,2023-08-07 04:00,-408.01076654,9591.98923346,408.01076654,4.0801076654
1691366400000,2023-08-07 08:00,-408.01076654,9591.98923346,408.01076654,4.0801076654
1691380800000,2023-08-07 12:00,-408.01076654,9591.98923346,408.01076654,4.0801076654
1691395200000,2023-08-07 16:00,-408.01076654,9591.98923346,408.01076654,4.0801076654
1691409600000,2023-08-07 20:00,-408.01076654,9591.98923346,408.01076654,4.0801076654
1691424000000,2023-08-08 00:00,-408.01076654,9591.98923346,408.01076654,4.0801076654
1691438400000,2023-08-08 04:00,-408.01076654,9591.98923346,408.01076654,4.0801076654
1691452800000,2023-08-08 08:00,-408.01076654,9591.98923346,408.01076654,4.0801076654
1691467200000,2023-08-08 12:00,-408.01076654,9591.98923346,408.01076654,4.0801076654
1691481600000,2023-08-08 16:00,-408.01076654,9591.98923346,408.01076654,4.0801076654
1691496000000,2023-08-08 20:00,-408.01076654,9591.98923346,408.01076654,4.0801076654
1691510400000,2023-08-09 00:00,-408.01076654,9591.98923346,408.01076654,4.0801076654
1691524800000,2023-08-09 04:00,-408.01076654,9591.98923346,408.01076654,4.0801076654
1691539200000,2023-08-09 08:00,-408.01076654,9591.98923346,408.01076654,4.0801076654
1691553600000,2023-08-09 12:00,-408.01076654,9591.98923346,408.01076654,4.0801076654
1691568000000,2023-08-09 16:00,-408.01076654,9591.98923346,408.01076654,4.0801076654
1691582400000,2023-08-09 20:00,-408.01076654,9591.98923346,408.01076654,4.0801076654
1691596800000,2023-08-10 00:00,-408.01076654,9591.98923346,408.01076654,4.0801076654
1691611200000,2023-08-10 04:00,-408.01076654,9591.98923346,408.01076654,4.0801076654
1691625600000,2023-08-10 08:00,-408.01076654,9591.98923346,408.01076654,4.0801076654
1691640000000,2023-08-10 12:00,-408.01076654,9591.98923346,408.01076654,4.0801076654
1691654400000,2023-08-10 16:00,-408.01076654,9591.98923346,408.01076654,4.0801076654
1691668800000,2023-08-10 20:00,-408.01076654,9591.98923346,408.01076654,4.0801076654
1691683200000,2023-08-11 00:00,-408.01076654,9591.98923346,408.01076654,4.0801076654
1691697600000,2023-08-11 04:00,-408.01076654,9591.98923346,408.01076654,4.0801076654
1691712000000,2023-08-11 08:00,-408.01076654,9591.98923346,408.01076654,4.0801076654
1691726400000,2023-08-11 12:00,-408.01076654,9591.98923346,408.01076654,4.0801076654
1691740800000,2023-08-11 16:00,-408.01076654,9591.98923346,408.01076654,4.0801076654
1691755200000,2023-08-11 20:00,-408.01076654,9591.98923346,408.01076654,4.0801076654
1691769600000,2023-08-12 00:00,-408.01076654,9591.98923346,408.01076654,4.0801076654
1691784000000,2023-08-12 04:00,-408.01076654,9591.98923346,408.01076654,4.0801076654
1691798400000,2023-08-12 08:00,-408.01076654,9591.98923346,408.01076654,4.0801076654
1691812800000,2023-08-12 12:00,-408.01076654,9591.98923346,408.01076654,4.0801076654
1691827200000,2023-08-12 16:00,-408.01076654,9591.98923346,408.01076654,4.0801076654
1691841600000,2023-08-12 20:00,-408.01076654,9591.98923346,408.01076654,4.0801076654
1691856000000,2023-08-13 00:00,-408.01076654,9591.98923346,408.01076654,4.0801076654
1691870400000,2023-08-13 04:00,-408.01076654,9591.98923346,408.01076654,4.0801076654
1691884800000,2023-08-13 08:00,-408.01076654,9591.98923346,408.01076654,4.0801076654
1691899200000,2023-08-13 12:00,-408.01076654,9591.98923346,408.01076654,4.0801076654
1691913600000,2023-08-13 16:00,-408.01076654,9591.98923346,408.01076654,4.0801076654
1691928000000,2023-08-13 20:00,-408.01076654,9591.98923346,408.01076654,4.0801076654
1691942400000,2023-08-14 00:00,-408.01076654,9591.98923346,408.01076654,4.0801076654
1691956800000,2023-08-14 04:00,-408.01076654,9591.98923346,408.01076654,4.0801076654
1691971200000,2023-08-14 08:00,-408.01076654,9591.98923346,408.01076654,4.0801076654
1691985600000,2023-08-14 12:00,-408.01076654,9591.98923346,408.01076654,4.0801076654
1692000000000,2023-08-14 16:00,-408.01076654,9591.98923346,408.01076654,4.0801076654
1692014400000,2023-08-14 20:00,-408.01076654,9591.98923346,408.01076654,4.0801076654
1692028800000,2023-08-15 00:00,-408.01076654,9591.98923346,408.01076654,4.0801076654
1692043200000,2023-08-15 04:00,-408.01076654,9591.98923346,408.01076654,4.0801076654
1692057600000,2023-08-15 08:00,-408.01076654,9591.98923346,408.01076654,4.0801076654
1692072000000,2023-08-15 12:00,-408.01076654,9591.98923346,408.01076654,4.0801076654
1692086400000,2023-08-15 16:00,-408.01076654,9591.98923346,408.01076654,4.0801076654
1692100800000,2023-08-15 20:00,-408.01076654,9591.98923346,408.01076654,4.0801076654
1692115200000,2023-08-16 00:00,-408.01076654,9591.98923346,408.01076654,4.0801076654
1692129600000,2023-08-16 04:00,-408.01076654,9591.98923346,408.01076654,4.0801076654
1692144000000,2023-08-16 08:00,-408.01076654,9591.98923346,408.01076654,4.0801076654
1692158400000,2023-08-16 12:00,-408.01076654,9591.98923346,408.01076654,4.0801076654
1692172800000,2023-08-16 16:00,-408.01076654,9591.98923346,408.01076654,4.0801076654
1692187200000,2023-08-16 20:00,-408.01076654,9591.98923346,408.01076654,4.0801076654
1692201600000,2023-08-17 00:00,-304.83256816,9695.16743184,304.83256816,3.0483256816
1692216000000,2023-08-17 04:00,-304.83256816,9695.16743184,304.83256816,3.0483256816
1692230400000,2023-08-17 08:00,-304.83256816,9695.16743184,304.83256816,3.0483256816
1692244800000,2023-08-17 12:00,-304.83256816,9695.16743184,304.83256816,3.0483256816
1692259200000,2023-08-17 16:00,-304.83256816,9695.16743184,304.83256816,3.0483256816
1692273600000,2023-08-17 20:00,-304.83256816,9695.16743184,304.83256816,3.0483256816
1692288000000,2023-08-18 00:00,-304.83256816,9695.16743184,304.83256816,3.0483256816
1692302400000,2023-08-18 04:00,-304.83256816,9695.16743184,304.83256816,3.0483256816
1692316800000,2023-08-18 08:00,-304.83256816,9695.16743184,304.83256816,3.0483256816
1692331200000,2023-08-18 12:00,-304.83256816,9695.16743184,304.83256816,3.0483256816
1692345600000,2023-08-18 16:00,-304.83256816,9695.16743184,304.83256816,3.0483256816
1692360000000,2023-08-18 20:00,-304.83256816,9695.16743184,304.83256816,3.0483256816
1692374400000,2023-08-19 00:00,-304.83256816,9695.16743184,304.83256816,3.0483256816
1692388800000,2023-08-19 04:00,-304.83256816,9695.16743184,304.83256816,3.0483256816
1692403200000,2023-08-19 08:00,-304.83256816,9695.16743184,304.83256816,3.0483256816
1692417600000,2023-08-19 12:00,-304.83256816,9695.16743184,304.83256816,3.0483256816
1692432000000,2023-08-19 16:00,-304.83256816,9695.16743184,304.83256816,3.0483256816
1692446400000,2023-08-19 20:00,-304.83256816,9695.16743184,304.83256816,3.0483256816
1692460800000,2023-08-20 00:00,-304.83256816,9695.16743184,304.83256816,3.0483256816
1692475200000,2023-08-20 04:00,-304.83256816,9695.16743184,304.83256816,3.0483256816
1692489600000,2023-08-20 08:00,-304.83256816,9695.16743184,304.83256816,3.0483256816
1692504000000,2023-08-20 12:00,-304.83256816,9695.16743184,304.83256816,3.0483256816
1692518400000,2023-08-20 16:00,-304.83256816,9695.16743184,304.83256816,3.0483256816
1692532800000,2023-08-20 20:00,-304.83256816,9695.16743184,304.83256816,3.0483256816
1692547200000,2023-08-21 00:00,-304.83256816,9695.16743184,304.83256816,3.0483256816
1692561600000,2023-08-21 04:00,-304.83256816,9695.16743184,304.83256816,3.0483256816
1692576000000,2023-08-21 08:00,-304.83256816,9695.16743184,304.83256816,3.0483256816
1692590400000,2023-08-21 12:00,-304.83256816,9695.16743184,304.83256816,3.0483256816
1692604800000,2023-08-21 16:00,-304.83256816,9695.16743184,304.83256816,3.0483256816
1692619200000,2023-08-21 20:00,-304.83256816,9695.16743184,304.83256816,3.0483256816
1692633600000,2023-08-22 00:00,-304.83256816,9695.16743184,304.83256816,3.0483256816
1692648000000,2023-08-22 04:00,-304.83256816,9695.16743184,304.83256816,3.0483256816
1692662400000,2023-08-22 08:00,-304.83256816,9695.16743184,304.83256816,3.0483256816
1692676800000,2023-08-22 12:00,-304.83256816,9695.16743184,304.83256816,3.0483256816
1692691200000,2023-08-22 16:00,-304.83256816,9695.16743184,304.83256816,3.0483256816
1692705600000,2023-08-22 20:00,-304.83256816,9695.16743184,304.83256816,3.0483256816
1692720000000,2023-08-23 00:00,-304.83256816,9695.16743184,304.83256816,3.0483256816
1692734400000,2023-08-23 04:00,-304.83256816,9695.16743184,304.83256816,3.0483256816
1692748800000,2023-08-23 08:00,-304.83256816,9695.16743184,304.83256816,3.0483256816
1692763200000,2023-08-23 12:00,-304.83256816,9695.16743184,304.83256816,3.0483256816
1692777600000,2023-08-23 16:00,-304.83256816,9695.16743184,304.83256816,3.0483256816
1692792000000,2023-08-23 20:00,-304.83256816,9695.16743184,304.83256816,3.0483256816
1692806400000,2023-08-24 00:00,-304.83256816,9695.16743184,304.83256816,3.0483256816
1692820800000,2023-08-24 04:00,-304.83256816,9695.16743184,304.83256816,3.0483256816
1692835200000,2023-08-24 08:00,-304.83256816,9695.16743184,304.83256816,3.0483256816
1692849600000,2023-08-24 12:00,-304.83256816,9695.16743184,304.83256816,3.0483256816
1692864000000,2023-08-24 16:00,-304.83256816,9695.16743184,304.83256816,3.0483256816
1692878400000,2023-08-24 20:00,-304.83256816,9695.16743184,304.83256816,3.0483256816
1692892800000,2023-08-25 00:00,-304.83256816,9695.16743184,304.83256816,3.0483256816
1692907200000,2023-08-25 04:00,-304.83256816,9695.16743184,304.83256816,3.0483256816
1692921600000,2023-08-25 08:00,-304.83256816,9695.16743184,304.83256816,3.0483256816
1692936000000,2023-08-25 12:00,-304.83256816,9695.16743184,304.83256816,3.0483256816
1692950400000,2023-08-25 16:00,-304.83256816,9695.16743184,304.83256816,3.0483256816
1692964800000,2023-08-25 20:00,-304.83256816,9695.16743184,304.83256816,3.0483256816
1692979200000,2023-08-26 00:00,-304.83256816,9695.16743184,304.83256816,3.0483256816
1692993600000,2023-08-26 04:00,-304.83256816,9695.16743184,304.83256816,3.0483256816
1693008000000,2023-08-26 08:00,-304.83256816,9695.16743184,304.83256816,3.0483256816
1693022400000,2023-08-26 12:00,-304.83256816,9695.16743184,304.83256816,3.0483256816
1693036800000,2023-08-26 16:00,-304.83256816,9695.16743184,304.83256816,3.0483256816
1693051200000,2023-08-26 20:00,-304.83256816,9695.16743184,304.83256816,3.0483256816
1693065600000,2023-08-27 00:00,-304.83256816,9695.16743184,304.83256816,3.0483256816
1693080000000,2023-08-27 04:00,-304.83256816,9695.16743184,304.83256816,3.0483256816
1693094400000,2023-08-27 08:00,-304.83256816,9695.16743184,304.83256816,3.0483256816
1693108800000,2023-08-27 12:00,-304.83256816,9695.16743184,304.83256816,3.0483256816
1693123200000,2023-08-27 16:00,-304.83256816,9695.16743184,304.83256816,3.0483256816
1693137600000,2023-08-27 20:00,-304.83256816,9695.16743184,304.83256816,3.0483256816
1693152000000,2023-08-28 00:00,-304.83256816,9695.16743184,304.83256816,3.0483256816
1693166400000,2023-08-28 04:00,-304.83256816,9695.16743184,304.83256816,3.0483256816
1693180800000,2023-08-28 08:00,-304.83256816,9695.16743184,304.83256816,3.0483256816
1693195200000,2023-08-28 12:00,-304.83256816,9695.16743184,304.83256816,3.0483256816
1693209600000,2023-08-28 16:00,-304.83256816,9695.16743184,304.83256816,3.0483256816
1693224000000,2023-08-28 20:00,-304.83256816,9695.16743184,304.83256816,3.0483256816
1693238400000,2023-08-29 00:00,-304.83256816,9695.16743184,304.83256816,3.0483256816
1693252800000,2023-08-29 04:00,-304.83256816,9695.16743184,304.83256816,3.0483256816
1693267200000,2023-08-29 08:00,-304.83256816,9695.16743184,304.83256816,3.0483256816
1693281600000,2023-08-29 12:00,-304.83256816,9695.16743184,304.83256816,3.0483256816
1693296000000,2023-08-29 16:00,-304.83256816,9695.16743184,304.83256816,3.0483256816
1693310400000,2023-08-29 20:00,-304.83256816,9695.16743184,304.83256816,3.0483256816
1693324800000,2023-08-30 00:00,-304.83256816,9695.16743184,304.83256816,3.0483256816
1693339200000,2023-08-30 04:00,-304.83256816,9695.16743184,304.83256816,3.0483256816
1693353600000,2023-08-30 08:00,-304.83256816,9695.16743184,304.83256816,3.0483256816
1693368000000,2023-08-30 12:00,-304.83256816,9695.16743184,304.83256816,3.0483256816
1693382400000,2023-08-30 16:00,-304.83256816,9695.16743184,304.83256816,3.0483256816
1693396800000,2023-08-30 20:00,-304.83256816,9695.16743184,304.83256816,3.0483256816
1693411200000,2023-08-31 00:00,-304.83256816,9695.16743184,304.83256816,3.0483256816
1693425600000,2023-08-31 04:00,-304.83256816,9695.16743184,304.83256816,3.0483256816
1693440000000,2023-08-31 08:00,-304.83256816,9695.16743184,304.83256816,3.0483256816
1693454400000,2023-08-31 12:00,-304.83256816,9695.16743184,304.83256816,3.0483256816
1693468800000,2023-08-31 16:00,-304.83256816,9695.16743184,304.83256816,3.0483256816
1693483200000,2023-08-31 20:00,-304.83256816,9695.16743184,304.83256816,3.0483256816
1693497600000,2023-09-01 00:00,-304.83256816,9695.16743184,304.83256816,3.0483256816
1693512000000,2023-09-01 04:00,-304.83256816,9695.16743184,304.83256816,3.0483256816
1693526400000,2023-09-01 08:00,-304.83256816,9695.16743184,304.83256816,3.0483256816
1693540800000,2023-09-01 12:00,-304.83256816,9695.16743184,304.83256816,3.0483256816
1693555200000,2023-09-01 16:00,-304.83256816,9695.16743184,304.83256816,3.0483256816
1693569600000,2023-09-01 20:00,-304.83256816,9695.16743184,304.83256816,3.0483256816
1693584000000,2023-09-02 00:00,-304.83256816,9695.16743184,304.83256816,3.0483256816
1693598400000,2023-09-02 04:00,-304.83256816,9695.16743184,304.83256816,3.0483256816
1693612800000,2023-09-02 08:00,-304.83256816,9695.16743184,304.83256816,3.0483256816
1693627200000,2023-09-02 12:00,-304.83256816,9695.16743184,304.83256816,3.0483256816
1693641600000,2023-09-02 16:00,-304.83256816,9695.16743184,304.83256816,3.0483256816
1693656000000,2023-09-02 20:00,-304.83256816,9695.16743184,304.83256816,3.0483256816
1693670400000,2023-09-03 00:00,-304.83256816,9695.16743184,304.83256816,3.0483256816
1693684800000,2023-09-03 04:00,-304.83256816,9695.16743184,304.83256816,3.0483256816
1693699200000,2023-09-03 08:00,-304.83256816,9695.16743184,304.83256816,3.0483256816
1693713600000,2023-09-03 12:00,-304.83256816,9695.16743184,304.83256816,3.0483256816
1693728000000,2023-09-03 16:00,-304.83256816,9695.16743184,304.83256816,3.0483256816
1693742400000,2023-09-03 20:00,-304.83256816,9695.16743184,304.83256816,3.0483256816
1693756800000,2023-09-04 00:00,-304.83256816,9695.16743184,304.83256816,3.0483256816
1693771200000,2023-09-04 04:00,-304.83256816,9695.16743184,304.83256816,3.0483256816
1693785600000,2023-09-04 08:00,-304.83256816,9695.16743184,304.83256816,3.0483256816
1693800000000,2023-09-04 12:00,-304.83256816,9695.16743184,304.83256816,3.0483256816
1693814400000,2023-09-04 16:00,-304.83256816,9695.16743184,304.83256816,3.0483256816
1693828800000,2023-09-04 20:00,-304.83256816,9695.16743184,304.83256816,3.0483256816
1693843200000,2023-09-05 00:00,-304.83256816,9695.16743184,304.83256816,3.0483256816
1693857600000,2023-09-05 04:00,-304.83256816,9695.16743184,304.83256816,3.0483256816
1693872000000,2023-09-05 08:00,-304.83256816,9695.16743184,304.83256816,3.0483256816
1693886400000,2023-09-05 12:00,-304.83256816,9695.16743184,304.83256816,3.0483256816
1693900800000,2023-09-05 16:00,-304.83256816,9695.16743184,304.83256816,3.0483256816
1693915200000,2023-09-05 20:00,-304.83256816,9695.16743184,304.83256816,3.0483256816
1693929600000,2023-09-06 00:00,-304.83256816,9695.16743184,304.83256816,3.0483256816
1693944000000,2023-09-06 04:00,-304.83256816,9695.16743184,304.83256816,3.0483256816
1693958400000,2023-09-06 08:00,-304.83256816,9695.16743184,304.83256816,3.0483256816
1693972800000,2023-09-06 12:00,-304.83256816,9695.16743184,304.83256816,3.0483256816
1693987200000,2023-09-06 16:00,-304.83256816,9695.16743184,304.83256816,3.0483256816
1694001600000,2023-09-06 20:00,-304.83256816,9695.16743184,304.83256816,3.0483256816
1694016000000,2023-09-07 00:00,-304.83256816,9695.16743184,304.83256816,3.0483256816
1694030400000,2023-09-07 04:00,-304.83256816,9695.16743184,304.83256816,3.0483256816
1694044800000,2023-09-07 08:00,-304.83256816,9695.16743184,304.83256816,3.0483256816
1694059200000,2023-09-07 12:00,-304.83256816,9695.16743184,304.83256816,3.0483256816
1694073600000,2023-09-07 16:00,-304.83256816,9695.16743184,304.83256816,3.0483256816
1694088000000,2023-09-07 20:00,-304.83256816,9695.16743184,304.83256816,3.0483256816
1694102400000,2023-09-08 00:00,-304.83256816,9695.16743184,304.83256816,3.0483256816
1694116800000,2023-09-08 04:00,-304.83256816,9695.16743184,304.83256816,3.0483256816
1694131200000,2023-09-08 08:00,-304.83256816,9695.16743184,304.83256816,3.0483256816
1694145600000,2023-09-08 12:00,-304.83256816,9695.16743184,304.83256816,3.0483256816
1694160000000,2023-09-08 16:00,-304.83256816,9695.16743184,304.83256816,3.0483256816
1694174400000,2023-09-08 20:00,-304.83256816,9695.16743184,304.83256816,3.0483256816
1694188800000,2023-09-09 00:00,-304.83256816,9695.16743184,304.83256816,3.0483256816
1694203200000,2023-09-09 04:00,-304.83256816,9695.16743184,304.83256816,3.0483256816
1694217600000,2023-09-09 08:00,-304.83256816,9695.16743184,304.83256816,3.0483256816
1694232000000,2023-09-09 12:00,-304.83256816,9695.16743184,304.83256816,3.0483256816
1694246400000,2023-09-09 16:00,-304.83256816,9695.16743184,304.83256816,3.0483256816
1694260800000,2023-09-09 20:00,-304.83256816,9695.16743184,304.83256816,3.0483256816
1694275200000,2023-09-10 00:00,-304.83256816,9695.16743184,304.83256816,3.0483256816
1694289600000,2023-09-10 04:00,-304.83256816,9695.16743184,304.83256816,3.0483256816
1694304000000,2023-09-10 08:00,-304.83256816,9695.16743184,304.83256816,3.0483256816
1694318400000,2023-09-10 12:00,-304.83256816,9695.16743184,304.83256816,3.0483256816
1694332800000,2023-09-10 16:00,-304.83256816,9695.16743184,304.83256816,3.0483256816
1694347200000,2023-09-10 20:00,-304.83256816,9695.16743184,304.83256816,3.0483256816
1694361600000,2023-09-11 00:00,-304.83256816,9695.16743184,304.83256816,3.0483256816
1694376000000,2023-09-11 04:00,-304.83256816,9695.16743184,304.83256816,3.0483256816
1694390400000,2023-09-11 08:00,-304.83256816,9695.16743184,304.83256816,3.0483256816
1694404800000,2023-09-11 12:00,-304.83256816,9695.16743184,304.83256816,3.0483256816
1694419200000,2023-09-11 16:00,-304.83256816,9695.16743184,304.83256816,3.0483256816
1694433600000,2023-09-11 20:00,-304.83256816,9695.16743184,304.83256816,3.0483256816
1694448000000,2023-09-12 00:00,-6.72474828,9993.27525172,6.72474828,0.0672474828
1694462400000,2023-09-12 04:00,-6.72474828,9993.27525172,6.72474828,0.0672474828
1694476800000,2023-09-12 08:00,-6.72474828,9993.27525172,6.72474828,0.0672474828
1694491200000,2023-09-12 12:00,-6.72474828,9993.27525172,6.72474828,0.0672474828
1694505600000,2023-09-12 16:00,-6.72474828,9993.27525172,6.72474828,0.0672474828
1694520000000,2023-09-12 20:00,-6.72474828,9993.27525172,6.72474828,0.0672474828
1694534400000,2023-09-13 00:00,-6.72474828,9993.27525172,6.72474828,0.0672474828
1694548800000,2023-09-13 04:00,-6.72474828,9993.27525172,6.72474828,0.0672474828
1694563200000,2023-09-13 08:00,-6.72474828,9993.27525172,6.72474828,0.0672474828
1694577600000,2023-09-13 12:00,-6.72474828,9993.27525172,6.72474828,0.0672474828
1694592000000,2023-09-13 16:00,-6.72474828,9993.27525172,6.72474828,0.0672474828
1694606400000,2023-09-13 20:00,-6.72474828,9993.27525172,6.72474828,0.0672474828
1694620800000,2023-09-14 00:00,-6.72474828,9993.27525172,6.72474828,0.0672474828
1694635200000,2023-09-14 04:00,-6.72474828,9993.27525172,6.72474828,0.0672474828
1694649600000,2023-09-14 08:00,-6.72474828,9993.27525172,6.72474828,0.0672474828
1694664000000,2023-09-14 12:00,-6.72474828,9993.27525172,6.72474828,0.0672474828
1694678400000,2023-09-14 16:00,-6.72474828,9993.27525172,6.72474828,0.0672474828
1694692800000,2023-09-14 20:00,-6.72474828,9993.27525172,6.72474828,0.0672474828
1694707200000,2023-09-15 00:00,-6.72474828,9993.27525172,6.72474828,0.0672474828
1694721600000,2023-09-15 04:00,-6.72474828,9993.27525172,6.72474828,0.0672474828
1694736000000,2023-09-15 08:00,-6.72474828,9993.27525172,6.72474828,0.0672474828
1694750400000,2023-09-15 12:00,-6.72474828,9993.27525172,6.72474828,0.0672474828
1694764800000,2023-09-15 16:00,-6.72474828,9993.27525172,6.72474828,0.0672474828
1694779200000,2023-09-15 20:00,-6.72474828,9993.27525172,6.72474828,0.0672474828
1694793600000,2023-09-16 00:00,-6.72474828,9993.27525172,6.72474828,0.0672474828
1694808000000,2023-09-16 04:00,-6.72474828,9993.27525172,6.72474828,0.0672474828
1694822400000,2023-09-16 08:00,-6.72474828,9993.27525172,6.72474828,0.0672474828
1694836800000,2023-09-16 12:00,-6.72474828,9993.27525172,6.72474828,0.0672474828
1694851200000,2023-09-16 16:00,-6.72474828,9993.27525172,6.72474828,0.0672474828
1694865600000,2023-09-16 20:00,-6.72474828,9993.27525172,6.72474828,0.0672474828
1694880000000,2023-09-17 00:00,-6.72474828,9993.27525172,6.72474828,0.0672474828
1694894400000,2023-09-17 04:00,-6.72474828,9993.27525172,6.72474828,0.0672474828
1694908800000,2023-09-17 08:00,-6.72474828,9993.27525172,6.72474828,0.0672474828
1694923200000,2023-09-17 12:00,-6.72474828,9993.27525172,6.72474828,0.0672474828
1694937600000,2023-09-17 16:00,-6.72474828,9993.27525172,6.72474828,0.0672474828
1694952000000,2023-09-17 20:00,-6.72474828,9993.27525172,6.72474828,0.0672474828
1694966400000,2023-09-18 00:00,-6.72474828,9993.27525172,6.72474828,0.0672474828
1694980800000,2023-09-18 04:00,-6.72474828,9993.27525172,6.72474828,0.0672474828
1694995200000,2023-09-18 08:00,-6.72474828,9993.27525172,6.72474828,0.0672474828
1695009600000,2023-09-18 12:00,-6.72474828,9993.27525172,6.72474828,0.0672474828
1695024000000,2023-09-18 16:00,-6.72474828,9993.27525172,6.72474828,0.0672474828
1695038400000,2023-09-18 20:00,-6.72474828,9993.27525172,6.72474828,0.0672474828
1695052800000,2023-09-19 00:00,-6.72474828,9993.27525172,6.72474828,0.0672474828
1695067200000,2023-09-19 04:00,-6.72474828,9993.27525172,6.72474828,0.0672474828
1695081600000,2023-09-19 08:00,-6.72474828,9993.27525172,6.72474828,0.0672474828
1695096000000,2023-09-19 12:00,-6.72474828,9993.27525172,6.72474828,0.0672474828
1695110400000,2023-09-19 16:00,-6.72474828,9993.27525172,6.72474828,0.0672474828
1695124800000,2023-09-19 20:00,-6.72474828,9993.27525172,6.72474828,0.0672474828
1695139200000,2023-09-20 00:00,-6.72474828,9993.27525172,6.72474828,0.0672474828
1695153600000,2023-09-20 04:00,-6.72474828,9993.27525172,6.72474828,0.0672474828
1695168000000,2023-09-20 08:00,-6.72474828,9993.27525172,6.72474828,0.0672474828
1695182400000,2023-09-20 12:00,-6.72474828,9993.27525172,6.72474828,0.0672474828
1695196800000,2023-09-20 16:00,-6.72474828,9993.27525172,6.72474828,0.0672474828
1695211200000,2023-09-20 20:00,-6.72474828,9993.27525172,6.72474828,0.0672474828
1695225600000,2023-09-21 00:00,-6.72474828,9993.27525172,6.72474828,0.0672474828
1695240000000,2023-09-21 04:00,-6.72474828,9993.27525172,6.72474828,0.0672474828
1695254400000,2023-09-21 08:00,-6.72474828,9993.27525172,6.72474828,0.0672474828
1695268800000,2023-09-21 12:00,-6.72474828,9993.27525172,6.72474828,0.0672474828
1695283200000,2023-09-21 16:00,-6.72474828,9993.27525172,6.72474828,0.0672474828
1695297600000,2023-09-21 20:00,-6.72474828,9993.27525172,6.72474828,0.0672474828
1695312000000,2023-09-22 00:00,-6.72474828,9993.27525172,6.72474828,0.0672474828
1695326400000,2023-09-22 04:00,-6.72474828,9993.27525172,6.72474828,0.0672474828
1695340800000,2023-09-22 08:00,-6.72474828,9993.27525172,6.72474828,0.0672474828
1695355200000,2023-09-22 12:00,-6.72474828,9993.27525172,6.72474828,0.0672474828
1695369600000,2023-09-22 16:00,-6.72474828,9993.27525172,6.72474828,0.0672474828
1695384000000,2023-09-22 20:00,-6.72474828,9993.27525172,6.72474828,0.0672474828
1695398400000,2023-09-23 00:00,-6.72474828,9993.27525172,6.72474828,0.0672474828
1695412800000,2023-09-23 04:00,-6.72474828,9993.27525172,6.72474828,0.0672474828
1695427200000,2023-09-23 08:00,-6.72474828,9993.27525172,6.72474828,0.0672474828
1695441600000,2023-09-23 12:00,-6.72474828,9993.27525172,6.72474828,0.0672474828
1695456000000,2023-09-23 16:00,-6.72474828,9993.27525172,6.72474828,0.0672474828
1695470400000,2023-09-23 20:00,-6.72474828,9993.27525172,6.72474828,0.0672474828
1695484800000,2023-09-24 00:00,-6.72474828,9993.27525172,6.72474828,0.0672474828
1695499200000,2023-09-24 04:00,-6.72474828,9993.27525172,6.72474828,0.0672474828
1695513600000,2023-09-24 08:00,-6.72474828,9993.27525172,6.72474828,0.0672474828
1695528000000,2023-09-24 12:00,-6.72474828,9993.27525172,6.72474828,0.0672474828
1695542400000,2023-09-24 16:00,-6.72474828,9993.27525172,6.72474828,0.0672474828
1695556800000,2023-09-24 20:00,-6.72474828,9993.27525172,6.72474828,0.0672474828
1695571200000,2023-09-25 00:00,-6.72474828,9993.27525172,6.72474828,0.0672474828
1695585600000,2023-09-25 04:00,-6.72474828,9993.27525172,6.72474828,0.0672474828
1695600000000,2023-09-25 08:00,-6.72474828,9993.27525172,6.72474828,0.0672474828
1695614400000,2023-09-25 12:00,-6.72474828,9993.27525172,6.72474828,0.0672474828
1695628800000,2023-09-25 16:00,-6.72474828,9993.27525172,6.72474828,0.0672474828
1695643200000,2023-09-25 20:00,-6.72474828,9993.27525172,6.72474828,0.0672474828
1695657600000,2023-09-26 00:00,-6.72474828,9993.27525172,6.72474828,0.0672474828
1695672000000,2023-09-26 04:00,-6.72474828,9993.27525172,6.72474828,0.0672474828
1695686400000,2023-09-26 08:00,-6.72474828,9993.27525172,6.72474828,0.0672474828
1695700800000,2023-09-26 12:00,-6.72474828,9993.27525172,6.72474828,0.0672474828
1695715200000,2023-09-26 16:00,-6.72474828,9993.27525172,6.72474828,0.0672474828
1695729600000,2023-09-26 20:00,-6.72474828,9993.27525172,6.72474828,0.0672474828
1695744000000,2023-09-27 00:00,-6.72474828,9993.27525172,6.72474828,0.0672474828
1695758400000,2023-09-27 04:00,-6.72474828,9993.27525172,6.72474828,0.0672474828
1695772800000,2023-09-27 08:00,-6.72474828,9993.27525172,6.72474828,0.0672474828
1695787200000,2023-09-27 12:00,-6.72474828,9993.27525172,6.72474828,0.0672474828
1695801600000,2023-09-27 16:00,-6.72474828,9993.27525172,6.72474828,0.0672474828
1695816000000,2023-09-27 20:00,-6.72474828,9993.27525172,6.72474828,0.0672474828
1695830400000,2023-09-28 00:00,-6.72474828,9993.27525172,6.72474828,0.0672474828
1695844800000,2023-09-28 04:00,-6.72474828,9993.27525172,6.72474828,0.0672474828
1695859200000,2023-09-28 08:00,-6.72474828,9993.27525172,6.72474828,0.0672474828
1695873600000,2023-09-28 12:00,-6.72474828,9993.27525172,6.72474828,0.0672474828
1695888000000,2023-09-28 16:00,-6.72474828,9993.27525172,6.72474828,0.0672474828
1695902400000,2023-09-28 20:00,-6.72474828,9993.27525172,6.72474828,0.0672474828
1695916800000,2023-09-29 00:00,-6.72474828,9993.27525172,6.72474828,0.0672474828
1695931200000,2023-09-29 04:00,-6.72474828,9993.27525172,6.72474828,0.0672474828
1695945600000,2023-09-29 08:00,-6.72474828,9993.27525172,6.72474828,0.0672474828
1695960000000,2023-09-29 12:00,-6.72474828,9993.27525172,6.72474828,0.0672474828
1695974400000,2023-09-29 16:00,-6.72474828,9993.27525172,6.72474828,0.0672474828
1695988800000,2023-09-29 20:00,-6.72474828,9993.27525172,6.72474828,0.0672474828
1696003200000,2023-09-30 00:00,-6.72474828,9993.27525172,6.72474828,0.0672474828
1696017600000,2023-09-30 04:00,-6.72474828,9993.27525172,6.72474828,0.0672474828
1696032000000,2023-09-30 08:00,-6.72474828,9993.27525172,6.72474828,0.0672474828
1696046400000,2023-09-30 12:00,-6.72474828,9993.27525172,6.72474828,0.0672474828
1696060800000,2023-09-30 16:00,-6.72474828,9993.27525172,6.72474828,0.0672474828
1696075200000,2023-09-30 20:00,-6.72474828,9993.27525172,6.72474828,0.0672474828
1696089600000,2023-10-01 00:00,-6.72474828,9993.27525172,6.72474828,0.0672474828
1696104000000,2023-10-01 04:00,-6.72474828,9993.27525172,6.72474828,0.0672474828
1696118400000,2023-10-01 08:00,-6.72474828,9993.27525172,6.72474828,0.0672474828
1696132800000,2023-10-01 12:00,-6.72474828,9993.27525172,6.72474828,0.0672474828
1696147200000,2023-10-01 16:00,-6.72474828,9993.27525172,6.72474828,0.0672474828
1696161600000,2023-10-01 20:00,-6.72474828,9993.27525172,6.72474828,0.0672474828
1696176000000,2023-10-02 00:00,-6.72474828,9993.27525172,6.72474828,0.0672474828
1696190400000,2023-10-02 04:00,-6.72474828,9993.27525172,6.72474828,0.0672474828
1696204800000,2023-10-02 08:00,-6.72474828,9993.27525172,6.72474828,0.0672474828
1696219200000,2023-10-02 12:00,-6.72474828,9993.27525172,6.72474828,0.0672474828
1696233600000,2023-10-02 16:00,-6.72474828,9993.27525172,6.72474828,0.0672474828
1696248000000,2023-10-02 20:00,-6.72474828,9993.27525172,6.72474828,0.0672474828
1696262400000,2023-10-03 00:00,-6.72474828,9993.27525172,6.72474828,0.0672474828
1696276800000,2023-10-03 04:00,-6.72474828,9993.27525172,6.72474828,0.0672474828
1696291200000,2023-10-03 08:00,-6.72474828,9993.27525172,6.72474828,0.0672474828
1696305600000,2023-10-03 12:00,-6.72474828,9993.27525172,6.72474828,0.0672474828
1696320000000,2023-10-03 16:00,-6.72474828,9993.27525172,6.72474828,0.0672474828
1696334400000,2023-10-03 20:00,-6.72474828,9993.27525172,6.72474828,0.0672474828
1696348800000,2023-10-04 00:00,-6.72474828,9993.27525172,6.72474828,0.0672474828
1696363200000,2023-10-04 04:00,-6.72474828,9993.27525172,6.72474828,0.0672474828
1696377600000,2023-10-04 08:00,-6.72474828,9993.27525172,6.72474828,0.0672474828
1696392000000,2023-10-04 12:00,-6.72474828,9993.27525172,6.72474828,0.0672474828
1696406400000,2023-10-04 16:00,-6.72474828,9993.27525172,6.72474828,0.0672474828
1696420800000,2023-10-04 20:00,-6.72474828,9993.27525172,6.72474828,0.0672474828
1696435200000,2023-10-05 00:00,-6.72474828,9993.27525172,6.72474828,0.0672474828
1696449600000,2023-10-05 04:00,-6.72474828,9993.27525172,6.72474828,0.0672474828
1696464000000,2023-10-05 08:00,-6.72474828,9993.27525172,6.72474828,0.0672474828
1696478400000,2023-10-05 12:00,-6.72474828,9993.27525172,6.72474828,0.0672474828
1696492800000,2023-10-05 16:00,-6.72474828,9993.27525172,6.72474828,0.0672474828
1696507200000,2023-10-05 20:00,-6.72474828,9993.27525172,6.72474828,0.0672474828
1696521600000,2023-10-06 00:00,-6.72474828,9993.27525172,6.72474828,0.0672474828
1696536000000,2023-10-06 04:00,-6.72474828,9993.27525172,6.72474828,0.0672474828
1696550400000,2023-10-06 08:00,-6.72474828,9993.27525172,6.72474828,0.0672474828
1696564800000,2023-10-06 12:00,-6.72474828,9993.27525172,6.72474828,0.0672474828
1696579200000,2023-10-06 16:00,-6.72474828,9993.27525172,6.72474828,0.0672474828
1696593600000,2023-10-06 20:00,-6.72474828,9993.27525172,6.72474828,0.0672474828
1696608000000,2023-10-07 00:00,-6.72474828,9993.27525172,6.72474828,0.0672474828
1696622400000,2023-10-07 04:00,-6.72474828,9993.27525172,6.72474828,0.0672474828
1696636800000,2023-10-07 08:00,-6.72474828,9993.27525172,6.72474828,0.0672474828
1696651200000,2023-10-07 12:00,-6.72474828,9993.27525172,6.72474828,0.0672474828
1696665600000,2023-10-07 16:00,-6.72474828,9993.27525172,6.72474828,0.0672474828
1696680000000,2023-10-07 20:00,-6.72474828,9993.27525172,6.72474828,0.0672474828
1696694400000,2023-10-08 00:00,-6.72474828,9993.27525172,6.72474828,0.0672474828
1696708800000,2023-10-08 04:00,-6.72474828,9993.27525172,6.72474828,0.0672474828
1696723200000,2023-10-08 08:00,-6.72474828,9993.27525172,6.72474828,0.0672474828
1696737600000,2023-10-08 12:00,-6.72474828,9993.27525172,6.72474828,0.0672474828
1696752000000,2023-10-08 16:00,-6.72474828,9993.27525172,6.72474828,0.0672474828
1696766400000,2023-10-08 20:00,-6.72474828,9993.27525172,6.72474828,0.0672474828
1696780800000,2023-10-09 00:00,-6.72474828,9993.27525172,6.72474828,0.0672474828
1696795200000,2023-10-09 04:00,-6.72474828,9993.27525172,6.72474828,0.0672474828
1696809600000,2023-10-09 08:00,-6.72474828,9993.27525172,6.72474828,0.0672474828
1696824000000,2023-10-09 12:00,-6.72474828,9993.27525172,6.72474828,0.0672474828
1696838400000,2023-10-09 16:00,-6.72474828,9993.27525172,6.72474828,0.0672474828
1696852800000,2023-10-09 20:00,-6.72474828,9993.27525172,6.72474828,0.0672474828
1696867200000,2023-10-10 00:00,-6.72474828,9993.27525172,6.72474828,0.0672474828
1696881600000,2023-10-10 04:00,-6.72474828,9993.27525172,6.72474828,0.0672474828
1696896000000,2023-10-10 08:00,-6.72474828,9993.27525172,6.72474828,0.0672474828
1696910400000,2023-10-10 12:00,-6.72474828,9993.27525172,6.72474828,0.0672474828
1696924800000,2023-10-10 16:00,-6.72474828,9993.27525172,6.72474828,0.0672474828
1696939200000,2023-10-10 20:00,-6.72474828,9993.27525172,6.72474828,0.0672474828
1696953600000,2023-10-11 00:00,-6.72474828,9993.27525172,6.72474828,0.0672474828
1696968000000,2023-10-11 04:00,-6.72474828,9993.27525172,6.72474828,0.0672474828
1696982400000,2023-10-11 08:00,-6.72474828,9993.27525172,6.72474828,0.0672474828
1696996800000,2023-10-11 12:00,-6.72474828,9993.27525172,6.72474828,0.0672474828
1697011200000,2023-10-11 16:00,-6.72474828,9993.27525172,6.72474828,0.0672474828
1697025600000,2023-10-11 20:00,-6.72474828,9993.27525172,6.72474828,0.0672474828
1697040000000,2023-10-12 00:00,-6.72474828,9993.27525172,6.72474828,0.0672474828
1697054400000,2023-10-12 04:00,-6.72474828,9993.27525172,6.72474828,0.0672474828
1697068800000,2023-10-12 08:00,192.03336792,10192.03336792,0,0
1697083200000,2023-10-12 12:00,192.03336792,10192.03336792,0,0
1697097600000,2023-10-12 16:00,192.03336792,10192.03336792,0,0
1697112000000,2023-10-12 20:00,192.03336792,10192.03336792,0,0
1697126400000,2023-10-13 00:00,192.03336792,10192.03336792,0,0
1697140800000,2023-10-13 04:00,192.03336792,10192.03336792,0,0
1697155200000,2023-10-13 08:00,192.03336792,10192.03336792,0,0
1697169600000,2023-10-13 12:00,192.03336792,10192.03336792,0,0
1697184000000,2023-10-13 16:00,192.03336792,10192.03336792,0,0
1697198400000,2023-10-13 20:00,192.03336792,10192.03336792,0,0
1697212800000,2023-10-14 00:00,192.03336792,10192.03336792,0,0
1697227200000,2023-10-14 04:00,192.03336792,10192.03336792,0,0
1697241600000,2023-10-14 08:00,192.03336792,10192.03336792,0,0
1697256000000,2023-10-14 12:00,192.03336792,10192.03336792,0,0
1697270400000,2023-10-14 16:00,192.03336792,10192.03336792,0,0
1697284800000,2023-10-14 20:00,192.03336792,10192.03336792,0,0
1697299200000,2023-10-15 00:00,192.03336792,10192.03336792,0,0
1697313600000,2023-10-15 04:00,192.03336792,10192.03336792,0,0
1697328000000,2023-10-15 08:00,192.03336792,10192.03336792,0,0
1697342400000,2023-10-15 12:00,192.03336792,10192.03336792,0,0
1697356800000,2023-10-15 16:00,192.03336792,10192.03336792,0,0
1697371200000,2023-10-15 20:00,192.03336792,10192.03336792,0,0
1697385600000,2023-10-16 00:00,192.03336792,10192.03336792,0,0
1697400000000,2023-10-16 04:00,192.03336792,10192.03336792,0,0
1697414400000,2023-10-16 08:00,192.03336792,10192.03336792,0,0
1697428800000,2023-10-16 12:00,192.03336792,10192.03336792,0,0
1697443200000,2023-10-16 16:00,192.03336792,10192.03336792,0,0
1697457600000,2023-10-16 20:00,192.03336792,10192.03336792,0,0
1697472000000,2023-10-17 00:00,192.03336792,10192.03336792,0,0
1697486400000,2023-10-17 04:00,192.03336792,10192.03336792,0,0
1697500800000,2023-10-17 08:00,192.03336792,10192.03336792,0,0
1697515200000,2023-10-17 12:00,192.03336792,10192.03336792,0,0
1697529600000,2023-10-17 16:00,192.03336792,10192.03336792,0,0
1697544000000,2023-10-17 20:00,192.03336792,10192.03336792,0,0
1697558400000,2023-10-18 00:00,192.03336792,10192.03336792,0,0
1697572800000,2023-10-18 04:00,192.03336792,10192.03336792,0,0
1697587200000,2023-10-18 08:00,192.03336792,10192.03336792,0,0
1697601600000,2023-10-18 12:00,192.03336792,10192.03336792,0,0
1697616000000,2023-10-18 16:00,192.03336792,10192.03336792,0,0
1697630400000,2023-10-18 20:00,192.03336792,10192.03336792,0,0
1697644800000,2023-10-19 00:00,192.03336792,10192.03336792,0,0
1697659200000,2023-10-19 04:00,192.03336792,10192.03336792,0,0
1697673600000,2023-10-19 08:00,192.03336792,10192.03336792,0,0
1697688000000,2023-10-19 12:00,192.03336792,10192.03336792,0,0
1697702400000,2023-10-19 16:00,192.03336792,10192.03336792,0,0
1697716800000,2023-10-19 20:00,192.03336792,10192.03336792,0,0
1697731200000,2023-10-20 00:00,192.03336792,10192.03336792,0,0
1697745600000,2023-10-20 04:00,192.03336792,10192.03336792,0,0
1697760000000,2023-10-20 08:00,192.03336792,10192.03336792,0,0
1697774400000,2023-10-20 12:00,192.03336792,10192.03336792,0,0
1697788800000,2023-10-20 16:00,192.03336792,10192.03336792,0,0
1697803200000,2023-10-20 20:00,192.03336792,10192.03336792,0,0
1697817600000,2023-10-21 00:00,192.03336792,10192.03336792,0,0
1697832000000,2023-10-21 04:00,192.03336792,10192.03336792,0,0
1697846400000,2023-10-21 08:00,192.03336792,10192.03336792,0,0
1697860800000,2023-10-21 12:00,192.03336792,10192.03336792,0,0
1697875200000,2023-10-21 16:00,192.03336792,10192.03336792,0,0
1697889600000,2023-10-21 20:00,192.03336792,10192.03336792,0,0
1697904000000,2023-10-22 00:00,192.03336792,10192.03336792,0,0
1697918400000,2023-10-22 04:00,192.03336792,10192.03336792,0,0
1697932800000,2023-10-22 08:00,192.03336792,10192.03336792,0,0
1697947200000,2023-10-22 12:00,192.03336792,10192.03336792,0,0
1697961600000,2023-10-22 16:00,192.03336792,10192.03336792,0,0
1697976000000,2023-10-22 20:00,192.03336792,10192.03336792,0,0
1697990400000,2023-10-23 00:00,192.03336792,10192.03336792,0,0
1698004800000,2023-10-23 04:00,192.03336792,10192.03336792,0,0
1698019200000,2023-10-23 08:00,192.03336792,10192.03336792,0,0
1698033600000,2023-10-23 12:00,192.03336792,10192.03336792,0,0
1698048000000,2023-10-23 16:00,192.03336792,10192.03336792,0,0
1698062400000,2023-10-23 20:00,192.03336792,10192.03336792,0,0
1698076800000,2023-10-24 00:00,192.03336792,10192.03336792,0,0
1698091200000,2023-10-24 04:00,192.03336792,10192.03336792,0,0
1698105600000,2023-10-24 08:00,192.03336792,10192.03336792,0,0
1698120000000,2023-10-24 12:00,192.03336792,10192.03336792,0,0
1698134400000,2023-10-24 16:00,192.03336792,10192.03336792,0,0
1698148800000,2023-10-24 20:00,192.03336792,10192.03336792,0,0
1698163200000,2023-10-25 00:00,192.03336792,10192.03336792,0,0
1698177600000,2023-10-25 04:00,192.03336792,10192.03336792,0,0
1698192000000,2023-10-25 08:00,192.03336792,10192.03336792,0,0
1698206400000,2023-10-25 12:00,192.03336792,10192.03336792,0,0
1698220800000,2023-10-25 16:00,192.03336792,10192.03336792,0,0
1698235200000,2023-10-25 20:00,192.03336792,10192.03336792,0,0
1698249600000,2023-10-26 00:00,192.03336792,10192.03336792,0,0
1698264000000,2023-10-26 04:00,192.03336792,10192.03336792,0,0
1698278400000,2023-10-26 08:00,192.03336792,10192.03336792,0,0
1698292800000,2023-10-26 12:00,192.03336792,10192.03336792,0,0
1698307200000,2023-10-26 16:00,192.03336792,10192.03336792,0,0
1698321600000,2023-10-26 20:00,192.03336792,10192.03336792,0,0
1698336000000,2023-10-27 00:00,192.03336792,10192.03336792,0,0
1698350400000,2023-10-27 04:00,192.03336792,10192.03336792,0,0
1698364800000,2023-10-27 08:00,192.03336792,10192.03336792,0,0
1698379200000,2023-10-27 12:00,192.03336792,10192.03336792,0,0
1698393600000,2023-10-27 16:00,192.03336792,10192.03336792,0,0
1698408000000,2023-10-27 20:00,192.03336792,10192.03336792,0,0
1698422400000,2023-10-28 00:00,192.03336792,10192.03336792,0,0
1698436800000,2023-10-28 04:00,192.03336792,10192.03336792,0,0
1698451200000,2023-10-28 08:00,192.03336792,10192.03336792,0,0
1698465600000,2023-10-28 12:00,192.03336792,10192.03336792,0,0
1698480000000,2023-10-28 16:00,192.03336792,10192.03336792,0,0
1698494400000,2023-10-28 20:00,192.03336792,10192.03336792,0,0
1698508800000,2023-10-29 00:00,192.03336792,10192.03336792,0,0
1698523200000,2023-10-29 04:00,192.03336792,10192.03336792,0,0
1698537600000,2023-10-29 08:00,192.03336792,10192.03336792,0,0
1698552000000,2023-10-29 12:00,192.03336792,10192.03336792,0,0
1698566400000,2023-10-29 16:00,192.03336792,10192.03336792,0,0
1698580800000,2023-10-29 20:00,192.03336792,10192.03336792,0,0
1698595200000,2023-10-30 00:00,192.03336792,10192.03336792,0,0
1698609600000,2023-10-30 04:00,192.03336792,10192.03336792,0,0
1698624000000,2023-10-30 08:00,192.03336792,10192.03336792,0,0
1698638400000,2023-10-30 12:00,192.03336792,10192.03336792,0,0
1698652800000,2023-10-30 16:00,192.03336792,10192.03336792,0,0
1698667200000,2023-10-30 20:00,192.03336792,10192.03336792,0,0
1698681600000,2023-10-31 00:00,192.03336792,10192.03336792,0,0
1698696000000,2023-10-31 04:00,192.03336792,10192.03336792,0,0
1698710400000,2023-10-31 08:00,192.03336792,10192.03336792,0,0
1698724800000,2023-10-31 12:00,192.03336792,10192.03336792,0,0
1698739200000,2023-10-31 16:00,192.03336792,10192.03336792,0,0
1698753600000,2023-10-31 20:00,192.03336792,10192.03336792,0,0
1698768000000,2023-11-01 00:00,192.03336792,10192.03336792,0,0
1698782400000,2023-11-01 04:00,192.03336792,10192.03336792,0,0
1698796800000,2023-11-01 08:00,192.03336792,10192.03336792,0,0
1698811200000,2023-11-01 12:00,192.03336792,10192.03336792,0,0
1698825600000,2023-11-01 16:00,192.03336792,10192.03336792,0,0
1698840000000,2023-11-01 20:00,192.03336792,10192.03336792,0,0
1698854400000,2023-11-02 00:00,192.03336792,10192.03336792,0,0
1698868800000,2023-11-02 04:00,192.03336792,10192.03336792,0,0
1698883200000,2023-11-02 08:00,192.03336792,10192.03336792,0,0
1698897600000,2023-11-02 12:00,192.03336792,10192.03336792,0,0
1698912000000,2023-11-02 16:00,192.03336792,10192.03336792,0,0
1698926400000,2023-11-02 20:00,192.03336792,10192.03336792,0,0
1698940800000,2023-11-03 00:00,192.03336792,10192.03336792,0,0
1698955200000,2023-11-03 04:00,192.03336792,10192.03336792,0,0
1698969600000,2023-11-03 08:00,192.03336792,10192.03336792,0,0
1698984000000,2023-11-03 12:00,192.03336792,10192.03336792,0,0
1698998400000,2023-11-03 16:00,192.03336792,10192.03336792,0,0
1699012800000,2023-11-03 20:00,192.03336792,10192.03336792,0,0
1699027200000,2023-11-04 00:00,192.03336792,10192.03336792,0,0
1699041600000,2023-11-04 04:00,192.03336792,10192.03336792,0,0
1699056000000,2023-11-04 08:00,192.03336792,10192.03336792,0,0
1699070400000,2023-11-04 12:00,192.03336792,10192.03336792,0,0
1699084800000,2023-11-04 16:00,192.03336792,10192.03336792,0,0
1699099200000,2023-11-04 20:00,192.03336792,10192.03336792,0,0
1699113600000,2023-11-05 00:00,192.03336792,10192.03336792,0,0
1699128000000,2023-11-05 04:00,192.03336792,10192.03336792,0,0
1699142400000,2023-11-05 08:00,192.03336792,10192.03336792,0,0
1699156800000,2023-11-05 12:00,192.03336792,10192.03336792,0,0
1699171200000,2023-11-05 16:00,192.03336792,10192.03336792,0,0
1699185600000,2023-11-05 20:00,192.03336792,10192.03336792,0,0
1699200000000,2023-11-06 00:00,192.03336792,10192.03336792,0,0
1699214400000,2023-11-06 04:00,192.03336792,10192.03336792,0,0
1699228800000,2023-11-06 08:00,192.03336792,10192.03336792,0,0
1699243200000,2023-11-06 12:00,192.03336792,10192.03336792,0,0
1699257600000,2023-11-06 16:00,192.03336792,10192.03336792,0,0
1699272000000,2023-11-06 20:00,192.03336792,10192.03336792,0,0
1699286400000,2023-11-07 00:00,192.03336792,10192.03336792,0,0
1699300800000,2023-11-07 04:00,192.03336792,10192.03336792,0,0
1699315200000,2023-11-07 08:00,192.03336792,10192.03336792,0,0
1699329600000,2023-11-07 12:00,192.03336792,10192.03336792,0,0
1699344000000,2023-11-07 16:00,192.03336792,10192.03336792,0,0
1699358400000,2023-11-07 20:00,192.03336792,10192.03336792,0,0
1699372800000,2023-11-08 00:00,192.03336792,10192.03336792,0,0
1699387200000,2023-11-08 04:00,192.03336792,10192.03336792,0,0
1699401600000,2023-11-08 08:00,192.03336792,10192.03336792,0,0
1699416000000,2023-11-08 12:00,192.03336792,10192.03336792,0,0
1699430400000,2023-11-08 16:00,192.03336792,10192.03336792,0,0
1699444800000,2023-11-08 20:00,192.03336792,10192.03336792,0,0
1699459200000,2023-11-09 00:00,192.03336792,10192.03336792,0,0
1699473600000,2023-11-09 04:00,192.03336792,10192.03336792,0,0
1699488000000,2023-11-09 08:00,192.03336792,10192.03336792,0,0
1699502400000,2023-11-09 12:00,192.03336792,10192.03336792,0,0
1699516800000,2023-11-09 16:00,192.03336792,10192.03336792,0,0
1699531200000,2023-11-09 20:00,192.03336792,10192.03336792,0,0
1699545600000,2023-11-10 00:00,192.03336792,10192.03336792,0,0
1699560000000,2023-11-10 04:00,192.03336792,10192.03336792,0,0
1699574400000,2023-11-10 08:00,192.03336792,10192.03336792,0,0
1699588800000,2023-11-10 12:00,192.03336792,10192.03336792,0,0
1699603200000,2023-11-10 16:00,192.03336792,10192.03336792,0,0
1699617600000,2023-11-10 20:00,192.03336792,10192.03336792,0,0
1699632000000,2023-11-11 00:00,192.03336792,10192.03336792,0,0
1699646400000,2023-11-11 04:00,192.03336792,10192.03336792,0,0
1699660800000,2023-11-11 08:00,192.03336792,10192.03336792,0,0
1699675200000,2023-11-11 12:00,192.03336792,10192.03336792,0,0
1699689600000,2023-11-11 16:00,192.03336792,10192.03336792,0,0
1699704000000,2023-11-11 20:00,192.03336792,10192.03336792,0,0
1699718400000,2023-11-12 00:00,192.03336792,10192.03336792,0,0
1699732800000,2023-11-12 04:00,192.03336792,10192.03336792,0,0
1699747200000,2023-11-12 08:00,192.03336792,10192.03336792,0,0
1699761600000,2023-11-12 12:00,192.03336792,10192.03336792,0,0
1699776000000,2023-11-12 16:00,192.03336792,10192.03336792,0,0
1699790400000,2023-11-12 20:00,192.03336792,10192.03336792,0,0
1699804800000,2023-11-13 00:00,192.03336792,10192.03336792,0,0
1699819200000,2023-11-13 04:00,192.03336792,10192.03336792,0,0
1699833600000,2023-11-13 08:00,192.03336792,10192.03336792,0,0
1699848000000,2023-11-13 12:00,192.03336792,10192.03336792,0,0
1699862400000,2023-11-13 16:00,192.03336792,10192.03336792,0,0
1699876800000,2023-11-13 20:00,192.03336792,10192.03336792,0,0
1699891200000,2023-11-14 00:00,192.03336792,10192.03336792,0,0
1699905600000,2023-11-14 04:00,192.03336792,10192.03336792,0,0
1699920000000,2023-11-14 08:00,192.03336792,10192.03336792,0,0
1699934400000,2023-11-14 12:00,192.03336792,10192.03336792,0,0
1699948800000,2023-11-14 16:00,192.03336792,10192.03336792,0,0
1699963200000,2023-11-14 20:00,192.03336792,10192.03336792,0,0
1699977600000,2023-11-15 00:00,192.03336792,10192.03336792,0,0
1699992000000,2023-11-15 04:00,192.03336792,10192.03336792,0,0
1700006400000,2023-11-15 08:00,192.03336792,10192.03336792,0,0
1700020800000,2023-11-15 12:00,192.03336792,10192.03336792,0,0
1700035200000,2023-11-15 16:00,192.03336792,10192.03336792,0,0
1700049600000,2023-11-15 20:00,192.03336792,10192.03336792,0,0
1700064000000,2023-11-16 00:00,192.03336792,10192.03336792,0,0
1700078400000,2023-11-16 04:00,192.03336792,10192.03336792,0,0
1700092800000,2023-11-16 08:00,192.03336792,10192.03336792,0,0
1700107200000,2023-11-16 12:00,192.03336792,10192.03336792,0,0
1700121600000,2023-11-16 16:00,192.03336792,10192.03336792,0,0
1700136000000,2023-11-16 20:00,192.03336792,10192.03336792,0,0
1700150400000,2023-11-17 00:00,192.03336792,10192.03336792,0,0
1700164800000,2023-11-17 04:00,192.03336792,10192.03336792,0,0
1700179200000,2023-11-17 08:00,192.03336792,10192.03336792,0,0
1700193600000,2023-11-17 12:00,192.03336792,10192.03336792,0,0
1700208000000,2023-11-17 16:00,192.03336792,10192.03336792,0,0
1700222400000,2023-11-17 20:00,192.03336792,10192.03336792,0,0
1700236800000,2023-11-18 00:00,192.03336792,10192.03336792,0,0
1700251200000,2023-11-18 04:00,192.03336792,10192.03336792,0,0
1700265600000,2023-11-18 08:00,192.03336792,10192.03336792,0,0
1700280000000,2023-11-18 12:00,192.03336792,10192.03336792,0,0
1700294400000,2023-11-18 16:00,192.03336792,10192.03336792,0,0
1700308800000,2023-11-18 20:00,192.03336792,10192.03336792,0,0
1700323200000,2023-11-19 00:00,192.03336792,10192.03336792,0,0
1700337600000,2023-11-19 04:00,192.03336792,10192.03336792,0,0
1700352000000,2023-11-19 08:00,192.03336792,10192.03336792,0,0
1700366400000,2023-11-19 12:00,192.03336792,10192.03336792,0,0
1700380800000,2023-11-19 16:00,192.03336792,10192.03336792,0,0
1700395200000,2023-11-19 20:00,192.03336792,10192.03336792,0,0
1700409600000,2023-11-20 00:00,192.03336792,10192.03336792,0,0
1700424000000,2023-11-20 04:00,97.41469452,10097.41469452,94.6186734,0.9283591407561283340630140553
1700438400000,2023-11-20 08:00,97.41469452,10097.41469452,94.6186734,0.9283591407561283340630140553
1700452800000,2023-11-20 12:00,97.41469452,10097.41469452,94.6186734,0.9283591407561283340630140553
1700467200000,2023-11-20 16:00,97.41469452,10097.41469452,94.6186734,0.9283591407561283340630140553
1700481600000,2023-11-20 20:00,97.41469452,10097.41469452,94.6186734,0.9283591407561283340630140553
1700496000000,2023-11-21 00:00,97.41469452,10097.41469452,94.6186734,0.9283591407561283340630140553
1700510400000,2023-11-21 04:00,97.41469452,10097.41469452,94.6186734,0.9283591407561283340630140553
1700524800000,2023-11-21 08:00,97.41469452,10097.41469452,94.6186734,0.9283591407561283340630140553
1700539200000,2023-11-21 12:00,97.41469452,10097.41469452,94.6186734,0.9283591407561283340630140553
1700553600000,2023-11-21 16:00,97.41469452,10097.41469452,94.6186734,0.9283591407561283340630140553
1700568000000,2023-11-21 20:00,97.41469452,10097.41469452,94.6186734,0.9283591407561283340630140553
1700582400000,2023-11-22 00:00,97.41469452,10097.41469452,94.6186734,0.9283591407561283340630140553
1700596800000,2023-11-22 04:00,97.41469452,10097.41469452,94.6186734,0.9283591407561283340630140553
1700611200000,2023-11-22 08:00,97.41469452,10097.41469452,94.6186734,0.9283591407561283340630140553
1700625600000,2023-11-22 12:00,97.41469452,10097.41469452,94.6186734,0.9283591407561283340630140553
1700640000000,2023-11-22 16:00,97.41469452,10097.41469452,94.6186734,0.9283591407561283340630140553
1700654400000,2023-11-22 20:00,97.41469452,10097.41469452,94.6186734,0.9283591407561283340630140553
1700668800000,2023-11-23 00:00,97.41469452,10097.41469452,94.6186734,0.9283591407561283340630140553
1700683200000,2023-11-23 04:00,97.41469452,10097.41469452,94.6186734,0.9283591407561283340630140553
1700697600000,2023-11-23 08:00,97.41469452,10097.41469452,94.6186734,0.9283591407561283340630140553
1700712000000,2023-11-23 12:00,97.41469452,10097.41469452,94.6186734,0.9283591407561283340630140553
1700726400000,2023-11-23 16:00,97.41469452,10097.41469452,94.6186734,0.9283591407561283340630140553
1700740800000,2023-11-23 20:00,97.41469452,10097.41469452,94.6186734,0.9283591407561283340630140553
1700755200000,2023-11-24 00:00,97.41469452,10097.41469452,94.6186734,0.9283591407561283340630140553
1700769600000,2023-11-24 04:00,97.41469452,10097.41469452,94.6186734,0.9283591407561283340630140553
1700784000000,2023-11-24 08:00,97.41469452,10097.41469452,94.6186734,0.9283591407561283340630140553
1700798400000,2023-11-24 12:00,97.41469452,10097.41469452,94.6186734,0.9283591407561283340630140553
1700812800000,2023-11-24 16:00,97.41469452,10097.41469452,94.6186734,0.9283591407561283340630140553
1700827200000,2023-11-24 20:00,97.41469452,10097.41469452,94.6186734,0.9283591407561283340630140553
1700841600000,2023-11-25 00:00,97.41469452,10097.41469452,94.6186734,0.9283591407561283340630140553
1700856000000,2023-11-25 04:00,97.41469452,10097.41469452,94.6186734,0.9283591407561283340630140553
1700870400000,2023-11-25 08:00,97.41469452,10097.41469452,94.6186734,0.9283591407561283340630140553
1700884800000,2023-11-25 12:00,97.41469452,10097.41469452,94.6186734,0.9283591407561283340630140553
1700899200000,2023-11-25 16:00,97.41469452,10097.41469452,94.6186734,0.9283591407561283340630140553
1700913600000,2023-11-25 20:00,97.41469452,10097.41469452,94.6186734,0.9283591407561283340630140553
1700928000000,2023-11-26 00:00,97.41469452,10097.41469452,94.6186734,0.9283591407561283340630140553
1700942400000,2023-11-26 04:00,97.41469452,10097.41469452,94.6186734,0.9283591407561283340630140553
1700956800000,2023-11-26 08:00,97.41469452,10097.41469452,94.6186734,0.9283591407561283340630140553
1700971200000,2023-11-26 12:00,97.41469452,10097.41469452,94.6186734,0.9283591407561283340630140553
1700985600000,2023-11-26 16:00,97.41469452,10097.41469452,94.6186734,0.9283591407561283340630140553
1701000000000,2023-11-26 20:00,97.41469452,10097.41469452,94.6186734,0.9283591407561283340630140553
1701014400000,2023-11-27 00:00,97.41469452,10097.41469452,94.6186734,0.9283591407561283340630140553
1701028800000,2023-11-27 04:00,97.41469452,10097.41469452,94.6186734,0.9283591407561283340630140553
1701043200000,2023-11-27 08:00,97.41469452,10097.41469452,94.6186734,0.9283591407561283340630140553
1701057600000,2023-11-27 12:00,97.41469452,10097.41469452,94.6186734,0.9283591407561283340630140553
1701072000000,2023-11-27 16:00,97.41469452,10097.41469452,94.6186734,0.9283591407561283340630140553
1701086400000,2023-11-27 20:00,97.41469452,10097.41469452,94.6186734,0.9283591407561283340630140553
1701100800000,2023-11-28 00:00,97.41469452,10097.41469452,94.6186734,0.9283591407561283340630140553
1701115200000,2023-11-28 04:00,97.41469452,10097.41469452,94.6186734,0.9283591407561283340630140553
1701129600000,2023-11-28 08:00,97.41469452,10097.41469452,94.6186734,0.9283591407561283340630140553
1701144000000,2023-11-28 12:00,97.41469452,10097.41469452,94.6186734,0.9283591407561283340630140553
1701158400000,2023-11-28 16:00,97.41469452,10097.41469452,94.6186734,0.9283591407561283340630140553
1701172800000,2023-11-28 20:00,97.41469452,10097.41469452,94.6186734,0.9283591407561283340630140553
1701187200000,2023-11-29 00:00,-5.25018626,9994.74981374,197.28355418,1.93566432779705290562817987
1701201600000,2023-11-29 04:00,-5.25018626,9994.74981374,197.28355418,1.93566432779705290562817987
1701216000000,2023-11-29 08:00,-5.25018626,9994.74981374,197.28355418,1.93566432779705290562817987
1701230400000,2023-11-29 12:00,-5.25018626,9994.74981374,197.28355418,1.93566432779705290562817987
1701244800000,2023-11-29 16:00,-5.25018626,9994.74981374,197.28355418,1.93566432779705290562817987
1701259200000,2023-11-29 20:00,-5.25018626,9994.74981374,197.28355418,1.93566432779705290562817987
1701273600000,2023-11-30 00:00,-5.25018626,9994.74981374,197.28355418,1.93566432779705290562817987
1701288000000,2023-11-30 04:00,-5.25018626,9994.74981374,197.28355418,1.93566432779705290562817987
1701302400000,2023-11-30 08:00,-5.25018626,9994.74981374,197.28355418,1.93566432779705290562817987
1701316800000,2023-11-30 12:00,-5.25018626,9994.74981374,197.28355418,1.93566432779705290562817987
1701331200000,2023-11-30 16:00,-5.25018626,9994.74981374,197.28355418,1.93566432779705290562817987
1701345600000,2023-11-30 20:00,-5.25018626,9994.74981374,197.28355418,1.93566432779705290562817987
1701360000000,2023-12-01 00:00,-5.25018626,9994.74981374,197.28355418,1.93566432779705290562817987
1701374400000,2023-12-01 04:00,-5.25018626,9994.74981374,197.28355418,1.93566432779705290562817987
1701388800000,2023-12-01 08:00,-5.25018626,9994.74981374,197.28355418,1.93566432779705290562817987
1701403200000,2023-12-01 12:00,-5.25018626,9994.74981374,197.28355418,1.93566432779705290562817987
1701417600000,2023-12-01 16:00,-5.25018626,9994.74981374,197.28355418,1.93566432779705290562817987
1701432000000,2023-12-01 20:00,-5.25018626,9994.74981374,197.28355418,1.93566432779705290562817987
1701446400000,2023-12-02 00:00,-5.25018626,9994.74981374,197.28355418,1.93566432779705290562817987
1701460800000,2023-12-02 04:00,-5.25018626,9994.74981374,197.28355418,1.93566432779705290562817987
1701475200000,2023-12-02 08:00,-5.25018626,9994.74981374,197.28355418,1.93566432779705290562817987
1701489600000,2023-12-02 12:00,-5.25018626,9994.74981374,197.28355418,1.93566432779705290562817987
1701504000000,2023-12-02 16:00,-5.25018626,9994.74981374,197.28355418,1.93566432779705290562817987
1701518400000,2023-12-02 20:00,-5.25018626,9994.74981374,197.28355418,1.93566432779705290562817987
1701532800000,2023-12-03 00:00,-5.25018626,9994.74981374,197.28355418,1.93566432779705290562817987
1701547200000,2023-12-03 04:00,-5.25018626,9994.74981374,197.28355418,1.93566432779705290562817987
1701561600000,2023-12-03 08:00,-5.25018626,9994.74981374,197.28355418,1.93566432779705290562817987
1701576000000,2023-12-03 12:00,-5.25018626,9994.74981374,197.28355418,1.93566432779705290562817987
1701590400000,2023-12-03 16:00,-5.25018626,9994.74981374,197.28355418,1.93566432779705290562817987
1701604800000,2023-12-03 20:00,-5.25018626,9994.74981374,197.28355418,1.93566432779705290562817987
1701619200000,2023-12-04 00:00,-5.25018626,9994.74981374,197.28355418,1.93566432779705290562817987
1701633600000,2023-12-04 04:00,-5.25018626,9994.74981374,197.28355418,1.93566432779705290562817987
1701648000000,2023-12-04 08:00,-5.25018626,9994.74981374,197.28355418,1.93566432779705290562817987
1701662400000,2023-12-04 12:00,-5.25018626,9994.74981374,197.28355418,1.93566432779705290562817987
1701676800000,2023-12-04 16:00,-5.25018626,9994.74981374,197.28355418,1.93566432779705290562817987
1701691200000,2023-12-04 20:00,-5.25018626,9994.74981374,197.28355418,1.93566432779705290562817987
1701705600000,2023-12-05 00:00,-5.25018626,9994.74981374,197.28355418,1.93566432779705290562817987
1701720000000,2023-12-05 04:00,-5.25018626,9994.74981374,197.28355418,1.93566432779705290562817987
1701734400000,2023-12-05 08:00,-5.25018626,9994.74981374,197.28355418,1.93566432779705290562817987
1701748800000,2023-12-05 12:00,-5.25018626,9994.74981374,197.28355418,1.93566432779705290562817987
1701763200000,2023-12-05 16:00,-5.25018626,9994.74981374,197.28355418,1.93566432779705290562817987
1701777600000,2023-12-05 20:00,-5.25018626,9994.74981374,197.28355418,1.93566432779705290562817987
1701792000000,2023-12-06 00:00,-5.25018626,9994.74981374,197.28355418,1.93566432779705290562817987
1701806400000,2023-12-06 04:00,-5.25018626,9994.74981374,197.28355418,1.93566432779705290562817987
1701820800000,2023-12-06 08:00,-5.25018626,9994.74981374,197.28355418,1.93566432779705290562817987
1701835200000,2023-12-06 12:00,-5.25018626,9994.74981374,197.28355418,1.93566432779705290562817987
1701849600000,2023-12-06 16:00,-5.25018626,9994.74981374,197.28355418,1.93566432779705290562817987
1701864000000,2023-12-06 20:00,-5.25018626,9994.74981374,197.28355418,1.93566432779705290562817987
1701878400000,2023-12-07 00:00,-5.25018626,9994.74981374,197.28355418,1.93566432779705290562817987
1701892800000,2023-12-07 04:00,-5.25018626,9994.74981374,197.28355418,1.93566432779705290562817987
1701907200000,2023-12-07 08:00,-5.25018626,9994.74981374,197.28355418,1.93566432779705290562817987
1701921600000,2023-12-07 12:00,-5.25018626,9994.74981374,197.28355418,1.93566432779705290562817987
1701936000000,2023-12-07 16:00,-5.25018626,9994.74981374,197.28355418,1.93566432779705290562817987
1701950400000,2023-12-07 20:00,-5.25018626,9994.74981374,197.28355418,1.93566432779705290562817987
1701964800000,2023-12-08 00:00,-5.25018626,9994.74981374,197.28355418,1.93566432779705290562817987
1701979200000,2023-12-08 04:00,-5.25018626,9994.74981374,197.28355418,1.93566432779705290562817987
1701993600000,2023-12-08 08:00,-5.25018626,9994.74981374,197.28355418,1.93566432779705290562817987
1702008000000,2023-12-08 12:00,-5.25018626,9994.74981374,197.28355418,1.93566432779705290562817987
1702022400000,2023-12-08 16:00,-5.25018626,9994.74981374,197.28355418,1.93566432779705290562817987
1702036800000,2023-12-08 20:00,-5.25018626,9994.74981374,197.28355418,1.93566432779705290562817987
1702051200000,2023-12-09 00:00,-5.25018626,9994.74981374,197.28355418,1.93566432779705290562817987
1702065600000,2023-12-09 04:00,-5.25018626,9994.74981374,197.28355418,1.93566432779705290562817987
1702080000000,2023-12-09 08:00,-5.25018626,9994.74981374,197.28355418,1.93566432779705290562817987
1702094400000,2023-12-09 12:00,-5.25018626,9994.74981374,197.28355418,1.93566432779705290562817987
1702108800000,2023-12-09 16:00,-5.25018626,9994.74981374,197.28355418,1.93566432779705290562817987
1702123200000,2023-12-09 20:00,-5.25018626,9994.74981374,197.28355418,1.93566432779705290562817987
1702137600000,2023-12-10 00:00,-5.25018626,9994.74981374,197.28355418,1.93566432779705290562817987
1702152000000,2023-12-10 04:00,-5.25018626,9994.74981374,197.28355418,1.93566432779705290562817987
1702166400000,2023-12-10 08:00,-5.25018626,9994.74981374,197.28355418,1.93566432779705290562817987
1702180800000,2023-12-10 12:00,-5.25018626,9994.74981374,197.28355418,1.93566432779705290562817987
1702195200000,2023-12-10 16:00,-5.25018626,9994.74981374,197.28355418,1.93566432779705290562817987
1702209600000,2023-12-10 20:00,-5.25018626,9994.74981374,197.28355418,1.93566432779705290562817987
1702224000000,2023-12-11 00:00,-5.25018626,9994.74981374,197.28355418,1.93566432779705290562817987
1702238400000,2023-12-11 04:00,-5.25018626,9994.74981374,197.28355418,1.93566432779705290562817987
1702252800000,2023-12-11 08:00,-5.25018626,9994.74981374,197.28355418,1.93566432779705290562817987
1702267200000,2023-12-11 12:00,-5.25018626,9994.74981374,197.28355418,1.93566432779705290562817987
1702281600000,2023-12-11 16:00,-5.25018626,9994.74981374,197.28355418,1.93566432779705290562817987
1702296000000,2023-12-11 20:00,-5.25018626,9994.74981374,197.28355418,1.93566432779705290562817987
1702310400000,2023-12-12 00:00,-5.25018626,9994.74981374,197.28355418,1.93566432779705290562817987
1702324800000,2023-12-12 04:00,-5.25018626,9994.74981374,197.28355418,1.93566432779705290562817987
1702339200000,2023-12-12 08:00,-5.25018626,9994.74981374,197.28355418,1.93566432779705290562817987
1702353600000,2023-12-12 12:00,-5.25018626,9994.74981374,197.28355418,1.93566432779705290562817987
1702368000000,2023-12-12 16:00,-5.25018626,9994.74981374,197.28355418,1.93566432779705290562817987
1702382400000,2023-12-12 20:00,-5.25018626,9994.74981374,197.28355418,1.93566432779705290562817987
1702396800000,2023-12-13 00:00,-5.25018626,9994.74981374,197.28355418,1.93566432779705290562817987
1702411200000,2023-12-13 04:00,-5.25018626,9994.74981374,197.28355418,1.93566432779705290562817987
1702425600000,2023-12-13 08:00,-5.25018626,9994.74981374,197.28355418,1.93566432779705290562817987
1702440000000,2023-12-13 12:00,-5.25018626,9994.74981374,197.28355418,1.93566432779705290562817987
1702454400000,2023-12-13 16:00,-5.25018626,9994.74981374,197.28355418,1.93566432779705290562817987
1702468800000,2023-12-13 20:00,-5.25018626,9994.74981374,197.28355418,1.93566432779705290562817987
1702483200000,2023-12-14 00:00,-5.25018626,9994.74981374,197.28355418,1.93566432779705290562817987
1702497600000,2023-12-14 04:00,-5.25018626,9994.74981374,197.28355418,1.93566432779705290562817987
1702512000000,2023-12-14 08:00,-5.25018626,9994.74981374,197.28355418,1.93566432779705290562817987
1702526400000,2023-12-14 12:00,-5.25018626,9994.74981374,197.28355418,1.93566432779705290562817987
1702540800000,2023-12-14 16:00,-5.25018626,9994.74981374,197.28355418,1.93566432779705290562817987
1702555200000,2023-12-14 20:00,-5.25018626,9994.74981374,197.28355418,1.93566432779705290562817987
1702569600000,2023-12-15 00:00,-5.25018626,9994.74981374,197.28355418,1.93566432779705290562817987
1702584000000,2023-12-15 04:00,-5.25018626,9994.74981374,197.28355418,1.93566432779705290562817987
1702598400000,2023-12-15 08:00,-5.25018626,9994.74981374,197.28355418,1.93566432779705290562817987
1702612800000,2023-12-15 12:00,-5.25018626,9994.74981374,197.28355418,1.93566432779705290562817987
1702627200000,2023-12-15 16:00,-5.25018626,9994.74981374,197.28355418,1.93566432779705290562817987
1702641600000,2023-12-15 20:00,-5.25018626,9994.74981374,197.28355418,1.93566432779705290562817987
1702656000000,2023-12-16 00:00,-5.25018626,9994.74981374,197.28355418,1.93566432779705290562817987
1702670400000,2023-12-16 04:00,-5.25018626,9994.74981374,197.28355418,1.93566432779705290562817987
1702684800000,2023-12-16 08:00,-5.25018626,9994.74981374,197.28355418,1.93566432779705290562817987
1702699200000,2023-12-16 12:00,-5.25018626,9994.74981374,197.28355418,1.93566432779705290562817987
1702713600000,2023-12-16 16:00,-5.25018626,9994.74981374,197.28355418,1.93566432779705290562817987
1702728000000,2023-12-16 20:00,-5.25018626,9994.74981374,197.28355418,1.93566432779705290562817987
1702742400000,2023-12-17 00:00,-5.25018626,9994.74981374,197.28355418,1.93566432779705290562817987
1702756800000,2023-12-17 04:00,-5.25018626,9994.74981374,197.28355418,1.93566432779705290562817987
1702771200000,2023-12-17 08:00,-5.25018626,9994.74981374,197.28355418,1.93566432779705290562817987
1702785600000,2023-12-17 12:00,-5.25018626,9994.74981374,197.28355418,1.93566432779705290562817987
1702800000000,2023-12-17 16:00,-5.25018626,9994.74981374,197.28355418,1.93566432779705290562817987
1702814400000,2023-12-17 20:00,-5.25018626,9994.74981374,197.28355418,1.93566432779705290562817987
1702828800000,2023-12-18 00:00,-5.25018626,9994.74981374,197.28355418,1.93566432779705290562817987
1702843200000,2023-12-18 04:00,-5.25018626,9994.74981374,197.28355418,1.93566432779705290562817987
1702857600000,2023-12-18 08:00,-5.25018626,9994.74981374,197.28355418,1.93566432779705290562817987
1702872000000,2023-12-18 12:00,-5.25018626,9994.74981374,197.28355418,1.93566432779705290562817987
1702886400000,2023-12-18 16:00,-5.25018626,9994.74981374,197.28355418,1.93566432779705290562817987
1702900800000,2023-12-18 20:00,-5.25018626,9994.74981374,197.28355418,1.93566432779705290562817987
1702915200000,2023-12-19 00:00,-5.25018626,9994.74981374,197.28355418,1.93566432779705290562817987
1702929600000,2023-12-19 04:00,-5.25018626,9994.74981374,197.28355418,1.93566432779705290562817987
1702944000000,2023-12-19 08:00,-5.25018626,9994.74981374,197.28355418,1.93566432779705290562817987
1702958400000,2023-12-19 12:00,-5.25018626,9994.74981374,197.28355418,1.93566432779705290562817987
1702972800000,2023-12-19 16:00,-5.25018626,9994.74981374,197.28355418,1.93566432779705290562817987
1702987200000,2023-12-19 20:00,-5.25018626,9994.74981374,197.28355418,1.93566432779705290562817987
1703001600000,2023-12-20 00:00,-5.25018626,9994.74981374,197.28355418,1.93566432779705290562817987
1703016000000,2023-12-20 04:00,-5.25018626,9994.74981374,197.28355418,1.93566432779705290562817987
1703030400000,2023-12-20 08:00,-5.25018626,9994.74981374,197.28355418,1.93566432779705290562817987
1703044800000,2023-12-20 12:00,-5.25018626,9994.74981374,197.28355418,1.93566432779705290562817987
1703059200000,2023-12-20 16:00,-5.25018626,9994.74981374,197.28355418,1.93566432779705290562817987
1703073600000,2023-12-20 20:00,-5.25018626,9994.74981374,197.28355418,1.93566432779705290562817987
1703088000000,2023-12-21 00:00,-5.25018626,9994.74981374,197.28355418,1.93566432779705290562817987
1703102400000,2023-12-21 04:00,-5.25018626,9994.74981374,197.28355418,1.93566432779705290562817987
1703116800000,2023-12-21 08:00,-5.25018626,9994.74981374,197.28355418,1.93566432779705290562817987
1703131200000,2023-12-21 12:00,-5.25018626,9994.74981374,197.28355418,1.93566432779705290562817987
1703145600000,2023-12-21 16:00,-5.25018626,9994.74981374,197.28355418,1.93566432779705290562817987
1703160000000,2023-12-21 20:00,-5.25018626,9994.74981374,197.28355418,1.93566432779705290562817987
1703174400000,2023-12-22 00:00,-5.25018626,9994.74981374,197.28355418,1.93566432779705290562817987
1703188800000,2023-12-22 04:00,-5.25018626,9994.74981374,197.28355418,1.93566432779705290562817987
1703203200000,2023-12-22 08:00,-5.25018626,9994.74981374,197.28355418,1.93566432779705290562817987
1703217600000,2023-12-22 12:00,-5.25018626,9994.74981374,197.28355418,1.93566432779705290562817987
1703232000000,2023-12-22 16:00,-5.25018626,9994.74981374,197.28355418,1.93566432779705290562817987
1703246400000,2023-12-22 20:00,-5.25018626,9994.74981374,197.28355418,1.93566432779705290562817987
1703260800000,2023-12-23 00:00,-5.25018626,9994.74981374,197.28355418,1.93566432779705290562817987
1703275200000,2023-12-23 04:00,-5.25018626,9994.74981374,197.28355418,1.93566432779705290562817987
1703289600000,2023-12-23 08:00,-5.25018626,9994.74981374,197.28355418,1.93566432779705290562817987
1703304000000,2023-12-23 12:00,-5.25018626,9994.74981374,197.28355418,1.93566432779705290562817987
1703318400000,2023-12-23 16:00,-5.25018626,9994.74981374,197.28355418,1.93566432779705290562817987
1703332800000,2023-12-23 20:00,-5.25018626,9994.74981374,197.28355418,1.93566432779705290562817987
1703347200000,2023-12-24 00:00,-5.25018626,9994.74981374,197.28355418,1.93566432779705290562817987
1703361600000,2023-12-24 04:00,-5.25018626,9994.74981374,197.28355418,1.93566432779705290562817987
1703376000000,2023-12-24 08:00,-5.25018626,9994.74981374,197.28355418,1.93566432779705290562817987
1703390400000,2023-12-24 12:00,-5.25018626,9994.74981374,197.28355418,1.93566432779705290562817987
1703404800000,2023-12-24 16:00,-5.25018626,9994.74981374,197.28355418,1.93566432779705290562817987
1703419200000,2023-12-24 20:00,-5.25018626,9994.74981374,197.28355418,1.93566432779705290562817987
1703433600000,2023-12-25 00:00,-5.25018626,9994.74981374,197.28355418,1.93566432779705290562817987
1703448000000,2023-12-25 04:00,-5.25018626,9994.74981374,197.28355418,1.93566432779705290562817987
1703462400000,2023-12-25 08:00,-5.25018626,9994.74981374,197.28355418,1.93566432779705290562817987
1703476800000,2023-12-25 12:00,-5.25018626,9994.74981374,197.28355418,1.93566432779705290562817987
1703491200000,2023-12-25 16:00,-5.25018626,9994.74981374,197.28355418,1.93566432779705290562817987
1703505600000,2023-12-25 20:00,-5.25018626,9994.74981374,197.28355418,1.93566432779705290562817987
1703520000000,2023-12-26 00:00,-5.25018626,9994.74981374,197.28355418,1.93566432779705290562817987
1703534400000,2023-12-26 04:00,-5.25018626,9994.74981374,197.28355418,1.93566432779705290562817987
1703548800000,2023-12-26 08:00,-5.25018626,9994.74981374,197.28355418,1.93566432779705290562817987
1703563200000,2023-12-26 12:00,-5.25018626,9994.74981374,197.28355418,1.93566432779705290562817987
1703577600000,2023-12-26 16:00,-5.25018626,9994.74981374,197.28355418,1.93566432779705290562817987
1703592000000,2023-12-26 20:00,-5.25018626,9994.74981374,197.28355418,1.93566432779705290562817987
1703606400000,2023-12-27 00:00,-5.25018626,9994.74981374,197.28355418,1.93566432779705290562817987
1703620800000,2023-12-27 04:00,-5.25018626,9994.74981374,197.28355418,1.93566432779705290562817987
1703635200000,2023-12-27 08:00,-5.25018626,9994.74981374,197.28355418,1.93566432779705290562817987
1703649600000,2023-12-27 12:00,-5.25018626,9994.74981374,197.28355418,1.93566432779705290562817987
1703664000000,2023-12-27 16:00,-5.25018626,9994.74981374,197.28355418,1.93566432779705290562817987
1703678400000,2023-12-27 20:00,-5.25018626,9994.74981374,197.28355418,1.93566432779705290562817987
1703692800000,2023-12-28 00:00,-5.25018626,9994.74981374,197.28355418,1.93566432779705290562817987
1703707200000,2023-12-28 04:00,-5.25018626,9994.74981374,197.28355418,1.93566432779705290562817987
1703721600000,2023-12-28 08:00,-5.25018626,9994.74981374,197.28355418,1.93566432779705290562817987
1703736000000,2023-12-28 12:00,-5.25018626,9994.74981374,197.28355418,1.93566432779705290562817987
1703750400000,2023-12-28 16:00,-5.25018626,9994.74981374,197.28355418,1.93566432779705290562817987
1703764800000,2023-12-28 20:00,-5.25018626,9994.74981374,197.28355418,1.93566432779705290562817987
1703779200000,2023-12-29 00:00,-5.25018626,9994.74981374,197.28355418,1.93566432779705290562817987
1703793600000,2023-12-29 04:00,-5.25018626,9994.74981374,197.28355418,1.93566432779705290562817987
1703808000000,2023-12-29 08:00,-5.25018626,9994.74981374,197.28355418,1.93566432779705290562817987
1703822400000,2023-12-29 12:00,-5.25018626,9994.74981374,197.28355418,1.93566432779705290562817987
1703836800000,2023-12-29 16:00,-5.25018626,9994.74981374,197.28355418,1.93566432779705290562817987
1703851200000,2023-12-29 20:00,-5.25018626,9994.74981374,197.28355418,1.93566432779705290562817987
1703865600000,2023-12-30 00:00,-5.25018626,9994.74981374,197.28355418,1.93566432779705290562817987
1703880000000,2023-12-30 04:00,-5.25018626,9994.74981374,197.28355418,1.93566432779705290562817987
1703894400000,2023-12-30 08:00,-5.25018626,9994.74981374,197.28355418,1.93566432779705290562817987
1703908800000,2023-12-30 12:00,-5.25018626,9994.74981374,197.28355418,1.93566432779705290562817987
1703923200000,2023-12-30 16:00,-5.25018626,9994.74981374,197.28355418,1.93566432779705290562817987
1703937600000,2023-12-30 20:00,-5.25018626,9994.74981374,197.28355418,1.93566432779705290562817987
1703952000000,2023-12-31 00:00,-5.25018626,9994.74981374,197.28355418,1.93566432779705290562817987
1703966400000,2023-12-31 04:00,-5.25018626,9994.74981374,197.28355418,1.93566432779705290562817987
1703980800000,2023-12-31 08:00,-5.25018626,9994.74981374,197.28355418,1.93566432779705290562817987
1703995200000,2023-12-31 12:00,-5.25018626,9994.74981374,197.28355418,1.93566432779705290562817987
1704009600000,2023-12-31 16:00,-5.25018626,9994.74981374,197.28355418,1.93566432779705290562817987
1704024000000,2023-12-31 20:00,-5.25018626,9994.74981374,197.28355418,1.93566432779705290562817987
1704038400000,2024-01-01 00:00,-5.25018626,9994.74981374,197.28355418,1.93566432779705290562817987
1704052800000,2024-01-01 04:00,-5.25018626,9994.74981374,197.28355418,1.93566432779705290562817987
1704067200000,2024-01-01 08:00,-5.25018626,9994.74981374,197.28355418,1.93566432779705290562817987
1704081600000,2024-01-01 12:00,-5.25018626,9994.74981374,197.28355418,1.93566432779705290562817987
1704096000000,2024-01-01 16:00,-5.25018626,9994.74981374,197.28355418,1.93566432779705290562817987
1704110400000,2024-01-01 20:00,-5.25018626,9994.74981374,197.28355418,1.93566432779705290562817987
1704124800000,2024-01-02 00:00,-5.25018626,9994.74981374,197.28355418,1.93566432779705290562817987
1704139200000,2024-01-02 04:00,-5.25018626,9994.74981374,197.28355418,1.93566432779705290562817987
1704153600000,2024-01-02 08:00,-5.25018626,9994.74981374,197.28355418,1.93566432779705290562817987
1704168000000,2024-01-02 12:00,-5.25018626,9994.74981374,197.28355418,1.93566432779705290562817987
1704182400000,2024-01-02 16:00,-5.25018626,9994.74981374,197.28355418,1.93566432779705290562817987
1704196800000,2024-01-02 20:00,-5.25018626,9994.74981374,197.28355418,1.93566432779705290562817987
1704211200000,2024-01-03 00:00,-5.25018626,9994.74981374,197.28355418,1.93566432779705290562817987
1704225600000,2024-01-03 04:00,-5.25018626,9994.74981374,197.28355418,1.93566432779705290562817987
1704240000000,2024-01-03 08:00,-5.25018626,9994.74981374,197.28355418,1.93566432779705290562817987
1704254400000,2024-01-03 12:00,-5.25018626,9994.74981374,197.28355418,1.93566432779705290562817987
1704268800000,2024-01-03 16:00,-5.25018626,9994.74981374,197.28355418,1.93566432779705290562817987
1704283200000,2024-01-03 20:00,-5.25018626,9994.74981374,197.28355418,1.93566432779705290562817987
1704297600000,2024-01-04 00:00,-5.25018626,9994.74981374,197.28355418,1.93566432779705290562817987
1704312000000,2024-01-04 04:00,-5.25018626,9994.74981374,197.28355418,1.93566432779705290562817987
1704326400000,2024-01-04 08:00,-5.25018626,9994.74981374,197.28355418,1.93566432779705290562817987
1704340800000,2024-01-04 12:00,-5.25018626,9994.74981374,197.28355418,1.93566432779705290562817987
1704355200000,2024-01-04 16:00,-5.25018626,9994.74981374,197.28355418,1.93566432779705290562817987
1704369600000,2024-01-04 20:00,-5.25018626,9994.74981374,197.28355418,1.93566432779705290562817987
1704384000000,2024-01-05 00:00,-5.25018626,9994.74981374,197.28355418,1.93566432779705290562817987
1704398400000,2024-01-05 04:00,-5.25018626,9994.74981374,197.28355418,1.93566432779705290562817987
1704412800000,2024-01-05 08:00,-5.25018626,9994.74981374,197.28355418,1.93566432779705290562817987
1704427200000,2024-01-05 12:00,-5.25018626,9994.74981374,197.28355418,1.93566432779705290562817987
1704441600000,2024-01-05 16:00,-5.25018626,9994.74981374,197.28355418,1.93566432779705290562817987
1704456000000,2024-01-05 20:00,-5.25018626,9994.74981374,197.28355418,1.93566432779705290562817987
1704470400000,2024-01-06 00:00,-5.25018626,9994.74981374,197.28355418,1.93566432779705290562817987
1704484800000,2024-01-06 04:00,-5.25018626,9994.74981374,197.28355418,1.93566432779705290562817987
1704499200000,2024-01-06 08:00,-5.25018626,9994.74981374,197.28355418,1.93566432779705290562817987
1704513600000,2024-01-06 12:00,-5.25018626,9994.74981374,197.28355418,1.93566432779705290562817987
1704528000000,2024-01-06 16:00,-5.25018626,9994.74981374,197.28355418,1.93566432779705290562817987
1704542400000,2024-01-06 20:00,-5.25018626,9994.74981374,197.28355418,1.93566432779705290562817987
1704556800000,2024-01-07 00:00,-5.25018626,9994.74981374,197.28355418,1.93566432779705290562817987
1704571200000,2024-01-07 04:00,-5.25018626,9994.74981374,197.28355418,1.93566432779705290562817987
1704585600000,2024-01-07 08:00,-5.25018626,9994.74981374,197.28355418,1.93566432779705290562817987
1704600000000,2024-01-07 12:00,-5.25018626,9994.74981374,197.28355418,1.93566432779705290562817987
1704614400000,2024-01-07 16:00,-5.25018626,9994.74981374,197.28355418,1.93566432779705290562817987
1704628800000,2024-01-07 20:00,-5.25018626,9994.74981374,197.28355418,1.93566432779705290562817987
1704643200000,2024-01-08 00:00,-5.25018626,9994.74981374,197.28355418,1.93566432779705290562817987
1704657600000,2024-01-08 04:00,-5.25018626,9994.74981374,197.28355418,1.93566432779705290562817987
1704672000000,2024-01-08 08:00,-5.25018626,9994.74981374,197.28355418,1.93566432779705290562817987
1704686400000,2024-01-08 12:00,-5.25018626,9994.74981374,197.28355418,1.93566432779705290562817987
1704700800000,2024-01-08 16:00,-5.25018626,9994.74981374,197.28355418,1.93566432779705290562817987
1704715200000,2024-01-08 20:00,-5.25018626,9994.74981374,197.28355418,1.93566432779705290562817987
1704729600000,2024-01-09 00:00,-5.25018626,9994.74981374,197.28355418,1.93566432779705290562817987
1704744000000,2024-01-09 04:00,-5.25018626,9994.74981374,197.28355418,1.93566432779705290562817987
1704758400000,2024-01-09 08:00,-5.25018626,9994.74981374,197.28355418,1.93566432779705290562817987
1704772800000,2024-01-09 12:00,-5.25018626,9994.74981374,197.28355418,1.93566432779705290562817987
1704787200000,2024-01-09 16:00,-5.25018626,9994.74981374,197.28355418,1.93566432779705290562817987
1704801600000,2024-01-09 20:00,-5.25018626,9994.74981374,197.28355418,1.93566432779705290562817987
1704816000000,2024-01-10 00:00,-5.25018626,9994.74981374,197.28355418,1.93566432779705290562817987
1704830400000,2024-01-10 04:00,-5.25018626,9994.74981374,197.28355418,1.93566432779705290562817987
1704844800000,2024-01-10 08:00,-5.25018626,9994.74981374,197.28355418,1.93566432779705290562817987
1704859200000,2024-01-10 12:00,-5.25018626,9994.74981374,197.28355418,1.93566432779705290562817987
1704873600000,2024-01-10 16:00,-5.25018626,9994.74981374,197.28355418,1.93566432779705290562817987
1704888000000,2024-01-10 20:00,-5.25018626,9994.74981374,197.28355418,1.93566432779705290562817987
1704902400000,2024-01-11 00:00,-5.25018626,9994.74981374,197.28355418,1.93566432779705290562817987
1704916800000,2024-01-11 04:00,-5.25018626,9994.74981374,197.28355418,1.93566432779705290562817987
1704931200000,2024-01-11 08:00,-5.25018626,9994.74981374,197.28355418,1.93566432779705290562817987
1704945600000,2024-01-11 12:00,-5.25018626,9994.74981374,197.28355418,1.93566432779705290562817987
1704960000000,2024-01-11 16:00,-5.25018626,9994.74981374,197.28355418,1.93566432779705290562817987
1704974400000,2024-01-11 20:00,-5.25018626,9994.74981374,197.28355418,1.93566432779705290562817987
1704988800000,2024-01-12 00:00,-5.25018626,9994.74981374,197.28355418,1.93566432779705290562817987
1705003200000,2024-01-12 04:00,-5.25018626,9994.74981374,197.28355418,1.93566432779705290562817987
1705017600000,2024-01-12 08:00,-5.25018626,9994.74981374,197.28355418,1.93566432779705290562817987
1705032000000,2024-01-12 12:00,-5.25018626,9994.74981374,197.28355418,1.93566432779705290562817987
1705046400000,2024-01-12 16:00,-5.25018626,9994.74981374,197.28355418,1.93566432779705290562817987
1705060800000,2024-01-12 20:00,-5.25018626,9994.74981374,197.28355418,1.93566432779705290562817987
1705075200000,2024-01-13 00:00,-5.25018626,9994.74981374,197.28355418,1.93566432779705290562817987
1705089600000,2024-01-13 04:00,-5.25018626,9994.74981374,197.28355418,1.93566432779705290562817987
1705104000000,2024-01-13 08:00,-5.25018626,9994.74981374,197.28355418,1.93566432779705290562817987
1705118400000,2024-01-13 12:00,-5.25018626,9994.74981374,197.28355418,1.93566432779705290562817987
1705132800000,2024-01-13 16:00,-5.25018626,9994.74981374,197.28355418,1.93566432779705290562817987
1705147200000,2024-01-13 20:00,-5.25018626,9994.74981374,197.28355418,1.93566432779705290562817987
1705161600000,2024-01-14 00:00,-5.25018626,9994.74981374,197.28355418,1.93566432779705290562817987
1705176000000,2024-01-14 04:00,-5.25018626,9994.74981374,197.28355418,1.93566432779705290562817987
1705190400000,2024-01-14 08:00,-5.25018626,9994.74981374,197.28355418,1.93566432779705290562817987
1705204800000,2024-01-14 12:00,-5.25018626,9994.74981374,197.28355418,1.93566432779705290562817987
1705219200000,2024-01-14 16:00,-5.25018626,9994.74981374,197.28355418,1.93566432779705290562817987
1705233600000,2024-01-14 20:00,-5.25018626,9994.74981374,197.28355418,1.93566432779705290562817987
1705248000000,2024-01-15 00:00,-5.25018626,9994.74981374,197.28355418,1.93566432779705290562817987
1705262400000,2024-01-15 04:00,-5.25018626,9994.74981374,197.28355418,1.93566432779705290562817987
1705276800000,2024-01-15 08:00,-5.25018626,9994.74981374,197.28355418,1.93566432779705290562817987
1705291200000,2024-01-15 12:00,-5.25018626,9994.74981374,197.28355418,1.93566432779705290562817987
1705305600000,2024-01-15 16:00,-5.25018626,9994.74981374,197.28355418,1.93566432779705290562817987
1705320000000,2024-01-15 20:00,-5.25018626,9994.74981374,197.28355418,1.93566432779705290562817987
1705334400000,2024-01-16 00:00,-5.25018626,9994.74981374,197.28355418,1.93566432779705290562817987
1705348800000,2024-01-16 04:00,-5.25018626,9994.74981374,197.28355418,1.93566432779705290562817987
1705363200000,2024-01-16 08:00,-5.25018626,9994.74981374,197.28355418,1.93566432779705290562817987
1705377600000,2024-01-16 12:00,-5.25018626,9994.74981374,197.28355418,1.93566432779705290562817987
1705392000000,2024-01-16 16:00,-5.25018626,9994.74981374,197.28355418,1.93566432779705290562817987
1705406400000,2024-01-16 20:00,-5.25018626,9994.74981374,197.28355418,1.93566432779705290562817987
1705420800000,2024-01-17 00:00,-5.25018626,9994.74981374,197.28355418,1.93566432779705290562817987
1705435200000,2024-01-17 04:00,-5.25018626,9994.74981374,197.28355418,1.93566432779705290562817987
1705449600000,2024-01-17 08:00,-5.25018626,9994.74981374,197.28355418,1.93566432779705290562817987
1705464000000,2024-01-17 12:00,-5.25018626,9994.74981374,197.28355418,1.93566432779705290562817987
1705478400000,2024-01-17 16:00,-5.25018626,9994.74981374,197.28355418,1.93566432779705290562817987
1705492800000,2024-01-17 20:00,-5.25018626,9994.74981374,197.28355418,1.93566432779705290562817987
1705507200000,2024-01-18 00:00,-5.25018626,9994.74981374,197.28355418,1.93566432779705290562817987
1705521600000,2024-01-18 04:00,-5.25018626,9994.74981374,197.28355418,1.93566432779705290562817987
1705536000000,2024-01-18 08:00,-5.25018626,9994.74981374,197.28355418,1.93566432779705290562817987
1705550400000,2024-01-18 12:00,-5.25018626,9994.74981374,197.28355418,1.93566432779705290562817987
1705564800000,2024-01-18 16:00,-5.25018626,9994.74981374,197.28355418,1.93566432779705290562817987
1705579200000,2024-01-18 20:00,-5.25018626,9994.74981374,197.28355418,1.93566432779705290562817987
1705593600000,2024-01-19 00:00,-5.25018626,9994.74981374,197.28355418,1.93566432779705290562817987
1705608000000,2024-01-19 04:00,-5.25018626,9994.74981374,197.28355418,1.93566432779705290562817987
1705622400000,2024-01-19 08:00,-5.25018626,9994.74981374,197.28355418,1.93566432779705290562817987
1705636800000,2024-01-19 12:00,-5.25018626,9994.74981374,197.28355418,1.93566432779705290562817987
1705651200000,2024-01-19 16:00,-5.25018626,9994.74981374,197.28355418,1.93566432779705290562817987
1705665600000,2024-01-19 20:00,-5.25018626,9994.74981374,197.28355418,1.93566432779705290562817987
1705680000000,2024-01-20 00:00,-5.25018626,9994.74981374,197.28355418,1.93566432779705290562817987
1705694400000,2024-01-20 04:00,-5.25018626,9994.74981374,197.28355418,1.93566432779705290562817987
1705708800000,2024-01-20 08:00,-5.25018626,9994.74981374,197.28355418,1.93566432779705290562817987
1705723200000,2024-01-20 12:00,-5.25018626,9994.74981374,197.28355418,1.93566432779705290562817987
1705737600000,2024-01-20 16:00,-5.25018626,9994.74981374,197.28355418,1.93566432779705290562817987
1705752000000,2024-01-20 20:00,-5.25018626,9994.74981374,197.28355418,1.93566432779705290562817987
1705766400000,2024-01-21 00:00,-5.25018626,9994.74981374,197.28355418,1.93566432779705290562817987
1705780800000,2024-01-21 04:00,-5.25018626,9994.74981374,197.28355418,1.93566432779705290562817987
1705795200000,2024-01-21 08:00,-5.25018626,9994.74981374,197.28355418,1.93566432779705290562817987
1705809600000,2024-01-21 12:00,-5.25018626,9994.74981374,197.28355418,1.93566432779705290562817987
1705824000000,2024-01-21 16:00,-5.25018626,9994.74981374,197.28355418,1.93566432779705290562817987
1705838400000,2024-01-21 20:00,-5.25018626,9994.74981374,197.28355418,1.93566432779705290562817987
1705852800000,2024-01-22 00:00,-5.25018626,9994.74981374,197.28355418,1.93566432779705290562817987
1705867200000,2024-01-22 04:00,-5.25018626,9994.74981374,197.28355418,1.93566432779705290562817987
1705881600000,2024-01-22 08:00,-5.25018626,9994.74981374,197.28355418,1.93566432779705290562817987
1705896000000,2024-01-22 12:00,-5.25018626,9994.74981374,197.28355418,1.93566432779705290562817987
1705910400000,2024-01-22 16:00,-5.25018626,9994.74981374,197.28355418,1.93566432779705290562817987
1705924800000,2024-01-22 20:00,-5.25018626,9994.74981374,197.28355418,1.93566432779705290562817987
1705939200000,2024-01-23 00:00,-5.25018626,9994.74981374,197.28355418,1.93566432779705290562817987
1705953600000,2024-01-23 04:00,-5.25018626,9994.74981374,197.28355418,1.93566432779705290562817987
1705968000000,2024-01-23 08:00,-5.25018626,9994.74981374,197.28355418,1.93566432779705290562817987
1705982400000,2024-01-23 12:00,-5.25018626,9994.74981374,197.28355418,1.93566432779705290562817987
1705996800000,2024-01-23 16:00,-5.25018626,9994.74981374,197.28355418,1.93566432779705290562817987
1706011200000,2024-01-23 20:00,-5.25018626,9994.74981374,197.28355418,1.93566432779705290562817987
1706025600000,2024-01-24 00:00,-5.25018626,9994.74981374,197.28355418,1.93566432779705290562817987
1706040000000,2024-01-24 04:00,-5.25018626,9994.74981374,197.28355418,1.93566432779705290562817987
1706054400000,2024-01-24 08:00,-5.25018626,9994.74981374,197.28355418,1.93566432779705290562817987
1706068800000,2024-01-24 12:00,-5.25018626,9994.74981374,197.28355418,1.93566432779705290562817987
1706083200000,2024-01-24 16:00,-5.25018626,9994.74981374,197.28355418,1.93566432779705290562817987
1706097600000,2024-01-24 20:00,-5.25018626,9994.74981374,197.28355418,1.93566432779705290562817987
1706112000000,2024-01-25 00:00,-5.25018626,9994.74981374,197.28355418,1.93566432779705290562817987
1706126400000,2024-01-25 04:00,-5.25018626,9994.74981374,197.28355418,1.93566432779705290562817987
1706140800000,2024-01-25 08:00,-5.25018626,9994.74981374,197.28355418,1.93566432779705290562817987
1706155200000,2024-01-25 12:00,-5.25018626,9994.74981374,197.28355418,1.93566432779705290562817987
1706169600000,2024-01-25 16:00,-5.25018626,9994.74981374,197.28355418,1.93566432779705290562817987
1706184000000,2024-01-25 20:00,-5.25018626,9994.74981374,197.28355418,1.93566432779705290562817987
1706198400000,2024-01-26 00:00,-5.25018626,9994.74981374,197.28355418,1.93566432779705290562817987
1706212800000,2024-01-26 04:00,-5.25018626,9994.74981374,197.28355418,1.93566432779705290562817987
1706227200000,2024-01-26 08:00,-5.25018626,9994.74981374,197.28355418,1.93566432779705290562817987
1706241600000,2024-01-26 12:00,-5.25018626,9994.74981374,197.28355418,1.93566432779705290562817987
1706256000000,2024-01-26 16:00,-5.25018626,9994.74981374,197.28355418,1.93566432779705290562817987
1706270400000,2024-01-26 20:00,-5.25018626,9994.74981374,197.28355418,1.93566432779705290562817987
1706284800000,2024-01-27 00:00,-5.25018626,9994.74981374,197.28355418,1.93566432779705290562817987
1706299200000,2024-01-27 04:00,-5.25018626,9994.74981374,197.28355418,1.93566432779705290562817987
1706313600000,2024-01-27 08:00,-5.25018626,9994.74981374,197.28355418,1.93566432779705290562817987
1706328000000,2024-01-27 12:00,-5.25018626,9994.74981374,197.28355418,1.93566432779705290562817987
1706342400000,2024-01-27 16:00,-5.25018626,9994.74981374,197.28355418,1.93566432779705290562817987
1706356800000,2024-01-27 20:00,-5.25018626,9994.74981374,197.28355418,1.93566432779705290562817987
1706371200000,2024-01-28 00:00,-5.25018626,9994.74981374,197.28355418,1.93566432779705290562817987
1706385600000,2024-01-28 04:00,-5.25018626,9994.74981374,197.28355418,1.93566432779705290562817987
1706400000000,2024-01-28 08:00,-5.25018626,9994.74981374,197.28355418,1.93566432779705290562817987
1706414400000,2024-01-28 12:00,-5.25018626,9994.74981374,197.28355418,1.93566432779705290562817987
1706428800000,2024-01-28 16:00,-5.25018626,9994.74981374,197.28355418,1.93566432779705290562817987
1706443200000,2024-01-28 20:00,-5.25018626,9994.74981374,197.28355418,1.93566432779705290562817987
1706457600000,2024-01-29 00:00,-5.25018626,9994.74981374,197.28355418,1.93566432779705290562817987
1706472000000,2024-01-29 04:00,-5.25018626,9994.74981374,197.28355418,1.93566432779705290562817987
1706486400000,2024-01-29 08:00,-5.25018626,9994.74981374,197.28355418,1.93566432779705290562817987
1706500800000,2024-01-29 12:00,-5.25018626,9994.74981374,197.28355418,1.93566432779705290562817987
1706515200000,2024-01-29 16:00,-5.25018626,9994.74981374,197.28355418,1.93566432779705290562817987
1706529600000,2024-01-29 20:00,-5.25018626,9994.74981374,197.28355418,1.93566432779705290562817987
1706544000000,2024-01-30 00:00,-5.25018626,9994.74981374,197.28355418,1.93566432779705290562817987
1706558400000,2024-01-30 04:00,-5.25018626,9994.74981374,197.28355418,1.93566432779705290562817987
1706572800000,2024-01-30 08:00,-5.25018626,9994.74981374,197.28355418,1.93566432779705290562817987
1706587200000,2024-01-30 12:00,-5.25018626,9994.74981374,197.28355418,1.93566432779705290562817987
1706601600000,2024-01-30 16:00,-5.25018626,9994.74981374,197.28355418,1.93566432779705290562817987
1706616000000,2024-01-30 20:00,-5.25018626,9994.74981374,197.28355418,1.93566432779705290562817987
1706630400000,2024-01-31 00:00,-5.25018626,9994.74981374,197.28355418,1.93566432779705290562817987
1706644800000,2024-01-31 04:00,-5.25018626,9994.74981374,197.28355418,1.93566432779705290562817987
1706659200000,2024-01-31 08:00,-5.25018626,9994.74981374,197.28355418,1.93566432779705290562817987
1706673600000,2024-01-31 12:00,-5.25018626,9994.74981374,197.28355418,1.93566432779705290562817987
1706688000000,2024-01-31 16:00,-5.25018626,9994.74981374,197.28355418,1.93566432779705290562817987
1706702400000,2024-01-31 20:00,-5.25018626,9994.74981374,197.28355418,1.93566432779705290562817987
1706716800000,2024-02-01 00:00,-5.25018626,9994.74981374,197.28355418,1.93566432779705290562817987
1706731200000,2024-02-01 04:00,-5.25018626,9994.74981374,197.28355418,1.93566432779705290562817987
1706745600000,2024-02-01 08:00,-5.25018626,9994.74981374,197.28355418,1.93566432779705290562817987
1706760000000,2024-02-01 12:00,-5.25018626,9994.74981374,197.28355418,1.93566432779705290562817987
1706774400000,2024-02-01 16:00,-5.25018626,9994.74981374,197.28355418,1.93566432779705290562817987
1706788800000,2024-02-01 20:00,-5.25018626,9994.74981374,197.28355418,1.93566432779705290562817987
1706803200000,2024-02-02 00:00,-5.25018626,9994.74981374,197.28355418,1.93566432779705290562817987
1706817600000,2024-02-02 04:00,-5.25018626,9994.74981374,197.28355418,1.93566432779705290562817987
1706832000000,2024-02-02 08:00,-5.25018626,9994.74981374,197.28355418,1.93566432779705290562817987
1706846400000,2024-02-02 12:00,-5.25018626,9994.74981374,197.28355418,1.93566432779705290562817987
1706860800000,2024-02-02 16:00,-5.25018626,9994.74981374,197.28355418,1.93566432779705290562817987
1706875200000,2024-02-02 20:00,-5.25018626,9994.74981374,197.28355418,1.93566432779705290562817987
1706889600000,2024-02-03 00:00,-5.25018626,9994.74981374,197.28355418,1.93566432779705290562817987
1706904000000,2024-02-03 04:00,-5.25018626,9994.74981374,197.28355418,1.93566432779705290562817987
1706918400000,2024-02-03 08:00,-5.25018626,9994.74981374,197.28355418,1.93566432779705290562817987
1706932800000,2024-02-03 12:00,-5.25018626,9994.74981374,197.28355418,1.93566432779705290562817987
1706947200000,2024-02-03 16:00,-5.25018626,9994.74981374,197.28355418,1.93566432779705290562817987
1706961600000,2024-02-03 20:00,-5.25018626,9994.74981374,197.28355418,1.93566432779705290562817987
1706976000000,2024-02-04 00:00,-5.25018626,9994.74981374,197.28355418,1.93566432779705290562817987
1706990400000,2024-02-04 04:00,-5.25018626,9994.74981374,197.28355418,1.93566432779705290562817987
1707004800000,2024-02-04 08:00,-5.25018626,9994.74981374,197.28355418,1.93566432779705290562817987
1707019200000,2024-02-04 12:00,-5.25018626,9994.74981374,197.28355418,1.93566432779705290562817987
1707033600000,2024-02-04 16:00,-5.25018626,9994.74981374,197.28355418,1.93566432779705290562817987
1707048000000,2024-02-04 20:00,-5.25018626,9994.74981374,197.28355418,1.93566432779705290562817987
1707062400000,2024-02-05 00:00,-5.25018626,9994.74981374,197.28355418,1.93566432779705290562817987
1707076800000,2024-02-05 04:00,-5.25018626,9994.74981374,197.28355418,1.93566432779705290562817987
1707091200000,2024-02-05 08:00,-5.25018626,9994.74981374,197.28355418,1.93566432779705290562817987
1707105600000,2024-02-05 12:00,-5.25018626,9994.74981374,197.28355418,1.93566432779705290562817987
1707120000000,2024-02-05 16:00,-5.25018626,9994.74981374,197.28355418,1.93566432779705290562817987
1707134400000,2024-02-05 20:00,-5.25018626,9994.74981374,197.28355418,1.93566432779705290562817987
1707148800000,2024-02-06 00:00,-5.25018626,9994.74981374,197.28355418,1.93566432779705290562817987
1707163200000,2024-02-06 04:00,-5.25018626,9994.74981374,197.28355418,1.93566432779705290562817987
1707177600000,2024-02-06 08:00,-5.25018626,9994.74981374,197.28355418,1.93566432779705290562817987
1707192000000,2024-02-06 12:00,-5.25018626,9994.74981374,197.28355418,1.93566432779705290562817987
1707206400000,2024-02-06 16:00,-5.25018626,9994.74981374,197.28355418,1.93566432779705290562817987
1707220800000,2024-02-06 20:00,-5.25018626,9994.74981374,197.28355418,1.93566432779705290562817987
1707235200000,2024-02-07 00:00,-5.25018626,9994.74981374,197.28355418,1.93566432779705290562817987
1707249600000,2024-02-07 04:00,-5.25018626,9994.74981374,197.28355418,1.93566432779705290562817987
1707264000000,2024-02-07 08:00,-5.25018626,9994.74981374,197.28355418,1.93566432779705290562817987
1707278400000,2024-02-07 12:00,-5.25018626,9994.74981374,197.28355418,1.93566432779705290562817987
1707292800000,2024-02-07 16:00,-5.25018626,9994.74981374,197.28355418,1.93566432779705290562817987
1707307200000,2024-02-07 20:00,-5.25018626,9994.74981374,197.28355418,1.93566432779705290562817987
1707321600000,2024-02-08 00:00,-104.38704541,9895.61295459,296.42041333,2.908354031326074473513839653
1707336000000,2024-02-08 04:00,-104.38704541,9895.61295459,296.42041333,2.908354031326074473513839653
1707350400000,2024-02-08 08:00,-104.38704541,9895.61295459,296.42041333,2.908354031326074473513839653
1707364800000,2024-02-08 12:00,-104.38704541,9895.61295459,296.42041333,2.908354031326074473513839653
1707379200000,2024-02-08 16:00,-104.38704541,9895.61295459,296.42041333,2.908354031326074473513839653
1707393600000,2024-02-08 20:00,-104.38704541,9895.61295459,296.42041333,2.908354031326074473513839653
1707408000000,2024-02-09 00:00,-104.38704541,9895.61295459,296.42041333,2.908354031326074473513839653
1707422400000,2024-02-09 04:00,-104.38704541,9895.61295459,296.42041333,2.908354031326074473513839653
1707436800000,2024-02-09 08:00,-104.38704541,9895.61295459,296.42041333,2.908354031326074473513839653
1707451200000,2024-02-09 12:00,-104.38704541,9895.61295459,296.42041333,2.908354031326074473513839653
1707465600000,2024-02-09 16:00,-104.38704541,9895.61295459,296.42041333,2.908354031326074473513839653
1707480000000,2024-02-09 20:00,-104.38704541,9895.61295459,296.42041333,2.908354031326074473513839653
1707494400000,2024-02-10 00:00,-104.38704541,9895.61295459,296.42041333,2.908354031326074473513839653
1707508800000,2024-02-10 04:00,-104.38704541,9895.61295459,296.42041333,2.908354031326074473513839653
1707523200000,2024-02-10 08:00,-104.38704541,9895.61295459,296.42041333,2.908354031326074473513839653
1707537600000,2024-02-10 12:00,-104.38704541,9895.61295459,296.42041333,2.908354031326074473513839653
1707552000000,2024-02-10 16:00,-104.38704541,9895.61295459,296.42041333,2.908354031326074473513839653
1707566400000,2024-02-10 20:00,-104.38704541,9895.61295459,296.42041333,2.908354031326074473513839653
1707580800000,2024-02-11 00:00,-104.38704541,9895.61295459,296.42041333,2.908354031326074473513839653
1707595200000,2024-02-11 04:00,-104.38704541,9895.61295459,296.42041333,2.908354031326074473513839653
1707609600000,2024-02-11 08:00,-104.38704541,9895.61295459,296.42041333,2.908354031326074473513839653
1707624000000,2024-02-11 12:00,-104.38704541,9895.61295459,296.42041333,2.908354031326074473513839653
1707638400000,2024-02-11 16:00,-104.38704541,9895.61295459,296.42041333,2.908354031326074473513839653
1707652800000,2024-02-11 20:00,-104.38704541,9895.61295459,296.42041333,2.908354031326074473513839653
1707667200000,2024-02-12 00:00,-104.38704541,9895.61295459,296.42041333,2.908354031326074473513839653
1707681600000,2024-02-12 04:00,-104.38704541,9895.61295459,296.42041333,2.908354031326074473513839653
1707696000000,2024-02-12 08:00,-104.38704541,9895.61295459,296.42041333,2.908354031326074473513839653
1707710400000,2024-02-12 12:00,-104.38704541,9895.61295459,296.42041333,2.908354031326074473513839653
1707724800000,2024-02-12 16:00,-104.38704541,9895.61295459,296.42041333,2.908354031326074473513839653
1707739200000,2024-02-12 20:00,-104.38704541,9895.61295459,296.42041333,2.908354031326074473513839653
1707753600000,2024-02-13 00:00,-104.38704541,9895.61295459,296.42041333,2.908354031326074473513839653
1707768000000,2024-02-13 04:00,-104.38704541,9895.61295459,296.42041333,2.908354031326074473513839653
1707782400000,2024-02-13 08:00,-104.38704541,9895.61295459,296.42041333,2.908354031326074473513839653
1707796800000,2024-02-13 12:00,-104.38704541,9895.61295459,296.42041333,2.908354031326074473513839653
1707811200000,2024-02-13 16:00,-104.38704541,9895.61295459,296.42041333,2.908354031326074473513839653
1707825600000,2024-02-13 20:00,-104.38704541,9895.61295459,296.42041333,2.908354031326074473513839653
1707840000000,2024-02-14 00:00,-104.38704541,9895.61295459,296.42041333,2.908354031326074473513839653
1707854400000,2024-02-14 04:00,-104.38704541,9895.61295459,296.42041333,2.908354031326074473513839653
1707868800000,2024-02-14 08:00,-104.38704541,9895.61295459,296.42041333,2.908354031326074473513839653
1707883200000,2024-02-14 12:00,-104.38704541,9895.61295459,296.42041333,2.908354031326074473513839653
1707897600000,2024-02-14 16:00,-104.38704541,9895.61295459,296.42041333,2.908354031326074473513839653
1707912000000,2024-02-14 20:00,-104.38704541,9895.61295459,296.42041333,2.908354031326074473513839653
1707926400000,2024-02-15 00:00,-104.38704541,9895.61295459,296.42041333,2.908354031326074473513839653
1707940800000,2024-02-15 04:00,-104.38704541,9895.61295459,296.42041333,2.908354031326074473513839653
1707955200000,2024-02-15 08:00,-104.38704541,9895.61295459,296.42041333,2.908354031326074473513839653
1707969600000,2024-02-15 12:00,-104.38704541,9895.61295459,296.42041333,2.908354031326074473513839653
1707984000000,2024-02-15 16:00,-104.38704541,9895.61295459,296.42041333,2.908354031326074473513839653
1707998400000,2024-02-15 20:00,-104.38704541,9895.61295459,296.42041333,2.908354031326074473513839653
1708012800000,2024-02-16 00:00,-104.38704541,9895.61295459,296.42041333,2.908354031326074473513839653
1708027200000,2024-02-16 04:00,-104.38704541,9895.61295459,296.42041333,2.908354031326074473513839653
1708041600000,2024-02-16 08:00,-104.38704541,9895.61295459,296.42041333,2.908354031326074473513839653
1708056000000,2024-02-16 12:00,-104.38704541,9895.61295459,296.42041333,2.908354031326074473513839653
1708070400000,2024-02-16 16:00,-104.38704541,9895.61295459,296.42041333,2.908354031326074473513839653
1708084800000,2024-02-16 20:00,-104.38704541,9895.61295459,296.42041333,2.908354031326074473513839653
1708099200000,2024-02-17 00:00,-104.38704541,9895.61295459,296.42041333,2.908354031326074473513839653
1708113600000,2024-02-17 04:00,-104.38704541,9895.61295459,296.42041333,2.908354031326074473513839653
1708128000000,2024-02-17 08:00,-104.38704541,9895.61295459,296.42041333,2.908354031326074473513839653
1708142400000,2024-02-17 12:00,-104.38704541,9895.61295459,296.42041333,2.908354031326074473513839653
1708156800000,2024-02-17 16:00,-104.38704541,9895.61295459,296.42041333,2.908354031326074473513839653
1708171200000,2024-02-17 20:00,-104.38704541,9895.61295459,296.42041333,2.908354031326074473513839653
1708185600000,2024-02-18 00:00,-104.38704541,9895.61295459,296.42041333,2.908354031326074473513839653
1708200000000,2024-02-18 04:00,-104.38704541,9895.61295459,296.42041333,2.908354031326074473513839653
1708214400000,2024-02-18 08:00,-104.38704541,9895.61295459,296.42041333,2.908354031326074473513839653
1708228800000,2024-02-18 12:00,-104.38704541,9895.61295459,296.42041333,2.908354031326074473513839653
1708243200000,2024-02-18 16:00,-104.38704541,9895.61295459,296.42041333,2.908354031326074473513839653
1708257600000,2024-02-18 20:00,-104.38704541,9895.61295459,296.42041333,2.908354031326074473513839653
1708272000000,2024-02-19 00:00,-104.38704541,9895.61295459,296.42041333,2.908354031326074473513839653
1708286400000,2024-02-19 04:00,-104.38704541,9895.61295459,296.42041333,2.908354031326074473513839653
1708300800000,2024-02-19 08:00,-104.38704541,9895.61295459,296.42041333,2.908354031326074473513839653
1708315200000,2024-02-19 12:00,-104.38704541,9895.61295459,296.42041333,2.908354031326074473513839653
1708329600000,2024-02-19 16:00,-104.38704541,9895.61295459,296.42041333,2.908354031326074473513839653
1708344000000,2024-02-19 20:00,-104.38704541,9895.61295459,296.42041333,2.908354031326074473513839653
1708358400000,2024-02-20 00:00,-104.38704541,9895.61295459,296.42041333,2.908354031326074473513839653
1708372800000,2024-02-20 04:00,-104.38704541,9895.61295459,296.42041333,2.908354031326074473513839653
1708387200000,2024-02-20 08:00,-104.38704541,9895.61295459,296.42041333,2.908354031326074473513839653
1708401600000,2024-02-20 12:00,-104.38704541,9895.61295459,296.42041333,2.908354031326074473513839653
1708416000000,2024-02-20 16:00,-104.38704541,9895.61295459,296.42041333,2.908354031326074473513839653
1708430400000,2024-02-20 20:00,-104.38704541,9895.61295459,296.42041333,2.908354031326074473513839653
1708444800000,2024-02-21 00:00,-104.38704541,9895.61295459,296.42041333,2.908354031326074473513839653
1708459200000,2024-02-21 04:00,-104.38704541,9895.61295459,296.42041333,2.908354031326074473513839653
1708473600000,2024-02-21 08:00,-104.38704541,9895.61295459,296.42041333,2.908354031326074473513839653
1708488000000,2024-02-21 12:00,-104.38704541,9895.61295459,296.42041333,2.908354031326074473513839653
1708502400000,2024-02-21 16:00,-104.38704541,9895.61295459,296.42041333,2.908354031326074473513839653
1708516800000,2024-02-21 20:00,-104.38704541,9895.61295459,296.42041333,2.908354031326074473513839653
1708531200000,2024-02-22 00:00,-104.38704541,9895.61295459,296.42041333,2.908354031326074473513839653
1708545600000,2024-02-22 04:00,-104.38704541,9895.61295459,296.42041333,2.908354031326074473513839653
1708560000000,2024-02-22 08:00,-104.38704541,9895.61295459,296.42041333,2.908354031326074473513839653
1708574400000,2024-02-22 12:00,-104.38704541,9895.61295459,296.42041333,2.908354031326074473513839653
1708588800000,2024-02-22 16:00,-104.38704541,9895.61295459,296.42041333,2.908354031326074473513839653
1708603200000,2024-02-22 20:00,-104.38704541,9895.61295459,296.42041333,2.908354031326074473513839653
1708617600000,2024-02-23 00:00,-104.38704541,9895.61295459,296.42041333,2.908354031326074473513839653
1708632000000,2024-02-23 04:00,-104.38704541,9895.61295459,296.42041333,2.908354031326074473513839653
1708646400000,2024-02-23 08:00,-104.38704541,9895.61295459,296.42041333,2.908354031326074473513839653
1708660800000,2024-02-23 12:00,-104.38704541,9895.61295459,296.42041333,2.908354031326074473513839653
1708675200000,2024-02-23 16:00,-104.38704541,9895.61295459,296.42041333,2.908354031326074473513839653
1708689600000,2024-02-23 20:00,-104.38704541,9895.61295459,296.42041333,2.908354031326074473513839653
1708704000000,2024-02-24 00:00,-104.38704541,9895.61295459,296.42041333,2.908354031326074473513839653
1708718400000,2024-02-24 04:00,-104.38704541,9895.61295459,296.42041333,2.908354031326074473513839653
1708732800000,2024-02-24 08:00,-104.38704541,9895.61295459,296.42041333,2.908354031326074473513839653
1708747200000,2024-02-24 12:00,-104.38704541,9895.61295459,296.42041333,2.908354031326074473513839653
1708761600000,2024-02-24 16:00,-104.38704541,9895.61295459,296.42041333,2.908354031326074473513839653
1708776000000,2024-02-24 20:00,-104.38704541,9895.61295459,296.42041333,2.908354031326074473513839653
1708790400000,2024-02-25 00:00,-103.19060995,9896.80939005,295.22397787,2.896615103314262344776218651
1708804800000,2024-02-25 04:00,-103.19060995,9896.80939005,295.22397787,2.896615103314262344776218651
1708819200000,2024-02-25 08:00,-103.19060995,9896.80939005,295.22397787,2.896615103314262344776218651
1708833600000,2024-02-25 12:00,-103.19060995,9896.80939005,295.22397787,2.896615103314262344776218651
1708848000000,2024-02-25 16:00,-103.19060995,9896.80939005,295.22397787,2.896615103314262344776218651
1708862400000,2024-02-25 20:00,-103.19060995,9896.80939005,295.22397787,2.896615103314262344776218651
1708876800000,2024-02-26 00:00,-103.19060995,9896.80939005,295.22397787,2.896615103314262344776218651
1708891200000,2024-02-26 04:00,-103.19060995,9896.80939005,295.22397787,2.896615103314262344776218651
1708905600000,2024-02-26 08:00,-103.19060995,9896.80939005,295.22397787,2.896615103314262344776218651
1708920000000,2024-02-26 12:00,-103.19060995,9896.80939005,295.22397787,2.896615103314262344776218651
1708934400000,2024-02-26 16:00,-103.19060995,9896.80939005,295.22397787,2.896615103314262344776218651
1708948800000,2024-02-26 20:00,-103.19060995,9896.80939005,295.22397787,2.896615103314262344776218651
1708963200000,2024-02-27 00:00,-103.19060995,9896.80939005,295.22397787,2.896615103314262344776218651
1708977600000,2024-02-27 04:00,-103.19060995,9896.80939005,295.22397787,2.896615103314262344776218651
1708992000000,2024-02-27 08:00,-103.19060995,9896.80939005,295.22397787,2.896615103314262344776218651
1709006400000,2024-02-27 12:00,-103.19060995,9896.80939005,295.22397787,2.896615103314262344776218651
1709020800000,2024-02-27 16:00,-103.19060995,9896.80939005,295.22397787,2.896615103314262344776218651
1709035200000,2024-02-27 20:00,-103.19060995,9896.80939005,295.22397787,2.896615103314262344776218651
1709049600000,2024-02-28 00:00,-103.19060995,9896.80939005,295.22397787,2.896615103314262344776218651
1709064000000,2024-02-28 04:00,-103.19060995,9896.80939005,295.22397787,2.896615103314262344776218651
1709078400000,2024-02-28 08:00,-103.19060995,9896.80939005,295.22397787,2.896615103314262344776218651
1709092800000,2024-02-28 12:00,-103.19060995,9896.80939005,295.22397787,2.896615103314262344776218651
1709107200000,2024-02-28 16:00,-103.19060995,9896.80939005,295.22397787,2.896615103314262344776218651
1709121600000,2024-02-28 20:00,-103.19060995,9896.80939005,295.22397787,2.896615103314262344776218651
1709136000000,2024-02-29 00:00,-103.19060995,9896.80939005,295.22397787,2.896615103314262344776218651
1709150400000,2024-02-29 04:00,-103.19060995,9896.80939005,295.22397787,2.896615103314262344776218651
1709164800000,2024-02-29 08:00,-103.19060995,9896.80939005,295.22397787,2.896615103314262344776218651
1709179200000,2024-02-29 12:00,-103.19060995,9896.80939005,295.22397787,2.896615103314262344776218651
1709193600000,2024-02-29 16:00,-103.19060995,9896.80939005,295.22397787,2.896615103314262344776218651
1709208000000,2024-02-29 20:00,-103.19060995,9896.80939005,295.22397787,2.896615103314262344776218651
1709222400000,2024-03-01 00:00,-103.19060995,9896.80939005,295.22397787,2.896615103314262344776218651
1709236800000,2024-03-01 04:00,-103.19060995,9896.80939005,295.22397787,2.896615103314262344776218651
1709251200000,2024-03-01 08:00,-103.19060995,9896.80939005,295.22397787,2.896615103314262344776218651
1709265600000,2024-03-01 12:00,-103.19060995,9896.80939005,295.22397787,2.896615103314262344776218651
1709280000000,2024-03-01 16:00,-103.19060995,9896.80939005,295.22397787,2.896615103314262344776218651
1709294400000,2024-03-01 20:00,-103.19060995,9896.80939005,295.22397787,2.896615103314262344776218651
1709308800000,2024-03-02 00:00,-103.19060995,9896.80939005,295.22397787,2.896615103314262344776218651
1709323200000,2024-03-02 04:00,-103.19060995,9896.80939005,295.22397787,2.896615103314262344776218651
1709337600000,2024-03-02 08:00,-103.19060995,9896.80939005,295.22397787,2.896615103314262344776218651
1709352000000,2024-03-02 12:00,-103.19060995,9896.80939005,295.22397787,2.896615103314262344776218651
1709366400000,2024-03-02 16:00,-103.19060995,9896.80939005,295.22397787,2.896615103314262344776218651
1709380800000,2024-03-02 20:00,-103.19060995,9896.80939005,295.22397787,2.896615103314262344776218651
1709395200000,2024-03-03 00:00,-103.19060995,9896.80939005,295.22397787,2.896615103314262344776218651
1709409600000,2024-03-03 04:00,-103.19060995,9896.80939005,295.22397787,2.896615103314262344776218651
1709424000000,2024-03-03 08:00,-103.19060995,9896.80939005,295.22397787,2.896615103314262344776218651
1709438400000,2024-03-03 12:00,-103.19060995,9896.80939005,295.22397787,2.896615103314262344776218651
1709452800000,2024-03-03 16:00,-103.19060995,9896.80939005,295.22397787,2.896615103314262344776218651
1709467200000,2024-03-03 20:00,-103.19060995,9896.80939005,295.22397787,2.896615103314262344776218651
1709481600000,2024-03-04 00:00,-103.19060995,9896.80939005,295.22397787,2.896615103314262344776218651
1709496000000,2024-03-04 04:00,-103.19060995,9896.80939005,295.22397787,2.896615103314262344776218651
1709510400000,2024-03-04 08:00,-103.19060995,9896.80939005,295.22397787,2.896615103314262344776218651
1709524800000,2024-03-04 12:00,-103.19060995,9896.80939005,295.22397787,2.896615103314262344776218651
1709539200000,2024-03-04 16:00,-103.19060995,9896.80939005,295.22397787,2.896615103314262344776218651
1709553600000,2024-03-04 20:00,-103.19060995,9896.80939005,295.22397787,2.896615103314262344776218651
1709568000000,2024-03-05 00:00,-103.19060995,9896.80939005,295.22397787,2.896615103314262344776218651
1709582400000,2024-03-05 04:00,-103.19060995,9896.80939005,295.22397787,2.896615103314262344776218651
1709596800000,2024-03-05 08:00,-103.19060995,9896.80939005,295.22397787,2.896615103314262344776218651
1709611200000,2024-03-05 12:00,-103.19060995,9896.80939005,295.22397787,2.896615103314262344776218651
1709625600000,2024-03-05 16:00,-103.19060995,9896.80939005,295.22397787,2.896615103314262344776218651
1709640000000,2024-03-05 20:00,-103.19060995,9896.80939005,295.22397787,2.896615103314262344776218651
1709654400000,2024-03-06 00:00,-103.19060995,9896.80939005,295.22397787,2.896615103314262344776218651
1709668800000,2024-03-06 04:00,-103.19060995,9896.80939005,295.22397787,2.896615103314262344776218651
1709683200000,2024-03-06 08:00,-103.19060995,9896.80939005,295.22397787,2.896615103314262344776218651
1709697600000,2024-03-06 12:00,-103.19060995,9896.80939005,295.22397787,2.896615103314262344776218651
1709712000000,2024-03-06 16:00,-103.19060995,9896.80939005,295.22397787,2.896615103314262344776218651
1709726400000,2024-03-06 20:00,-103.19060995,9896.80939005,295.22397787,2.896615103314262344776218651
1709740800000,2024-03-07 00:00,-103.19060995,9896.80939005,295.22397787,2.896615103314262344776218651
1709755200000,2024-03-07 04:00,-103.19060995,9896.80939005,295.22397787,2.896615103314262344776218651
1709769600000,2024-03-07 08:00,-103.19060995,9896.80939005,295.22397787,2.896615103314262344776218651
1709784000000,2024-03-07 12:00,-103.19060995,9896.80939005,295.22397787,2.896615103314262344776218651
1709798400000,2024-03-07 16:00,-103.19060995,9896.80939005,295.22397787,2.896615103314262344776218651
1709812800000,2024-03-07 20:00,-103.19060995,9896.80939005,295.22397787,2.896615103314262344776218651
1709827200000,2024-03-08 00:00,-103.19060995,9896.80939005,295.22397787,2.896615103314262344776218651
1709841600000,2024-03-08 04:00,-103.19060995,9896.80939005,295.22397787,2.896615103314262344776218651
1709856000000,2024-03-08 08:00,-103.19060995,9896.80939005,295.22397787,2.896615103314262344776218651
1709870400000,2024-03-08 12:00,-103.19060995,9896.80939005,295.22397787,2.896615103314262344776218651
1709884800000,2024-03-08 16:00,-103.19060995,9896.80939005,295.22397787,2.896615103314262344776218651
1709899200000,2024-03-08 20:00,-103.19060995,9896.80939005,295.22397787,2.896615103314262344776218651
1709913600000,2024-03-09 00:00,-103.19060995,9896.80939005,295.22397787,2.896615103314262344776218651
1709928000000,2024-03-09 04:00,-103.19060995,9896.80939005,295.22397787,2.896615103314262344776218651
1709942400000,2024-03-09 08:00,-103.19060995,9896.80939005,295.22397787,2.896615103314262344776218651
1709956800000,2024-03-09 12:00,-103.19060995,9896.80939005,295.22397787,2.896615103314262344776218651
1709971200000,2024-03-09 16:00,-103.19060995,9896.80939005,295.22397787,2.896615103314262344776218651
1709985600000,2024-03-09 20:00,-103.19060995,9896.80939005,295.22397787,2.896615103314262344776218651
1710000000000,2024-03-10 00:00,-103.19060995,9896.80939005,295.22397787,2.896615103314262344776218651
1710014400000,2024-03-10 04:00,-103.19060995,9896.80939005,295.22397787,2.896615103314262344776218651
1710028800000,2024-03-10 08:00,-103.19060995,9896.80939005,295.22397787,2.896615103314262344776218651
1710043200000,2024-03-10 12:00,-103.19060995,9896.80939005,295.22397787,2.896615103314262344776218651
1710057600000,2024-03-10 16:00,-103.19060995,9896.80939005,295.22397787,2.896615103314262344776218651
1710072000000,2024-03-10 20:00,-103.19060995,9896.80939005,295.22397787,2.896615103314262344776218651
1710086400000,2024-03-11 00:00,-103.19060995,9896.80939005,295.22397787,2.896615103314262344776218651
1710100800000,2024-03-11 04:00,-103.19060995,9896.80939005,295.22397787,2.896615103314262344776218651
1710115200000,2024-03-11 08:00,-103.19060995,9896.80939005,295.22397787,2.896615103314262344776218651
1710129600000,2024-03-11 12:00,-103.19060995,9896.80939005,295.22397787,2.896615103314262344776218651
1710144000000,2024-03-11 16:00,-103.19060995,9896.80939005,295.22397787,2.896615103314262344776218651
1710158400000,2024-03-11 20:00,-103.19060995,9896.80939005,295.22397787,2.896615103314262344776218651
1710172800000,2024-03-12 00:00,-103.19060995,9896.80939005,295.22397787,2.896615103314262344776218651
1710187200000,2024-03-12 04:00,-103.19060995,9896.80939005,295.22397787,2.896615103314262344776218651
1710201600000,2024-03-12 08:00,-103.19060995,9896.80939005,295.22397787,2.896615103314262344776218651
1710216000000,2024-03-12 12:00,-103.19060995,9896.80939005,295.22397787,2.896615103314262344776218651
1710230400000,2024-03-12 16:00,-103.19060995,9896.80939005,295.22397787,2.896615103314262344776218651
1710244800000,2024-03-12 20:00,-103.19060995,9896.80939005,295.22397787,2.896615103314262344776218651
1710259200000,2024-03-13 00:00,-103.19060995,9896.80939005,295.22397787,2.896615103314262344776218651
1710273600000,2024-03-13 04:00,-103.19060995,9896.80939005,295.22397787,2.896615103314262344776218651
1710288000000,2024-03-13 08:00,-103.19060995,9896.80939005,295.22397787,2.896615103314262344776218651
1710302400000,2024-03-13 12:00,-103.19060995,9896.80939005,295.22397787,2.896615103314262344776218651
1710316800000,2024-03-13 16:00,-103.19060995,9896.80939005,295.22397787,2.896615103314262344776218651
1710331200000,2024-03-13 20:00,-103.19060995,9896.80939005,295.22397787,2.896615103314262344776218651
1710345600000,2024-03-14 00:00,-103.19060995,9896.80939005,295.22397787,2.896615103314262344776218651
1710360000000,2024-03-14 04:00,-103.19060995,9896.80939005,295.22397787,2.896615103314262344776218651
1710374400000,2024-03-14 08:00,-103.19060995,9896.80939005,295.22397787,2.896615103314262344776218651
1710388800000,2024-03-14 12:00,-103.19060995,9896.80939005,295.22397787,2.896615103314262344776218651
1710403200000,2024-03-14 16:00,-103.19060995,9896.80939005,295.22397787,2.896615103314262344776218651
1710417600000,2024-03-14 20:00,-103.19060995,9896.80939005,295.22397787,2.896615103314262344776218651
1710432000000,2024-03-15 00:00,-103.19060995,9896.80939005,295.22397787,2.896615103314262344776218651
1710446400000,2024-03-15 04:00,-103.19060995,9896.80939005,295.22397787,2.896615103314262344776218651
1710460800000,2024-03-15 08:00,-103.19060995,9896.80939005,295.22397787,2.896615103314262344776218651
1710475200000,2024-03-15 12:00,-103.19060995,9896.80939005,295.22397787,2.896615103314262344776218651
1710489600000,2024-03-15 16:00,-103.19060995,9896.80939005,295.22397787,2.896615103314262344776218651
1710504000000,2024-03-15 20:00,-103.19060995,9896.80939005,295.22397787,2.896615103314262344776218651
1710518400000,2024-03-16 00:00,-103.19060995,9896.80939005,295.22397787,2.896615103314262344776218651
1710532800000,2024-03-16 04:00,-103.19060995,9896.80939005,295.22397787,2.896615103314262344776218651
1710547200000,2024-03-16 08:00,-103.19060995,9896.80939005,295.22397787,2.896615103314262344776218651
1710561600000,2024-03-16 12:00,-103.19060995,9896.80939005,295.22397787,2.896615103314262344776218651
1710576000000,2024-03-16 16:00,-103.19060995,9896.80939005,295.22397787,2.896615103314262344776218651
1710590400000,2024-03-16 20:00,-103.19060995,9896.80939005,295.22397787,2.896615103314262344776218651
1710604800000,2024-03-17 00:00,-103.19060995,9896.80939005,295.22397787,2.896615103314262344776218651
1710619200000,2024-03-17 04:00,-103.19060995,9896.80939005,295.22397787,2.896615103314262344776218651
1710633600000,2024-03-17 08:00,-103.19060995,9896.80939005,295.22397787,2.896615103314262344776218651
1710648000000,2024-03-17 12:00,-103.19060995,9896.80939005,295.22397787,2.896615103314262344776218651
1710662400000,2024-03-17 16:00,-103.19060995,9896.80939005,295.22397787,2.896615103314262344776218651
1710676800000,2024-03-17 20:00,-103.19060995,9896.80939005,295.22397787,2.896615103314262344776218651
1710691200000,2024-03-18 00:00,-103.19060995,9896.80939005,295.22397787,2.896615103314262344776218651
1710705600000,2024-03-18 04:00,-103.19060995,9896.80939005,295.22397787,2.896615103314262344776218651
1710720000000,2024-03-18 08:00,-103.19060995,9896.80939005,295.22397787,2.896615103314262344776218651
1710734400000,2024-03-18 12:00,-103.19060995,9896.80939005,295.22397787,2.896615103314262344776218651
1710748800000,2024-03-18 16:00,-103.19060995,9896.80939005,295.22397787,2.896615103314262344776218651
1710763200000,2024-03-18 20:00,-103.19060995,9896.80939005,295.22397787,2.896615103314262344776218651
1710777600000,2024-03-19 00:00,-103.19060995,9896.80939005,295.22397787,2.896615103314262344776218651
1710792000000,2024-03-19 04:00,-103.19060995,9896.80939005,295.22397787,2.896615103314262344776218651
1710806400000,2024-03-19 08:00,-103.19060995,9896.80939005,295.22397787,2.896615103314262344776218651
1710820800000,2024-03-19 12:00,-103.19060995,9896.80939005,295.22397787,2.896615103314262344776218651
1710835200000,2024-03-19 16:00,-103.19060995,9896.80939005,295.22397787,2.896615103314262344776218651
1710849600000,2024-03-19 20:00,-103.19060995,9896.80939005,295.22397787,2.896615103314262344776218651
1710864000000,2024-03-20 00:00,-103.19060995,9896.80939005,295.22397787,2.896615103314262344776218651
1710878400000,2024-03-20 04:00,-103.19060995,9896.80939005,295.22397787,2.896615103314262344776218651
1710892800000,2024-03-20 08:00,-103.19060995,9896.80939005,295.22397787,2.896615103314262344776218651
1710907200000,2024-03-20 12:00,-103.19060995,9896.80939005,295.22397787,2.896615103314262344776218651
1710921600000,2024-03-20 16:00,-103.19060995,9896.80939005,295.22397787,2.896615103314262344776218651
1710936000000,2024-03-20 20:00,-103.19060995,9896.80939005,295.22397787,2.896615103314262344776218651
1710950400000,2024-03-21 00:00,83.10091425,10083.10091425,108.93245367,1.068800010141951097349601621
1710964800000,2024-03-21 04:00,83.10091425,10083.10091425,108.93245367,1.068800010141951097349601621
1710979200000,2024-03-21 08:00,83.10091425,10083.10091425,108.93245367,1.068800010141951097349601621
1710993600000,2024-03-21 12:00,83.10091425,10083.10091425,108.93245367,1.068800010141951097349601621
1711008000000,2024-03-21 16:00,83.10091425,10083.10091425,108.93245367,1.068800010141951097349601621
1711022400000,2024-03-21 20:00,83.10091425,10083.10091425,108.93245367,1.068800010141951097349601621
1711036800000,2024-03-22 00:00,83.10091425,10083.10091425,108.93245367,1.068800010141951097349601621
1711051200000,2024-03-22 04:00,83.10091425,10083.10091425,108.93245367,1.068800010141951097349601621
1711065600000,2024-03-22 08:00,83.10091425,10083.10091425,108.93245367,1.068800010141951097349601621
1711080000000,2024-03-22 12:00,83.10091425,10083.10091425,108.93245367,1.068800010141951097349601621
1711094400000,2024-03-22 16:00,83.10091425,10083.10091425,108.93245367,1.068800010141951097349601621
1711108800000,2024-03-22 20:00,83.10091425,10083.10091425,108.93245367,1.068800010141951097349601621
1711123200000,2024-03-23 00:00,83.10091425,10083.10091425,108.93245367,1.068800010141951097349601621
1711137600000,2024-03-23 04:00,83.10091425,10083.10091425,108.93245367,1.068800010141951097349601621
1711152000000,2024-03-23 08:00,83.10091425,10083.10091425,108.93245367,1.068800010141951097349601621
1711166400000,2024-03-23 12:00,83.10091425,10083.10091425,108.93245367,1.068800010141951097349601621
1711180800000,2024-03-23 16:00,83.10091425,10083.10091425,108.93245367,1.068800010141951097349601621
1711195200000,2024-03-23 20:00,83.10091425,10083.10091425,108.93245367,1.068800010141951097349601621
1711209600000,2024-03-24 00:00,83.10091425,10083.10091425,108.93245367,1.068800010141951097349601621
1711224000000,2024-03-24 04:00,83.10091425,10083.10091425,108.93245367,1.068800010141951097349601621
1711238400000,2024-03-24 08:00,83.10091425,10083.10091425,108.93245367,1.068800010141951097349601621
1711252800000,2024-03-24 12:00,83.10091425,10083.10091425,108.93245367,1.068800010141951097349601621
1711267200000,2024-03-24 16:00,83.10091425,10083.10091425,108.93245367,1.068800010141951097349601621
1711281600000,2024-03-24 20:00,83.10091425,10083.10091425,108.93245367,1.068800010141951097349601621
1711296000000,2024-03-25 00:00,83.10091425,10083.10091425,108.93245367,1.068800010141951097349601621
1711310400000,2024-03-25 04:00,83.10091425,10083.10091425,108.93245367,1.068800010141951097349601621
1711324800000,2024-03-25 08:00,83.10091425,10083.10091425,108.93245367,1.068800010141951097349601621
1711339200000,2024-03-25 12:00,83.10091425,10083.10091425,108.93245367,1.068800010141951097349601621
1711353600000,2024-03-25 16:00,83.10091425,10083.10091425,108.93245367,1.068800010141951097349601621
1711368000000,2024-03-25 20:00,83.10091425,10083.10091425,108.93245367,1.068800010141951097349601621
1711382400000,2024-03-26 00:00,83.10091425,10083.10091425,108.93245367,1.068800010141951097349601621
1711396800000,2024-03-26 04:00,83.10091425,10083.10091425,108.93245367,1.068800010141951097349601621
1711411200000,2024-03-26 08:00,83.10091425,10083.10091425,108.93245367,1.068800010141951097349601621
1711425600000,2024-03-26 12:00,83.10091425,10083.10091425,108.93245367,1.068800010141951097349601621
1711440000000,2024-03-26 16:00,83.10091425,10083.10091425,108.93245367,1.068800010141951097349601621
1711454400000,2024-03-26 20:00,83.10091425,10083.10091425,108.93245367,1.068800010141951097349601621
1711468800000,2024-03-27 00:00,83.10091425,10083.10091425,108.93245367,1.068800010141951097349601621
1711483200000,2024-03-27 04:00,83.10091425,10083.10091425,108.93245367,1.068800010141951097349601621
1711497600000,2024-03-27 08:00,83.10091425,10083.10091425,108.93245367,1.068800010141951097349601621
1711512000000,2024-03-27 12:00,83.10091425,10083.10091425,108.93245367,1.068800010141951097349601621
1711526400000,2024-03-27 16:00,83.10091425,10083.10091425,108.93245367,1.068800010141951097349601621
1711540800000,2024-03-27 20:00,83.10091425,10083.10091425,108.93245367,1.068800010141951097349601621
1711555200000,2024-03-28 00:00,83.10091425,10083.10091425,108.93245367,1.068800010141951097349601621
1711569600000,2024-03-28 04:00,83.10091425,10083.10091425,108.93245367,1.068800010141951097349601621
1711584000000,2024-03-28 08:00,83.10091425,10083.10091425,108.93245367,1.068800010141951097349601621
1711598400000,2024-03-28 12:00,83.10091425,10083.10091425,108.93245367,1.068800010141951097349601621
1711612800000,2024-03-28 16:00,83.10091425,10083.10091425,108.93245367,1.068800010141951097349601621
1711627200000,2024-03-28 20:00,83.10091425,10083.10091425,108.93245367,1.068800010141951097349601621
1711641600000,2024-03-29 00:00,83.10091425,10083.10091425,108.93245367,1.068800010141951097349601621
1711656000000,2024-03-29 04:00,83.10091425,10083.10091425,108.93245367,1.068800010141951097349601621
1711670400000,2024-03-29 08:00,83.10091425,10083.10091425,108.93245367,1.068800010141951097349601621
1711684800000,2024-03-29 12:00,83.10091425,10083.10091425,108.93245367,1.068800010141951097349601621
1711699200000,2024-03-29 16:00,83.10091425,10083.10091425,108.93245367,1.068800010141951097349601621
1711713600000,2024-03-29 20:00,83.10091425,10083.10091425,108.93245367,1.068800010141951097349601621
1711728000000,2024-03-30 00:00,83.10091425,10083.10091425,108.93245367,1.068800010141951097349601621
1711742400000,2024-03-30 04:00,83.10091425,10083.10091425,108.93245367,1.068800010141951097349601621
1711756800000,2024-03-30 08:00,83.10091425,10083.10091425,108.93245367,1.068800010141951097349601621
1711771200000,2024-03-30 12:00,83.10091425,10083.10091425,108.93245367,1.068800010141951097349601621
1711785600000,2024-03-30 16:00,83.10091425,10083.10091425,108.93245367,1.068800010141951097349601621
1711800000000,2024-03-30 20:00,83.10091425,10083.10091425,108.93245367,1.068800010141951097349601621
1711814400000,2024-03-31 00:00,83.10091425,10083.10091425,108.93245367,1.068800010141951097349601621
1711828800000,2024-03-31 04:00,83.10091425,10083.10091425,108.93245367,1.068800010141951097349601621
1711843200000,2024-03-31 08:00,83.10091425,10083.10091425,108.93245367,1.068800010141951097349601621
1711857600000,2024-03-31 12:00,83.10091425,10083.10091425,108.93245367,1.068800010141951097349601621
1711872000000,2024-03-31 16:00,83.10091425,10083.10091425,108.93245367,1.068800010141951097349601621
1711886400000,2024-03-31 20:00,83.10091425,10083.10091425,108.93245367,1.068800010141951097349601621
1711900800000,2024-04-01 00:00,83.10091425,10083.10091425,108.93245367,1.068800010141951097349601621
1711915200000,2024-04-01 04:00,83.10091425,10083.10091425,108.93245367,1.068800010141951097349601621
1711929600000,2024-04-01 08:00,83.10091425,10083.10091425,108.93245367,1.068800010141951097349601621
1711944000000,2024-04-01 12:00,83.10091425,10083.10091425,108.93245367,1.068800010141951097349601621
1711958400000,2024-04-01 16:00,83.10091425,10083.10091425,108.93245367,1.068800010141951097349601621
1711972800000,2024-04-01 20:00,83.10091425,10083.10091425,108.93245367,1.068800010141951097349601621
1711987200000,2024-04-02 00:00,83.10091425,10083.10091425,108.93245367,1.068800010141951097349601621
1712001600000,2024-04-02 04:00,83.10091425,10083.10091425,108.93245367,1.068800010141951097349601621
1712016000000,2024-04-02 08:00,83.10091425,10083.10091425,108.93245367,1.068800010141951097349601621
1712030400000,2024-04-02 12:00,83.10091425,10083.10091425,108.93245367,1.068800010141951097349601621
1712044800000,2024-04-02 16:00,83.10091425,10083.10091425,108.93245367,1.068800010141951097349601621
1712059200000,2024-04-02 20:00,83.10091425,10083.10091425,108.93245367,1.068800010141951097349601621
1712073600000,2024-04-03 00:00,83.10091425,10083.10091425,108.93245367,1.068800010141951097349601621
1712088000000,2024-04-03 04:00,83.10091425,10083.10091425,108.93245367,1.068800010141951097349601621
1712102400000,2024-04-03 08:00,83.10091425,10083.10091425,108.93245367,1.068800010141951097349601621
1712116800000,2024-04-03 12:00,83.10091425,10083.10091425,108.93245367,1.068800010141951097349601621
1712131200000,2024-04-03 16:00,83.10091425,10083.10091425,108.93245367,1.068800010141951097349601621
1712145600000,2024-04-03 20:00,83.10091425,10083.10091425,108.93245367,1.068800010141951097349601621
1712160000000,2024-04-04 00:00,83.10091425,10083.10091425,108.93245367,1.068800010141951097349601621
1712174400000,2024-04-04 04:00,83.10091425,10083.10091425,108.93245367,1.068800010141951097349601621
1712188800000,2024-04-04 08:00,83.10091425,10083.10091425,108.93245367,1.068800010141951097349601621
1712203200000,2024-04-04 12:00,83.10091425,10083.10091425,108.93245367,1.068800010141951097349601621
1712217600000,2024-04-04 16:00,83.10091425,10083.10091425,108.93245367,1.068800010141951097349601621
1712232000000,2024-04-04 20:00,83.10091425,10083.10091425,108.93245367,1.068800010141951097349601621
1712246400000,2024-04-05 00:00,83.10091425,10083.10091425,108.93245367,1.068800010141951097349601621
1712260800000,2024-04-05 04:00,83.10091425,10083.10091425,108.93245367,1.068800010141951097349601621
1712275200000,2024-04-05 08:00,83.10091425,10083.10091425,108.93245367,1.068800010141951097349601621
1712289600000,2024-04-05 12:00,83.10091425,10083.10091425,108.93245367,1.068800010141951097349601621
1712304000000,2024-04-05 16:00,83.10091425,10083.10091425,108.93245367,1.068800010141951097349601621
1712318400000,2024-04-05 20:00,83.10091425,10083.10091425,108.93245367,1.068800010141951097349601621
1712332800000,2024-04-06 00:00,83.10091425,10083.10091425,108.93245367,1.068800010141951097349601621
1712347200000,2024-04-06 04:00,83.10091425,10083.10091425,108.93245367,1.068800010141951097349601621
1712361600000,2024-04-06 08:00,83.10091425,10083.10091425,108.93245367,1.068800010141951097349601621
1712376000000,2024-04-06 12:00,83.10091425,10083.10091425,108.93245367,1.068800010141951097349601621
1712390400000,2024-04-06 16:00,83.10091425,10083.10091425,108.93245367,1.068800010141951097349601621
1712404800000,2024-04-06 20:00,83.10091425,10083.10091425,108.93245367,1.068800010141951097349601621
1712419200000,2024-04-07 00:00,83.10091425,10083.10091425,108.93245367,1.068800010141951097349601621
1712433600000,2024-04-07 04:00,83.10091425,10083.10091425,108.93245367,1.068800010141951097349601621
1712448000000,2024-04-07 08:00,83.10091425,10083.10091425,108.93245367,1.068800010141951097349601621
1712462400000,2024-04-07 12:00,83.10091425,10083.10091425,108.93245367,1.068800010141951097349601621
1712476800000,2024-04-07 16:00,83.10091425,10083.10091425,108.93245367,1.068800010141951097349601621
1712491200000,2024-04-07 20:00,83.10091425,10083.10091425,108.93245367,1.068800010141951097349601621
1712505600000,2024-04-08 00:00,83.10091425,10083.10091425,108.93245367,1.068800010141951097349601621
1712520000000,2024-04-08 04:00,83.10091425,10083.10091425,108.93245367,1.068800010141951097349601621
1712534400000,2024-04-08 08:00,83.10091425,10083.10091425,108.93245367,1.068800010141951097349601621
1712548800000,2024-04-08 12:00,83.10091425,10083.10091425,108.93245367,1.068800010141951097349601621
1712563200000,2024-04-08 16:00,83.10091425,10083.10091425,108.93245367,1.068800010141951097349601621
1712577600000,2024-04-08 20:00,83.10091425,10083.10091425,108.93245367,1.068800010141951097349601621
1712592000000,2024-04-09 00:00,83.10091425,10083.10091425,108.93245367,1.068800010141951097349601621
1712606400000,2024-04-09 04:00,83.10091425,10083.10091425,108.93245367,1.068800010141951097349601621
1712620800000,2024-04-09 08:00,83.10091425,10083.10091425,108.93245367,1.068800010141951097349601621
1712635200000,2024-04-09 12:00,83.10091425,10083.10091425,108.93245367,1.068800010141951097349601621
1712649600000,2024-04-09 16:00,83.10091425,10083.10091425,108.93245367,1.068800010141951097349601621
1712664000000,2024-04-09 20:00,83.10091425,10083.10091425,108.93245367,1.068800010141951097349601621
1712678400000,2024-04-10 00:00,83.10091425,10083.10091425,108.93245367,1.068800010141951097349601621
1712692800000,2024-04-10 04:00,83.10091425,10083.10091425,108.93245367,1.068800010141951097349601621
1712707200000,2024-04-10 08:00,83.10091425,10083.10091425,108.93245367,1.068800010141951097349601621
1712721600000,2024-04-10 12:00,83.10091425,10083.10091425,108.93245367,1.068800010141951097349601621
1712736000000,2024-04-10 16:00,83.10091425,10083.10091425,108.93245367,1.068800010141951097349601621
1712750400000,2024-04-10 20:00,83.10091425,10083.10091425,108.93245367,1.068800010141951097349601621
1712764800000,2024-04-11 00:00,83.10091425,10083.10091425,108.93245367,1.068800010141951097349601621
1712779200000,2024-04-11 04:00,83.10091425,10083.10091425,108.93245367,1.068800010141951097349601621
1712793600000,2024-04-11 08:00,83.10091425,10083.10091425,108.93245367,1.068800010141951097349601621
1712808000000,2024-04-11 12:00,83.10091425,10083.10091425,108.93245367,1.068800010141951097349601621
1712822400000,2024-04-11 16:00,83.10091425,10083.10091425,108.93245367,1.068800010141951097349601621
1712836800000,2024-04-11 20:00,83.10091425,10083.10091425,108.93245367,1.068800010141951097349601621
1712851200000,2024-04-12 00:00,83.10091425,10083.10091425,108.93245367,1.068800010141951097349601621
1712865600000,2024-04-12 04:00,83.10091425,10083.10091425,108.93245367,1.068800010141951097349601621
1712880000000,2024-04-12 08:00,83.10091425,10083.10091425,108.93245367,1.068800010141951097349601621
1712894400000,2024-04-12 12:00,83.10091425,10083.10091425,108.93245367,1.068800010141951097349601621
1712908800000,2024-04-12 16:00,83.10091425,10083.10091425,108.93245367,1.068800010141951097349601621
1712923200000,2024-04-12 20:00,83.10091425,10083.10091425,108.93245367,1.068800010141951097349601621
1712937600000,2024-04-13 00:00,83.10091425,10083.10091425,108.93245367,1.068800010141951097349601621
1712952000000,2024-04-13 04:00,83.10091425,10083.10091425,108.93245367,1.068800010141951097349601621
1712966400000,2024-04-13 08:00,83.10091425,10083.10091425,108.93245367,1.068800010141951097349601621
1712980800000,2024-04-13 12:00,83.10091425,10083.10091425,108.93245367,1.068800010141951097349601621
1712995200000,2024-04-13 16:00,83.10091425,10083.10091425,108.93245367,1.068800010141951097349601621
1713009600000,2024-04-13 20:00,83.10091425,10083.10091425,108.93245367,1.068800010141951097349601621
1713024000000,2024-04-14 00:00,83.10091425,10083.10091425,108.93245367,1.068800010141951097349601621
1713038400000,2024-04-14 04:00,83.10091425,10083.10091425,108.93245367,1.068800010141951097349601621
1713052800000,2024-04-14 08:00,83.10091425,10083.10091425,108.93245367,1.068800010141951097349601621
1713067200000,2024-04-14 12:00,83.10091425,10083.10091425,108.93245367,1.068800010141951097349601621
1713081600000,2024-04-14 16:00,83.10091425,10083.10091425,108.93245367,1.068800010141951097349601621
1713096000000,2024-04-14 20:00,83.10091425,10083.10091425,108.93245367,1.068800010141951097349601621
1713110400000,2024-04-15 00:00,83.10091425,10083.10091425,108.93245367,1.068800010141951097349601621
1713124800000,2024-04-15 04:00,83.10091425,10083.10091425,108.93245367,1.068800010141951097349601621
1713139200000,2024-04-15 08:00,83.10091425,10083.10091425,108.93245367,1.068800010141951097349601621
1713153600000,2024-04-15 12:00,83.10091425,10083.10091425,108.93245367,1.068800010141951097349601621
1713168000000,2024-04-15 16:00,83.10091425,10083.10091425,108.93245367,1.068800010141951097349601621
1713182400000,2024-04-15 20:00,83.10091425,10083.10091425,108.93245367,1.068800010141951097349601621
1713196800000,2024-04-16 00:00,83.10091425,10083.10091425,108.93245367,1.068800010141951097349601621
1713211200000,2024-04-16 04:00,83.10091425,10083.10091425,108.93245367,1.068800010141951097349601621
1713225600000,2024-04-16 08:00,83.10091425,10083.10091425,108.93245367,1.068800010141951097349601621
1713240000000,2024-04-16 12:00,83.10091425,10083.10091425,108.93245367,1.068800010141951097349601621
1713254400000,2024-04-16 16:00,83.10091425,10083.10091425,108.93245367,1.068800010141951097349601621
1713268800000,2024-04-16 20:00,83.10091425,10083.10091425,108.93245367,1.068800010141951097349601621
1713283200000,2024-04-17 00:00,83.10091425,10083.10091425,108.93245367,1.068800010141951097349601621
1713297600000,2024-04-17 04:00,83.10091425,10083.10091425,108.93245367,1.068800010141951097349601621
1713312000000,2024-04-17 08:00,83.10091425,10083.10091425,108.93245367,1.068800010141951097349601621
1713326400000,2024-04-17 12:00,83.10091425,10083.10091425,108.93245367,1.068800010141951097349601621
1713340800000,2024-04-17 16:00,83.10091425,10083.10091425,108.93245367,1.068800010141951097349601621
1713355200000,2024-04-17 20:00,83.10091425,10083.10091425,108.93245367,1.068800010141951097349601621
1713369600000,2024-04-18 00:00,83.10091425,10083.10091425,108.93245367,1.068800010141951097349601621
1713384000000,2024-04-18 04:00,83.10091425,10083.10091425,108.93245367,1.068800010141951097349601621
1713398400000,2024-04-18 08:00,83.10091425,10083.10091425,108.93245367,1.068800010141951097349601621
1713412800000,2024-04-18 12:00,83.10091425,10083.10091425,108.93245367,1.068800010141951097349601621
1713427200000,2024-04-18 16:00,83.10091425,10083.10091425,108.93245367,1.068800010141951097349601621
1713441600000,2024-04-18 20:00,83.10091425,10083.10091425,108.93245367,1.068800010141951097349601621
1713456000000,2024-04-19 00:00,83.10091425,10083.10091425,108.93245367,1.068800010141951097349601621
1713470400000,2024-04-19 04:00,83.10091425,10083.10091425,108.93245367,1.068800010141951097349601621
1713484800000,2024-04-19 08:00,83.10091425,10083.10091425,108.93245367,1.068800010141951097349601621
1713499200000,2024-04-19 12:00,83.10091425,10083.10091425,108.93245367,1.068800010141951097349601621
1713513600000,2024-04-19 16:00,83.10091425,10083.10091425,108.93245367,1.068800010141951097349601621
1713528000000,2024-04-19 20:00,83.10091425,10083.10091425,108.93245367,1.068800010141951097349601621
1713542400000,2024-04-20 00:00,83.10091425,10083.10091425,108.93245367,1.068800010141951097349601621
1713556800000,2024-04-20 04:00,83.10091425,10083.10091425,108.93245367,1.068800010141951097349601621
1713571200000,2024-04-20 08:00,83.10091425,10083.10091425,108.93245367,1.068800010141951097349601621
1713585600000,2024-04-20 12:00,83.10091425,10083.10091425,108.93245367,1.068800010141951097349601621
1713600000000,2024-04-20 16:00,83.10091425,10083.10091425,108.93245367,1.068800010141951097349601621
1713614400000,2024-04-20 20:00,83.10091425,10083.10091425,108.93245367,1.068800010141951097349601621
1713628800000,2024-04-21 00:00,83.10091425,10083.10091425,108.93245367,1.068800010141951097349601621
1713643200000,2024-04-21 04:00,83.10091425,10083.10091425,108.93245367,1.068800010141951097349601621
1713657600000,2024-04-21 08:00,83.10091425,10083.10091425,108.93245367,1.068800010141951097349601621
1713672000000,2024-04-21 12:00,83.10091425,10083.10091425,108.93245367,1.068800010141951097349601621
1713686400000,2024-04-21 16:00,83.10091425,10083.10091425,108.93245367,1.068800010141951097349601621
1713700800000,2024-04-21 20:00,83.10091425,10083.10091425,108.93245367,1.068800010141951097349601621
1713715200000,2024-04-22 00:00,83.10091425,10083.10091425,108.93245367,1.068800010141951097349601621
1713729600000,2024-04-22 04:00,83.10091425,10083.10091425,108.93245367,1.068800010141951097349601621
1713744000000,2024-04-22 08:00,83.10091425,10083.10091425,108.93245367,1.068800010141951097349601621
1713758400000,2024-04-22 12:00,83.10091425,10083.10091425,108.93245367,1.068800010141951097349601621
1713772800000,2024-04-22 16:00,83.10091425,10083.10091425,108.93245367,1.068800010141951097349601621
1713787200000,2024-04-22 20:00,83.10091425,10083.10091425,108.93245367,1.068800010141951097349601621
1713801600000,2024-04-23 00:00,83.10091425,10083.10091425,108.93245367,1.068800010141951097349601621
1713816000000,2024-04-23 04:00,83.10091425,10083.10091425,108.93245367,1.068800010141951097349601621
1713830400000,2024-04-23 08:00,83.10091425,10083.10091425,108.93245367,1.068800010141951097349601621
1713844800000,2024-04-23 12:00,83.10091425,10083.10091425,108.93245367,1.068800010141951097349601621
1713859200000,2024-04-23 16:00,83.10091425,10083.10091425,108.93245367,1.068800010141951097349601621
1713873600000,2024-04-23 20:00,83.10091425,10083.10091425,108.93245367,1.068800010141951097349601621
1713888000000,2024-04-24 00:00,83.10091425,10083.10091425,108.93245367,1.068800010141951097349601621
1713902400000,2024-04-24 04:00,83.10091425,10083.10091425,108.93245367,1.068800010141951097349601621
1713916800000,2024-04-24 08:00,83.10091425,10083.10091425,108.93245367,1.068800010141951097349601621
1713931200000,2024-04-24 12:00,83.10091425,10083.10091425,108.93245367,1.068800010141951097349601621
1713945600000,2024-04-24 16:00,83.10091425,10083.10091425,108.93245367,1.068800010141951097349601621
1713960000000,2024-04-24 20:00,83.10091425,10083.10091425,108.93245367,1.068800010141951097349601621
1713974400000,2024-04-25 00:00,83.10091425,10083.10091425,108.93245367,1.068800010141951097349601621
1713988800000,2024-04-25 04:00,83.10091425,10083.10091425,108.93245367,1.068800010141951097349601621
1714003200000,2024-04-25 08:00,83.10091425,10083.10091425,108.93245367,1.068800010141951097349601621
1714017600000,2024-04-25 12:00,83.10091425,10083.10091425,108.93245367,1.068800010141951097349601621
1714032000000,2024-04-25 16:00,83.10091425,10083.10091425,108.93245367,1.068800010141951097349601621
1714046400000,2024-04-25 20:00,83.10091425,10083.10091425,108.93245367,1.068800010141951097349601621
1714060800000,2024-04-26 00:00,83.10091425,10083.10091425,108.93245367,1.068800010141951097349601621
1714075200000,2024-04-26 04:00,83.10091425,10083.10091425,108.93245367,1.068800010141951097349601621
1714089600000,2024-04-26 08:00,83.10091425,10083.10091425,108.93245367,1.068800010141951097349601621
1714104000000,2024-04-26 12:00,83.10091425,10083.10091425,108.93245367,1.068800010141951097349601621
1714118400000,2024-04-26 16:00,83.10091425,10083.10091425,108.93245367,1.068800010141951097349601621
1714132800000,2024-04-26 20:00,83.10091425,10083.10091425,108.93245367,1.068800010141951097349601621
1714147200000,2024-04-27 00:00,83.10091425,10083.10091425,108.93245367,1.068800010141951097349601621
1714161600000,2024-04-27 04:00,83.10091425,10083.10091425,108.93245367,1.068800010141951097349601621
1714176000000,2024-04-27 08:00,83.10091425,10083.10091425,108.93245367,1.068800010141951097349601621
1714190400000,2024-04-27 12:00,83.10091425,10083.10091425,108.93245367,1.068800010141951097349601621
1714204800000,2024-04-27 16:00,83.10091425,10083.10091425,108.93245367,1.068800010141951097349601621
1714219200000,2024-04-27 20:00,83.10091425,10083.10091425,108.93245367,1.068800010141951097349601621
1714233600000,2024-04-28 00:00,83.10091425,10083.10091425,108.93245367,1.068800010141951097349601621
1714248000000,2024-04-28 04:00,83.10091425,10083.10091425,108.93245367,1.068800010141951097349601621
1714262400000,2024-04-28 08:00,83.10091425,10083.10091425,108.93245367,1.068800010141951097349601621
1714276800000,2024-04-28 12:00,83.10091425,10083.10091425,108.93245367,1.068800010141951097349601621
1714291200000,2024-04-28 16:00,83.10091425,10083.10091425,108.93245367,1.068800010141951097349601621
1714305600000,2024-04-28 20:00,83.10091425,10083.10091425,108.93245367,1.068800010141951097349601621
1714320000000,2024-04-29 00:00,83.10091425,10083.10091425,108.93245367,1.068800010141951097349601621
1714334400000,2024-04-29 04:00,83.10091425,10083.10091425,108.93245367,1.068800010141951097349601621
1714348800000,2024-04-29 08:00,83.10091425,10083.10091425,108.93245367,1.068800010141951097349601621
1714363200000,2024-04-29 12:00,83.10091425,10083.10091425,108.93245367,1.068800010141951097349601621
1714377600000,2024-04-29 16:00,83.10091425,10083.10091425,108.93245367,1.068800010141951097349601621
1714392000000,2024-04-29 20:00,83.10091425,10083.10091425,108.93245367,1.068800010141951097349601621
1714406400000,2024-04-30 00:00,83.10091425,10083.10091425,108.93245367,1.068800010141951097349601621
1714420800000,2024-04-30 04:00,84.17552713,10084.17552713,107.85784079,1.058256354708263010503976309
1714435200000,2024-04-30 08:00,84.17552713,10084.17552713,107.85784079,1.058256354708263010503976309
1714449600000,2024-04-30 12:00,84.17552713,10084.17552713,107.85784079,1.058256354708263010503976309
1714464000000,2024-04-30 16:00,84.17552713,10084.17552713,107.85784079,1.058256354708263010503976309
1714478400000,2024-04-30 20:00,84.17552713,10084.17552713,107.85784079,1.058256354708263010503976309
1714492800000,2024-05-01 00:00,84.17552713,10084.17552713,107.85784079,1.058256354708263010503976309
1714507200000,2024-05-01 04:00,84.17552713,10084.17552713,107.85784079,1.058256354708263010503976309
1714521600000,2024-05-01 08:00,84.17552713,10084.17552713,107.85784079,1.058256354708263010503976309
1714536000000,2024-05-01 12:00,84.17552713,10084.17552713,107.85784079,1.058256354708263010503976309
1714550400000,2024-05-01 16:00,84.17552713,10084.17552713,107.85784079,1.058256354708263010503976309
1714564800000,2024-05-01 20:00,84.17552713,10084.17552713,107.85784079,1.058256354708263010503976309
1714579200000,2024-05-02 00:00,84.17552713,10084.17552713,107.85784079,1.058256354708263010503976309
1714593600000,2024-05-02 04:00,84.17552713,10084.17552713,107.85784079,1.058256354708263010503976309
1714608000000,2024-05-02 08:00,84.17552713,10084.17552713,107.85784079,1.058256354708263010503976309
1714622400000,2024-05-02 12:00,84.17552713,10084.17552713,107.85784079,1.058256354708263010503976309
1714636800000,2024-05-02 16:00,84.17552713,10084.17552713,107.85784079,1.058256354708263010503976309
1714651200000,2024-05-02 20:00,84.17552713,10084.17552713,107.85784079,1.058256354708263010503976309
1714665600000,2024-05-03 00:00,84.17552713,10084.17552713,107.85784079,1.058256354708263010503976309
1714680000000,2024-05-03 04:00,84.17552713,10084.17552713,107.85784079,1.058256354708263010503976309
1714694400000,2024-05-03 08:00,84.17552713,10084.17552713,107.85784079,1.058256354708263010503976309
1714708800000,2024-05-03 12:00,84.17552713,10084.17552713,107.85784079,1.058256354708263010503976309
1714723200000,2024-05-03 16:00,84.17552713,10084.17552713,107.85784079,1.058256354708263010503976309
1714737600000,2024-05-03 20:00,84.17552713,10084.17552713,107.85784079,1.058256354708263010503976309
1714752000000,2024-05-04 00:00,84.17552713,10084.17552713,107.85784079,1.058256354708263010503976309
1714766400000,2024-05-04 04:00,84.17552713,10084.17552713,107.85784079,1.058256354708263010503976309
1714780800000,2024-05-04 08:00,84.17552713,10084.17552713,107.85784079,1.058256354708263010503976309
1714795200000,2024-05-04 12:00,84.17552713,10084.17552713,107.85784079,1.058256354708263010503976309
1714809600000,2024-05-04 16:00,84.17552713,10084.17552713,107.85784079,1.058256354708263010503976309
1714824000000,2024-05-04 20:00,84.17552713,10084.17552713,107.85784079,1.058256354708263010503976309
1714838400000,2024-05-05 00:00,84.17552713,10084.17552713,107.85784079,1.058256354708263010503976309
1714852800000,2024-05-05 04:00,84.17552713,10084.17552713,107.85784079,1.058256354708263010503976309
1714867200000,2024-05-05 08:00,84.17552713,10084.17552713,107.85784079,1.058256354708263010503976309
1714881600000,2024-05-05 12:00,84.17552713,10084.17552713,107.85784079,1.058256354708263010503976309
1714896000000,2024-05-05 16:00,84.17552713,10084.17552713,107.85784079,1.058256354708263010503976309
1714910400000,2024-05-05 20:00,84.17552713,10084.17552713,107.85784079,1.058256354708263010503976309
1714924800000,2024-05-06 00:00,84.17552713,10084.17552713,107.85784079,1.058256354708263010503976309
1714939200000,2024-05-06 04:00,84.17552713,10084.17552713,107.85784079,1.058256354708263010503976309
1714953600000,2024-05-06 08:00,84.17552713,10084.17552713,107.85784079,1.058256354708263010503976309
1714968000000,2024-05-06 12:00,84.17552713,10084.17552713,107.85784079,1.058256354708263010503976309
1714982400000,2024-05-06 16:00,84.17552713,10084.17552713,107.85784079,1.058256354708263010503976309
1714996800000,2024-05-06 20:00,84.17552713,10084.17552713,107.85784079,1.058256354708263010503976309
1715011200000,2024-05-07 00:00,84.17552713,10084.17552713,107.85784079,1.058256354708263010503976309
1715025600000,2024-05-07 04:00,84.17552713,10084.17552713,107.85784079,1.058256354708263010503976309
1715040000000,2024-05-07 08:00,84.17552713,10084.17552713,107.85784079,1.058256354708263010503976309
1715054400000,2024-05-07 12:00,84.17552713,10084.17552713,107.85784079,1.058256354708263010503976309
1715068800000,2024-05-07 16:00,84.17552713,10084.17552713,107.85784079,1.058256354708263010503976309
1715083200000,2024-05-07 20:00,84.17552713,10084.17552713,107.85784079,1.058256354708263010503976309
1715097600000,2024-05-08 00:00,84.17552713,10084.17552713,107.85784079,1.058256354708263010503976309
1715112000000,2024-05-08 04:00,84.17552713,10084.17552713,107.85784079,1.058256354708263010503976309
1715126400000,2024-05-08 08:00,84.17552713,10084.17552713,107.85784079,1.058256354708263010503976309
1715140800000,2024-05-08 12:00,84.17552713,10084.17552713,107.85784079,1.058256354708263010503976309
1715155200000,2024-05-08 16:00,84.17552713,10084.17552713,107.85784079,1.058256354708263010503976309
1715169600000,2024-05-08 20:00,84.17552713,10084.17552713,107.85784079,1.058256354708263010503976309
1715184000000,2024-05-09 00:00,84.17552713,10084.17552713,107.85784079,1.058256354708263010503976309
1715198400000,2024-05-09 04:00,84.17552713,10084.17552713,107.85784079,1.058256354708263010503976309
1715212800000,2024-05-09 08:00,84.17552713,10084.17552713,107.85784079,1.058256354708263010503976309
1715227200000,2024-05-09 12:00,84.17552713,10084.17552713,107.85784079,1.058256354708263010503976309
1715241600000,2024-05-09 16:00,84.17552713,10084.17552713,107.85784079,1.058256354708263010503976309
1715256000000,2024-05-09 20:00,84.17552713,10084.17552713,107.85784079,1.058256354708263010503976309
1715270400000,2024-05-10 00:00,84.17552713,10084.17552713,107.85784079,1.058256354708263010503976309
1715284800000,2024-05-10 04:00,84.17552713,10084.17552713,107.85784079,1.058256354708263010503976309
1715299200000,2024-05-10 08:00,84.17552713,10084.17552713,107.85784079,1.058256354708263010503976309
1715313600000,2024-05-10 12:00,84.17552713,10084.17552713,107.85784079,1.058256354708263010503976309
1715328000000,2024-05-10 16:00,84.17552713,10084.17552713,107.85784079,1.058256354708263010503976309
1715342400000,2024-05-10 20:00,84.17552713,10084.17552713,107.85784079,1.058256354708263010503976309
1715356800000,2024-05-11 00:00,84.17552713,10084.17552713,107.85784079,1.058256354708263010503976309
1715371200000,2024-05-11 04:00,84.17552713,10084.17552713,107.85784079,1.058256354708263010503976309
1715385600000,2024-05-11 08:00,84.17552713,10084.17552713,107.85784079,1.058256354708263010503976309
1715400000000,2024-05-11 12:00,84.17552713,10084.17552713,107.85784079,1.058256354708263010503976309
1715414400000,2024-05-11 16:00,84.17552713,10084.17552713,107.85784079,1.058256354708263010503976309
1715428800000,2024-05-11 20:00,84.17552713,10084.17552713,107.85784079,1.058256354708263010503976309
1715443200000,2024-05-12 00:00,84.17552713,10084.17552713,107.85784079,1.058256354708263010503976309
1715457600000,2024-05-12 04:00,84.17552713,10084.17552713,107.85784079,1.058256354708263010503976309
1715472000000,2024-05-12 08:00,84.17552713,10084.17552713,107.85784079,1.058256354708263010503976309
1715486400000,2024-05-12 12:00,84.17552713,10084.17552713,107.85784079,1.058256354708263010503976309
1715500800000,2024-05-12 16:00,84.17552713,10084.17552713,107.85784079,1.058256354708263010503976309
1715515200000,2024-05-12 20:00,84.17552713,10084.17552713,107.85784079,1.058256354708263010503976309
1715529600000,2024-05-13 00:00,84.17552713,10084.17552713,107.85784079,1.058256354708263010503976309
1715544000000,2024-05-13 04:00,84.17552713,10084.17552713,107.85784079,1.058256354708263010503976309
1715558400000,2024-05-13 08:00,84.17552713,10084.17552713,107.85784079,1.058256354708263010503976309
1715572800000,2024-05-13 12:00,84.17552713,10084.17552713,107.85784079,1.058256354708263010503976309
1715587200000,2024-05-13 16:00,84.17552713,10084.17552713,107.85784079,1.058256354708263010503976309
1715601600000,2024-05-13 20:00,84.17552713,10084.17552713,107.85784079,1.058256354708263010503976309
1715616000000,2024-05-14 00:00,84.17552713,10084.17552713,107.85784079,1.058256354708263010503976309
1715630400000,2024-05-14 04:00,84.17552713,10084.17552713,107.85784079,1.058256354708263010503976309
1715644800000,2024-05-14 08:00,84.17552713,10084.17552713,107.85784079,1.058256354708263010503976309
1715659200000,2024-05-14 12:00,84.17552713,10084.17552713,107.85784079,1.058256354708263010503976309
1715673600000,2024-05-14 16:00,84.17552713,10084.17552713,107.85784079,1.058256354708263010503976309
1715688000000,2024-05-14 20:00,84.17552713,10084.17552713,107.85784079,1.058256354708263010503976309
1715702400000,2024-05-15 00:00,84.17552713,10084.17552713,107.85784079,1.058256354708263010503976309
1715716800000,2024-05-15 04:00,84.17552713,10084.17552713,107.85784079,1.058256354708263010503976309
1715731200000,2024-05-15 08:00,84.17552713,10084.17552713,107.85784079,1.058256354708263010503976309
1715745600000,2024-05-15 12:00,84.17552713,10084.17552713,107.85784079,1.058256354708263010503976309
1715760000000,2024-05-15 16:00,84.17552713,10084.17552713,107.85784079,1.058256354708263010503976309
1715774400000,2024-05-15 20:00,84.17552713,10084.17552713,107.85784079,1.058256354708263010503976309
1715788800000,2024-05-16 00:00,84.17552713,10084.17552713,107.85784079,1.058256354708263010503976309
1715803200000,2024-05-16 04:00,84.17552713,10084.17552713,107.85784079,1.058256354708263010503976309
1715817600000,2024-05-16 08:00,84.17552713,10084.17552713,107.85784079,1.058256354708263010503976309
1715832000000,2024-05-16 12:00,84.17552713,10084.17552713,107.85784079,1.058256354708263010503976309
1715846400000,2024-05-16 16:00,84.17552713,10084.17552713,107.85784079,1.058256354708263010503976309
1715860800000,2024-05-16 20:00,84.17552713,10084.17552713,107.85784079,1.058256354708263010503976309
1715875200000,2024-05-17 00:00,84.17552713,10084.17552713,107.85784079,1.058256354708263010503976309
1715889600000,2024-05-17 04:00,84.17552713,10084.17552713,107.85784079,1.058256354708263010503976309
1715904000000,2024-05-17 08:00,84.17552713,10084.17552713,107.85784079,1.058256354708263010503976309
1715918400000,2024-05-17 12:00,84.17552713,10084.17552713,107.85784079,1.058256354708263010503976309
1715932800000,2024-05-17 16:00,84.17552713,10084.17552713,107.85784079,1.058256354708263010503976309
1715947200000,2024-05-17 20:00,84.17552713,10084.17552713,107.85784079,1.058256354708263010503976309
1715961600000,2024-05-18 00:00,84.17552713,10084.17552713,107.85784079,1.058256354708263010503976309
1715976000000,2024-05-18 04:00,84.17552713,10084.17552713,107.85784079,1.058256354708263010503976309
1715990400000,2024-05-18 08:00,84.17552713,10084.17552713,107.85784079,1.058256354708263010503976309
1716004800000,2024-05-18 12:00,84.17552713,10084.17552713,107.85784079,1.058256354708263010503976309
1716019200000,2024-05-18 16:00,84.17552713,10084.17552713,107.85784079,1.058256354708263010503976309
1716033600000,2024-05-18 20:00,84.17552713,10084.17552713,107.85784079,1.058256354708263010503976309
1716048000000,2024-05-19 00:00,84.17552713,10084.17552713,107.85784079,1.058256354708263010503976309
1716062400000,2024-05-19 04:00,84.17552713,10084.17552713,107.85784079,1.058256354708263010503976309
1716076800000,2024-05-19 08:00,84.17552713,10084.17552713,107.85784079,1.058256354708263010503976309
1716091200000,2024-05-19 12:00,84.17552713,10084.17552713,107.85784079,1.058256354708263010503976309
1716105600000,2024-05-19 16:00,84.17552713,10084.17552713,107.85784079,1.058256354708263010503976309
1716120000000,2024-05-19 20:00,84.17552713,10084.17552713,107.85784079,1.058256354708263010503976309
1716134400000,2024-05-20 00:00,84.17552713,10084.17552713,107.85784079,1.058256354708263010503976309
1716148800000,2024-05-20 04:00,84.17552713,10084.17552713,107.85784079,1.058256354708263010503976309
1716163200000,2024-05-20 08:00,84.17552713,10084.17552713,107.85784079,1.058256354708263010503976309
1716177600000,2024-05-20 12:00,84.17552713,10084.17552713,107.85784079,1.058256354708263010503976309
1716192000000,2024-05-20 16:00,84.17552713,10084.17552713,107.85784079,1.058256354708263010503976309
1716206400000,2024-05-20 20:00,84.17552713,10084.17552713,107.85784079,1.058256354708263010503976309
1716220800000,2024-05-21 00:00,84.17552713,10084.17552713,107.85784079,1.058256354708263010503976309
1716235200000,2024-05-21 04:00,84.17552713,10084.17552713,107.85784079,1.058256354708263010503976309
1716249600000,2024-05-21 08:00,84.17552713,10084.17552713,107.85784079,1.058256354708263010503976309
1716264000000,2024-05-21 12:00,84.17552713,10084.17552713,107.85784079,1.058256354708263010503976309
1716278400000,2024-05-21 16:00,84.17552713,10084.17552713,107.85784079,1.058256354708263010503976309
1716292800000,2024-05-21 20:00,84.17552713,10084.17552713,107.85784079,1.058256354708263010503976309
1716307200000,2024-05-22 00:00,84.17552713,10084.17552713,107.85784079,1.058256354708263010503976309
1716321600000,2024-05-22 04:00,84.17552713,10084.17552713,107.85784079,1.058256354708263010503976309
1716336000000,2024-05-22 08:00,84.17552713,10084.17552713,107.85784079,1.058256354708263010503976309
1716350400000,2024-05-22 12:00,84.17552713,10084.17552713,107.85784079,1.058256354708263010503976309
1716364800000,2024-05-22 16:00,84.17552713,10084.17552713,107.85784079,1.058256354708263010503976309
1716379200000,2024-05-22 20:00,84.17552713,10084.17552713,107.85784079,1.058256354708263010503976309
1716393600000,2024-05-23 00:00,84.17552713,10084.17552713,107.85784079,1.058256354708263010503976309
1716408000000,2024-05-23 04:00,84.17552713,10084.17552713,107.85784079,1.058256354708263010503976309
1716422400000,2024-05-23 08:00,84.17552713,10084.17552713,107.85784079,1.058256354708263010503976309
1716436800000,2024-05-23 12:00,84.17552713,10084.17552713,107.85784079,1.058256354708263010503976309
1716451200000,2024-05-23 16:00,84.17552713,10084.17552713,107.85784079,1.058256354708263010503976309
1716465600000,2024-05-23 20:00,84.17552713,10084.17552713,107.85784079,1.058256354708263010503976309
1716480000000,2024-05-24 00:00,84.17552713,10084.17552713,107.85784079,1.058256354708263010503976309
1716494400000,2024-05-24 04:00,84.17552713,10084.17552713,107.85784079,1.058256354708263010503976309
1716508800000,2024-05-24 08:00,84.17552713,10084.17552713,107.85784079,1.058256354708263010503976309
1716523200000,2024-05-24 12:00,84.17552713,10084.17552713,107.85784079,1.058256354708263010503976309
1716537600000,2024-05-24 16:00,84.17552713,10084.17552713,107.85784079,1.058256354708263010503976309
1716552000000,2024-05-24 20:00,84.17552713,10084.17552713,107.85784079,1.058256354708263010503976309
1716566400000,2024-05-25 00:00,84.17552713,10084.17552713,107.85784079,1.058256354708263010503976309
1716580800000,2024-05-25 04:00,84.17552713,10084.17552713,107.85784079,1.058256354708263010503976309
1716595200000,2024-05-25 08:00,84.17552713,10084.17552713,107.85784079,1.058256354708263010503976309
1716609600000,2024-05-25 12:00,84.17552713,10084.17552713,107.85784079,1.058256354708263010503976309
1716624000000,2024-05-25 16:00,84.17552713,10084.17552713,107.85784079,1.058256354708263010503976309
1716638400000,2024-05-25 20:00,84.17552713,10084.17552713,107.85784079,1.058256354708263010503976309
1716652800000,2024-05-26 00:00,84.17552713,10084.17552713,107.85784079,1.058256354708263010503976309
1716667200000,2024-05-26 04:00,84.17552713,10084.17552713,107.85784079,1.058256354708263010503976309
1716681600000,2024-05-26 08:00,84.17552713,10084.17552713,107.85784079,1.058256354708263010503976309
1716696000000,2024-05-26 12:00,84.17552713,10084.17552713,107.85784079,1.058256354708263010503976309
1716710400000,2024-05-26 16:00,84.17552713,10084.17552713,107.85784079,1.058256354708263010503976309
1716724800000,2024-05-26 20:00,84.17552713,10084.17552713,107.85784079,1.058256354708263010503976309
1716739200000,2024-05-27 00:00,84.17552713,10084.17552713,107.85784079,1.058256354708263010503976309
1716753600000,2024-05-27 04:00,84.17552713,10084.17552713,107.85784079,1.058256354708263010503976309
1716768000000,2024-05-27 08:00,84.17552713,10084.17552713,107.85784079,1.058256354708263010503976309
1716782400000,2024-05-27 12:00,84.17552713,10084.17552713,107.85784079,1.058256354708263010503976309
1716796800000,2024-05-27 16:00,84.17552713,10084.17552713,107.85784079,1.058256354708263010503976309
1716811200000,2024-05-27 20:00,84.17552713,10084.17552713,107.85784079,1.058256354708263010503976309
1716825600000,2024-05-28 00:00,84.17552713,10084.17552713,107.85784079,1.058256354708263010503976309
1716840000000,2024-05-28 04:00,84.17552713,10084.17552713,107.85784079,1.058256354708263010503976309
1716854400000,2024-05-28 08:00,84.17552713,10084.17552713,107.85784079,1.058256354708263010503976309
1716868800000,2024-05-28 12:00,84.17552713,10084.17552713,107.85784079,1.058256354708263010503976309
1716883200000,2024-05-28 16:00,84.17552713,10084.17552713,107.85784079,1.058256354708263010503976309
1716897600000,2024-05-28 20:00,84.17552713,10084.17552713,107.85784079,1.058256354708263010503976309
1716912000000,2024-05-29 00:00,84.17552713,10084.17552713,107.85784079,1.058256354708263010503976309
1716926400000,2024-05-29 04:00,84.17552713,10084.17552713,107.85784079,1.058256354708263010503976309
1716940800000,2024-05-29 08:00,84.17552713,10084.17552713,107.85784079,1.058256354708263010503976309
1716955200000,2024-05-29 12:00,84.17552713,10084.17552713,107.85784079,1.058256354708263010503976309
1716969600000,2024-05-29 16:00,84.17552713,10084.17552713,107.85784079,1.058256354708263010503976309
1716984000000,2024-05-29 20:00,84.17552713,10084.17552713,107.85784079,1.058256354708263010503976309
1716998400000,2024-05-30 00:00,84.17552713,10084.17552713,107.85784079,1.058256354708263010503976309
1717012800000,2024-05-30 04:00,84.17552713,10084.17552713,107.85784079,1.058256354708263010503976309
1717027200000,2024-05-30 08:00,84.17552713,10084.17552713,107.85784079,1.058256354708263010503976309
1717041600000,2024-05-30 12:00,85.33012905,10085.33012905,106.70323887,1.04692788002298406823679845
1717056000000,2024-05-30 16:00,85.33012905,10085.33012905,106.70323887,1.04692788002298406823679845
1717070400000,2024-05-30 20:00,85.33012905,10085.33012905,106.70323887,1.04692788002298406823679845
1717084800000,2024-05-31 00:00,85.33012905,10085.33012905,106.70323887,1.04692788002298406823679845
1717099200000,2024-05-31 04:00,85.33012905,10085.33012905,106.70323887,1.04692788002298406823679845
1717113600000,2024-05-31 08:00,85.33012905,10085.33012905,106.70323887,1.04692788002298406823679845
1717128000000,2024-05-31 12:00,85.33012905,10085.33012905,106.70323887,1.04692788002298406823679845
1717142400000,2024-05-31 16:00,85.33012905,10085.33012905,106.70323887,1.04692788002298406823679845
1717156800000,2024-05-31 20:00,85.33012905,10085.33012905,106.70323887,1.04692788002298406823679845
1717171200000,2024-06-01 00:00,85.33012905,10085.33012905,106.70323887,1.04692788002298406823679845
1717185600000,2024-06-01 04:00,85.33012905,10085.33012905,106.70323887,1.04692788002298406823679845
1717200000000,2024-06-01 08:00,85.33012905,10085.33012905,106.70323887,1.04692788002298406823679845
1717214400000,2024-06-01 12:00,85.33012905,10085.33012905,106.70323887,1.04692788002298406823679845
1717228800000,2024-06-01 16:00,85.33012905,10085.33012905,106.70323887,1.04692788002298406823679845
1717243200000,2024-06-01 20:00,85.33012905,10085.33012905,106.70323887,1.04692788002298406823679845
1717257600000,2024-06-02 00:00,85.33012905,10085.33012905,106.70323887,1.04692788002298406823679845
1717272000000,2024-06-02 04:00,85.33012905,10085.33012905,106.70323887,1.04692788002298406823679845
1717286400000,2024-06-02 08:00,85.33012905,10085.33012905,106.70323887,1.04692788002298406823679845
1717300800000,2024-06-02 12:00,85.33012905,10085.33012905,106.70323887,1.04692788002298406823679845
1717315200000,2024-06-02 16:00,85.33012905,10085.33012905,106.70323887,1.04692788002298406823679845
1717329600000,2024-06-02 20:00,85.33012905,10085.33012905,106.70323887,1.04692788002298406823679845
1717344000000,2024-06-03 00:00,85.33012905,10085.33012905,106.70323887,1.04692788002298406823679845
1717358400000,2024-06-03 04:00,85.33012905,10085.33012905,106.70323887,1.04692788002298406823679845
1717372800000,2024-06-03 08:00,85.33012905,10085.33012905,106.70323887,1.04692788002298406823679845
1717387200000,2024-06-03 12:00,85.33012905,10085.33012905,106.70323887,1.04692788002298406823679845
1717401600000,2024-06-03 16:00,85.33012905,10085.33012905,106.70323887,1.04692788002298406823679845
1717416000000,2024-06-03 20:00,85.33012905,10085.33012905,106.70323887,1.04692788002298406823679845
1717430400000,2024-06-04 00:00,85.33012905,10085.33012905,106.70323887,1.04692788002298406823679845
1717444800000,2024-06-04 04:00,85.33012905,10085.33012905,106.70323887,1.04692788002298406823679845
1717459200000,2024-06-04 08:00,85.33012905,10085.33012905,106.70323887,1.04692788002298406823679845
1717473600000,2024-06-04 12:00,85.33012905,10085.33012905,106.70323887,1.04692788002298406823679845
1717488000000,2024-06-04 16:00,85.33012905,10085.33012905,106.70323887,1.04692788002298406823679845
1717502400000,2024-06-04 20:00,85.33012905,10085.33012905,106.70323887,1.04692788002298406823679845
1717516800000,2024-06-05 00:00,85.33012905,10085.33012905,106.70323887,1.04692788002298406823679845
1717531200000,2024-06-05 04:00,85.33012905,10085.33012905,106.70323887,1.04692788002298406823679845
1717545600000,2024-06-05 08:00,85.33012905,10085.33012905,106.70323887,1.04692788002298406823679845
1717560000000,2024-06-05 12:00,85.33012905,10085.33012905,106.70323887,1.04692788002298406823679845
1717574400000,2024-06-05 16:00,85.33012905,10085.33012905,106.70323887,1.04692788002298406823679845
1717588800000,2024-06-05 20:00,85.33012905,10085.33012905,106.70323887,1.04692788002298406823679845
1717603200000,2024-06-06 00:00,85.33012905,10085.33012905,106.70323887,1.04692788002298406823679845
1717617600000,2024-06-06 04:00,85.33012905,10085.33012905,106.70323887,1.04692788002298406823679845
1717632000000,2024-06-06 08:00,85.33012905,10085.33012905,106.70323887,1.04692788002298406823679845
1717646400000,2024-06-06 12:00,85.33012905,10085.33012905,106.70323887,1.04692788002298406823679845
1717660800000,2024-06-06 16:00,85.33012905,10085.33012905,106.70323887,1.04692788002298406823679845
1717675200000,2024-06-06 20:00,85.33012905,10085.33012905,106.70323887,1.04692788002298406823679845
1717689600000,2024-06-07 00:00,85.33012905,10085.33012905,106.70323887,1.04692788002298406823679845
1717704000000,2024-06-07 04:00,85.33012905,10085.33012905,106.70323887,1.04692788002298406823679845
1717718400000,2024-06-07 08:00,85.33012905,10085.33012905,106.70323887,1.04692788002298406823679845
1717732800000,2024-06-07 12:00,85.33012905,10085.33012905,106.70323887,1.04692788002298406823679845
1717747200000,2024-06-07 16:00,85.33012905,10085.33012905,106.70323887,1.04692788002298406823679845
1717761600000,2024-06-07 20:00,85.33012905,10085.33012905,106.70323887,1.04692788002298406823679845
1717776000000,2024-06-08 00:00,85.33012905,10085.33012905,106.70323887,1.04692788002298406823679845
1717790400000,2024-06-08 04:00,85.33012905,10085.33012905,106.70323887,1.04692788002298406823679845
1717804800000,2024-06-08 08:00,85.33012905,10085.33012905,106.70323887,1.04692788002298406823679845
1717819200000,2024-06-08 12:00,85.33012905,10085.33012905,106.70323887,1.04692788002298406823679845
1717833600000,2024-06-08 16:00,85.33012905,10085.33012905,106.70323887,1.04692788002298406823679845
1717848000000,2024-06-08 20:00,85.33012905,10085.33012905,106.70323887,1.04692788002298406823679845
1717862400000,2024-06-09 00:00,85.33012905,10085.33012905,106.70323887,1.04692788002298406823679845
1717876800000,2024-06-09 04:00,85.33012905,10085.33012905,106.70323887,1.04692788002298406823679845
1717891200000,2024-06-09 08:00,85.33012905,10085.33012905,106.70323887,1.04692788002298406823679845
1717905600000,2024-06-09 12:00,85.33012905,10085.33012905,106.70323887,1.04692788002298406823679845
1717920000000,2024-06-09 16:00,85.33012905,10085.33012905,106.70323887,1.04692788002298406823679845
1717934400000,2024-06-09 20:00,85.33012905,10085.33012905,106.70323887,1.04692788002298406823679845
1717948800000,2024-06-10 00:00,85.33012905,10085.33012905,106.70323887,1.04692788002298406823679845
1717963200000,2024-06-10 04:00,85.33012905,10085.33012905,106.70323887,1.04692788002298406823679845
1717977600000,2024-06-10 08:00,85.33012905,10085.33012905,106.70323887,1.04692788002298406823679845
1717992000000,2024-06-10 12:00,85.33012905,10085.33012905,106.70323887,1.04692788002298406823679845
1718006400000,2024-06-10 16:00,85.33012905,10085.33012905,106.70323887,1.04692788002298406823679845
1718020800000,2024-06-10 20:00,85.33012905,10085.33012905,106.70323887,1.04692788002298406823679845
1718035200000,2024-06-11 00:00,85.33012905,10085.33012905,106.70323887,1.04692788002298406823679845
1718049600000,2024-06-11 04:00,85.33012905,10085.33012905,106.70323887,1.04692788002298406823679845
1718064000000,2024-06-11 08:00,85.33012905,10085.33012905,106.70323887,1.04692788002298406823679845
1718078400000,2024-06-11 12:00,85.33012905,10085.33012905,106.70323887,1.04692788002298406823679845
1718092800000,2024-06-11 16:00,85.33012905,10085.33012905,106.70323887,1.04692788002298406823679845
1718107200000,2024-06-11 20:00,85.33012905,10085.33012905,106.70323887,1.04692788002298406823679845
1718121600000,2024-06-12 00:00,483.41126297,10483.41126297,0,0
1718136000000,2024-06-12 04:00,483.41126297,10483.41126297,0,0
1718150400000,2024-06-12 08:00,483.41126297,10483.41126297,0,0
1718164800000,2024-06-12 12:00,483.41126297,10483.41126297,0,0
1718179200000,2024-06-12 16:00,483.41126297,10483.41126297,0,0
1718193600000,2024-06-12 20:00,483.41126297,10483.41126297,0,0
1718208000000,2024-06-13 00:00,483.41126297,10483.41126297,0,0
1718222400000,2024-06-13 04:00,483.41126297,10483.41126297,0,0
1718236800000,2024-06-13 08:00,483.41126297,10483.41126297,0,0
1718251200000,2024-06-13 12:00,483.41126297,10483.41126297,0,0
1718265600000,2024-06-13 16:00,483.41126297,10483.41126297,0,0
1718280000000,2024-06-13 20:00,483.41126297,10483.41126297,0,0
1718294400000,2024-06-14 00:00,483.41126297,10483.41126297,0,0
1718308800000,2024-06-14 04:00,483.41126297,10483.41126297,0,0
1718323200000,2024-06-14 08:00,483.41126297,10483.41126297,0,0
1718337600000,2024-06-14 12:00,483.41126297,10483.41126297,0,0
1718352000000,2024-06-14 16:00,483.41126297,10483.41126297,0,0
1718366400000,2024-06-14 20:00,483.41126297,10483.41126297,0,0
1718380800000,2024-06-15 00:00,483.41126297,10483.41126297,0,0
1718395200000,2024-06-15 04:00,483.41126297,10483.41126297,0,0
1718409600000,2024-06-15 08:00,483.41126297,10483.41126297,0,0
1718424000000,2024-06-15 12:00,483.41126297,10483.41126297,0,0
1718438400000,2024-06-15 16:00,483.41126297,10483.41126297,0,0
1718452800000,2024-06-15 20:00,483.41126297,10483.41126297,0,0
1718467200000,2024-06-16 00:00,483.41126297,10483.41126297,0,0
1718481600000,2024-06-16 04:00,483.41126297,10483.41126297,0,0
1718496000000,2024-06-16 08:00,483.41126297,10483.41126297,0,0
1718510400000,2024-06-16 12:00,483.41126297,10483.41126297,0,0
1718524800000,2024-06-16 16:00,483.41126297,10483.41126297,0,0
1718539200000,2024-06-16 20:00,483.41126297,10483.41126297,0,0
1718553600000,2024-06-17 00:00,483.41126297,10483.41126297,0,0
1718568000000,2024-06-17 04:00,483.41126297,10483.41126297,0,0
1718582400000,2024-06-17 08:00,483.41126297,10483.41126297,0,0
1718596800000,2024-06-17 12:00,483.41126297,10483.41126297,0,0
1718611200000,2024-06-17 16:00,483.41126297,10483.41126297,0,0
1718625600000,2024-06-17 20:00,483.41126297,10483.41126297,0,0
1718640000000,2024-06-18 00:00,483.41126297,10483.41126297,0,0
1718654400000,2024-06-18 04:00,483.41126297,10483.41126297,0,0
1718668800000,2024-06-18 08:00,483.41126297,10483.41126297,0,0
1718683200000,2024-06-18 12:00,483.41126297,10483.41126297,0,0
1718697600000,2024-06-18 16:00,483.41126297,10483.41126297,0,0
1718712000000,2024-06-18 20:00,483.41126297,10483.41126297,0,0
1718726400000,2024-06-19 00:00,483.41126297,10483.41126297,0,0
1718740800000,2024-06-19 04:00,483.41126297,10483.41126297,0,0
1718755200000,2024-06-19 08:00,483.41126297,10483.41126297,0,0
1718769600000,2024-06-19 12:00,483.41126297,10483.41126297,0,0
1718784000000,2024-06-19 16:00,483.41126297,10483.41126297,0,0
1718798400000,2024-06-19 20:00,483.41126297,10483.41126297,0,0
1718812800000,2024-06-20 00:00,483.41126297,10483.41126297,0,0
1718827200000,2024-06-20 04:00,483.41126297,10483.41126297,0,0
1718841600000,2024-06-20 08:00,483.41126297,10483.41126297,0,0
1718856000000,2024-06-20 12:00,483.41126297,10483.41126297,0,0
1718870400000,2024-06-20 16:00,483.41126297,10483.41126297,0,0
1718884800000,2024-06-20 20:00,483.41126297,10483.41126297,0,0
1718899200000,2024-06-21 00:00,483.41126297,10483.41126297,0,0
1718913600000,2024-06-21 04:00,483.41126297,10483.41126297,0,0
1718928000000,2024-06-21 08:00,483.41126297,10483.41126297,0,0
1718942400000,2024-06-21 12:00,483.41126297,10483.41126297,0,0
1718956800000,2024-06-21 16:00,483.41126297,10483.41126297,0,0
1718971200000,2024-06-21 20:00,483.41126297,10483.41126297,0,0
1718985600000,2024-06-22 00:00,483.41126297,10483.41126297,0,0
1719000000000,2024-06-22 04:00,483.41126297,10483.41126297,0,0
1719014400000,2024-06-22 08:00,483.41126297,10483.41126297,0,0
1719028800000,2024-06-22 12:00,483.41126297,10483.41126297,0,0
1719043200000,2024-06-22 16:00,483.41126297,10483.41126297,0,0
1719057600000,2024-06-22 20:00,483.41126297,10483.41126297,0,0
1719072000000,2024-06-23 00:00,483.41126297,10483.41126297,0,0
1719086400000,2024-06-23 04:00,483.41126297,10483.41126297,0,0
1719100800000,2024-06-23 08:00,483.41126297,10483.41126297,0,0
1719115200000,2024-06-23 12:00,483.41126297,10483.41126297,0,0
1719129600000,2024-06-23 16:00,483.41126297,10483.41126297,0,0
1719144000000,2024-06-23 20:00,483.41126297,10483.41126297,0,0
1719158400000,2024-06-24 00:00,483.41126297,10483.41126297,0,0
1719172800000,2024-06-24 04:00,483.41126297,10483.41126297,0,0
1719187200000,2024-06-24 08:00,483.41126297,10483.41126297,0,0
1719201600000,2024-06-24 12:00,483.41126297,10483.41126297,0,0
1719216000000,2024-06-24 16:00,483.41126297,10483.41126297,0,0
1719230400000,2024-06-24 20:00,483.41126297,10483.41126297,0,0
1719244800000,2024-06-25 00:00,483.41126297,10483.41126297,0,0
1719259200000,2024-06-25 04:00,483.41126297,10483.41126297,0,0
1719273600000,2024-06-25 08:00,483.41126297,10483.41126297,0,0
1719288000000,2024-06-25 12:00,483.41126297,10483.41126297,0,0
1719302400000,2024-06-25 16:00,483.41126297,10483.41126297,0,0
1719316800000,2024-06-25 20:00,483.41126297,10483.41126297,0,0
1719331200000,2024-06-26 00:00,483.41126297,10483.41126297,0,0
1719345600000,2024-06-26 04:00,483.41126297,10483.41126297,0,0
1719360000000,2024-06-26 08:00,483.41126297,10483.41126297,0,0
1719374400000,2024-06-26 12:00,483.41126297,10483.41126297,0,0
1719388800000,2024-06-26 16:00,483.41126297,10483.41126297,0,0
1719403200000,2024-06-26 20:00,483.41126297,10483.41126297,0,0
1719417600000,2024-06-27 00:00,483.41126297,10483.41126297,0,0
1719432000000,2024-06-27 04:00,483.41126297,10483.41126297,0,0
1719446400000,2024-06-27 08:00,483.41126297,10483.41126297,0,0
1719460800000,2024-06-27 12:00,483.41126297,10483.41126297,0,0
1719475200000,2024-06-27 16:00,483.41126297,10483.41126297,0,0
1719489600000,2024-06-27 20:00,483.41126297,10483.41126297,0,0
1719504000000,2024-06-28 00:00,483.41126297,10483.41126297,0,0
1719518400000,2024-06-28 04:00,483.41126297,10483.41126297,0,0
1719532800000,2024-06-28 08:00,483.41126297,10483.41126297,0,0
1719547200000,2024-06-28 12:00,483.41126297,10483.41126297,0,0
1719561600000,2024-06-28 16:00,483.41126297,10483.41126297,0,0
1719576000000,2024-06-28 20:00,483.41126297,10483.41126297,0,0
1719590400000,2024-06-29 00:00,483.41126297,10483.41126297,0,0
1719604800000,2024-06-29 04:00,483.41126297,10483.41126297,0,0
1719619200000,2024-06-29 08:00,483.41126297,10483.41126297,0,0
1719633600000,2024-06-29 12:00,483.41126297,10483.41126297,0,0
1719648000000,2024-06-29 16:00,483.41126297,10483.41126297,0,0
1719662400000,2024-06-29 20:00,483.41126297,10483.41126297,0,0
1719676800000,2024-06-30 00:00,483.41126297,10483.41126297,0,0
1719691200000,2024-06-30 04:00,483.41126297,10483.41126297,0,0
1719705600000,2024-06-30 08:00,483.41126297,10483.41126297,0,0
1719720000000,2024-06-30 12:00,483.41126297,10483.41126297,0,0
1719734400000,2024-06-30 16:00,483.41126297,10483.41126297,0,0
1719748800000,2024-06-30 20:00,483.41126297,10483.41126297,0,0
1719763200000,2024-07-01 00:00,483.41126297,10483.41126297,0,0
1719777600000,2024-07-01 04:00,483.41126297,10483.41126297,0,0
1719792000000,2024-07-01 08:00,483.41126297,10483.41126297,0,0
1719806400000,2024-07-01 12:00,483.41126297,10483.41126297,0,0
1719820800000,2024-07-01 16:00,483.41126297,10483.41126297,0,0
1719835200000,2024-07-01 20:00,483.41126297,10483.41126297,0,0
1719849600000,2024-07-02 00:00,483.41126297,10483.41126297,0,0
1719864000000,2024-07-02 04:00,483.41126297,10483.41126297,0,0
1719878400000,2024-07-02 08:00,483.41126297,10483.41126297,0,0
1719892800000,2024-07-02 12:00,483.41126297,10483.41126297,0,0
1719907200000,2024-07-02 16:00,483.41126297,10483.41126297,0,0
1719921600000,2024-07-02 20:00,483.41126297,10483.41126297,0,0
1719936000000,2024-07-03 00:00,483.41126297,10483.41126297,0,0
1719950400000,2024-07-03 04:00,483.41126297,10483.41126297,0,0
1719964800000,2024-07-03 08:00,483.41126297,10483.41126297,0,0
1719979200000,2024-07-03 12:00,483.41126297,10483.41126297,0,0
1719993600000,2024-07-03 16:00,483.41126297,10483.41126297,0,0
1720008000000,2024-07-03 20:00,483.41126297,10483.41126297,0,0
1720022400000,2024-07-04 00:00,483.41126297,10483.41126297,0,0
1720036800000,2024-07-04 04:00,483.41126297,10483.41126297,0,0
1720051200000,2024-07-04 08:00,483.41126297,10483.41126297,0,0
1720065600000,2024-07-04 12:00,483.41126297,10483.41126297,0,0
1720080000000,2024-07-04 16:00,483.41126297,10483.41126297,0,0
1720094400000,2024-07-04 20:00,483.41126297,10483.41126297,0,0
1720108800000,2024-07-05 00:00,483.41126297,10483.41126297,0,0
1720123200000,2024-07-05 04:00,483.41126297,10483.41126297,0,0
1720137600000,2024-07-05 08:00,483.41126297,10483.41126297,0,0
1720152000000,2024-07-05 12:00,483.41126297,10483.41126297,0,0
1720166400000,2024-07-05 16:00,483.41126297,10483.41126297,0,0
1720180800000,2024-07-05 20:00,483.41126297,10483.41126297,0,0
1720195200000,2024-07-06 00:00,483.41126297,10483.41126297,0,0
1720209600000,2024-07-06 04:00,483.41126297,10483.41126297,0,0
1720224000000,2024-07-06 08:00,483.41126297,10483.41126297,0,0
1720238400000,2024-07-06 12:00,483.41126297,10483.41126297,0,0
1720252800000,2024-07-06 16:00,483.41126297,10483.41126297,0,0
1720267200000,2024-07-06 20:00,483.41126297,10483.41126297,0,0
1720281600000,2024-07-07 00:00,483.41126297,10483.41126297,0,0
1720296000000,2024-07-07 04:00,483.41126297,10483.41126297,0,0
1720310400000,2024-07-07 08:00,483.41126297,10483.41126297,0,0
1720324800000,2024-07-07 12:00,483.41126297,10483.41126297,0,0
1720339200000,2024-07-07 16:00,483.41126297,10483.41126297,0,0
1720353600000,2024-07-07 20:00,483.41126297,10483.41126297,0,0
1720368000000,2024-07-08 00:00,483.41126297,10483.41126297,0,0
1720382400000,2024-07-08 04:00,483.41126297,10483.41126297,0,0
1720396800000,2024-07-08 08:00,483.41126297,10483.41126297,0,0
1720411200000,2024-07-08 12:00,483.41126297,10483.41126297,0,0
1720425600000,2024-07-08 16:00,483.41126297,10483.41126297,0,0
1720440000000,2024-07-08 20:00,483.41126297,10483.41126297,0,0
1720454400000,2024-07-09 00:00,483.41126297,10483.41126297,0,0
1720468800000,2024-07-09 04:00,483.41126297,10483.41126297,0,0
1720483200000,2024-07-09 08:00,483.41126297,10483.41126297,0,0
1720497600000,2024-07-09 12:00,483.41126297,10483.41126297,0,0
1720512000000,2024-07-09 16:00,483.41126297,10483.41126297,0,0
1720526400000,2024-07-09 20:00,483.41126297,10483.41126297,0,0
1720540800000,2024-07-10 00:00,483.41126297,10483.41126297,0,0
1720555200000,2024-07-10 04:00,483.41126297,10483.41126297,0,0
1720569600000,2024-07-10 08:00,483.41126297,10483.41126297,0,0
1720584000000,2024-07-10 12:00,483.41126297,10483.41126297,0,0
1720598400000,2024-07-10 16:00,483.41126297,10483.41126297,0,0
1720612800000,2024-07-10 20:00,483.41126297,10483.41126297,0,0
1720627200000,2024-07-11 00:00,483.41126297,10483.41126297,0,0
1720641600000,2024-07-11 04:00,483.41126297,10483.41126297,0,0
1720656000000,2024-07-11 08:00,483.41126297,10483.41126297,0,0
1720670400000,2024-07-11 12:00,483.41126297,10483.41126297,0,0
1720684800000,2024-07-11 16:00,483.41126297,10483.41126297,0,0
1720699200000,2024-07-11 20:00,483.41126297,10483.41126297,0,0
1720713600000,2024-07-12 00:00,483.41126297,10483.41126297,0,0
1720728000000,2024-07-12 04:00,483.41126297,10483.41126297,0,0
1720742400000,2024-07-12 08:00,483.41126297,10483.41126297,0,0
1720756800000,2024-07-12 12:00,483.41126297,10483.41126297,0,0
1720771200000,2024-07-12 16:00,483.41126297,10483.41126297,0,0
1720785600000,2024-07-12 20:00,483.41126297,10483.41126297,0,0
1720800000000,2024-07-13 00:00,483.41126297,10483.41126297,0,0
1720814400000,2024-07-13 04:00,483.41126297,10483.41126297,0,0
1720828800000,2024-07-13 08:00,483.41126297,10483.41126297,0,0
1720843200000,2024-07-13 12:00,483.41126297,10483.41126297,0,0
1720857600000,2024-07-13 16:00,483.41126297,10483.41126297,0,0
1720872000000,2024-07-13 20:00,483.41126297,10483.41126297,0,0
1720886400000,2024-07-14 00:00,483.41126297,10483.41126297,0,0
1720900800000,2024-07-14 04:00,483.41126297,10483.41126297,0,0
1720915200000,2024-07-14 08:00,483.41126297,10483.41126297,0,0
1720929600000,2024-07-14 12:00,483.41126297,10483.41126297,0,0
1720944000000,2024-07-14 16:00,483.41126297,10483.41126297,0,0
1720958400000,2024-07-14 20:00,483.41126297,10483.41126297,0,0
1720972800000,2024-07-15 00:00,483.41126297,10483.41126297,0,0
1720987200000,2024-07-15 04:00,483.41126297,10483.41126297,0,0
1721001600000,2024-07-15 08:00,483.41126297,10483.41126297,0,0
1721016000000,2024-07-15 12:00,483.41126297,10483.41126297,0,0
1721030400000,2024-07-15 16:00,483.41126297,10483.41126297,0,0
1721044800000,2024-07-15 20:00,483.41126297,10483.41126297,0,0
1721059200000,2024-07-16 00:00,483.41126297,10483.41126297,0,0
1721073600000,2024-07-16 04:00,483.41126297,10483.41126297,0,0
1721088000000,2024-07-16 08:00,483.41126297,10483.41126297,0,0
1721102400000,2024-07-16 12:00,483.41126297,10483.41126297,0,0
1721116800000,2024-07-16 16:00,483.41126297,10483.41126297,0,0
1721131200000,2024-07-16 20:00,483.41126297,10483.41126297,0,0
1721145600000,2024-07-17 00:00,483.41126297,10483.41126297,0,0
1721160000000,2024-07-17 04:00,483.41126297,10483.41126297,0,0
1721174400000,2024-07-17 08:00,483.41126297,10483.41126297,0,0
1721188800000,2024-07-17 12:00,483.41126297,10483.41126297,0,0
1721203200000,2024-07-17 16:00,483.41126297,10483.41126297,0,0
1721217600000,2024-07-17 20:00,483.41126297,10483.41126297,0,0
1721232000000,2024-07-18 00:00,483.41126297,10483.41126297,0,0
1721246400000,2024-07-18 04:00,483.41126297,10483.41126297,0,0
1721260800000,2024-07-18 08:00,483.41126297,10483.41126297,0,0
1721275200000,2024-07-18 12:00,483.41126297,10483.41126297,0,0
1721289600000,2024-07-18 16:00,483.41126297,10483.41126297,0,0
1721304000000,2024-07-18 20:00,483.41126297,10483.41126297,0,0
1721318400000,2024-07-19 00:00,483.41126297,10483.41126297,0,0
1721332800000,2024-07-19 04:00,483.41126297,10483.41126297,0,0
1721347200000,2024-07-19 08:00,483.41126297,10483.41126297,0,0
1721361600000,2024-07-19 12:00,483.41126297,10483.41126297,0,0
1721376000000,2024-07-19 16:00,483.41126297,10483.41126297,0,0
1721390400000,2024-07-19 20:00,483.41126297,10483.41126297,0,0
1721404800000,2024-07-20 00:00,483.41126297,10483.41126297,0,0
1721419200000,2024-07-20 04:00,483.41126297,10483.41126297,0,0
1721433600000,2024-07-20 08:00,483.41126297,10483.41126297,0,0
1721448000000,2024-07-20 12:00,483.41126297,10483.41126297,0,0
1721462400000,2024-07-20 16:00,483.41126297,10483.41126297,0,0
1721476800000,2024-07-20 20:00,483.41126297,10483.41126297,0,0
1721491200000,2024-07-21 00:00,483.41126297,10483.41126297,0,0
1721505600000,2024-07-21 04:00,483.41126297,10483.41126297,0,0
1721520000000,2024-07-21 08:00,483.41126297,10483.41126297,0,0
1721534400000,2024-07-21 12:00,483.41126297,10483.41126297,0,0
1721548800000,2024-07-21 16:00,483.41126297,10483.41126297,0,0
1721563200000,2024-07-21 20:00,483.41126297,10483.41126297,0,0
1721577600000,2024-07-22 00:00,483.41126297,10483.41126297,0,0
1721592000000,2024-07-22 04:00,483.41126297,10483.41126297,0,0
1721606400000,2024-07-22 08:00,483.41126297,10483.41126297,0,0
1721620800000,2024-07-22 12:00,483.41126297,10483.41126297,0,0
1721635200000,2024-07-22 16:00,483.41126297,10483.41126297,0,0
1721649600000,2024-07-22 20:00,483.41126297,10483.41126297,0,0
1721664000000,2024-07-23 00:00,483.41126297,10483.41126297,0,0
1721678400000,2024-07-23 04:00,483.41126297,10483.41126297,0,0
1721692800000,2024-07-23 08:00,483.41126297,10483.41126297,0,0
1721707200000,2024-07-23 12:00,483.41126297,10483.41126297,0,0
1721721600000,2024-07-23 16:00,483.41126297,10483.41126297,0,0
1721736000000,2024-07-23 20:00,483.41126297,10483.41126297,0,0
1721750400000,2024-07-24 00:00,483.41126297,10483.41126297,0,0
1721764800000,2024-07-24 04:00,483.41126297,10483.41126297,0,0
1721779200000,2024-07-24 08:00,483.41126297,10483.41126297,0,0
1721793600000,2024-07-24 12:00,483.41126297,10483.41126297,0,0
1721808000000,2024-07-24 16:00,483.41126297,10483.41126297,0,0
1721822400000,2024-07-24 20:00,483.41126297,10483.41126297,0,0
1721836800000,2024-07-25 00:00,483.41126297,10483.41126297,0,0
1721851200000,2024-07-25 04:00,483.41126297,10483.41126297,0,0
1721865600000,2024-07-25 08:00,483.41126297,10483.41126297,0,0
1721880000000,2024-07-25 12:00,483.41126297,10483.41126297,0,0
1721894400000,2024-07-25 16:00,483.41126297,10483.41126297,0,0
1721908800000,2024-07-25 20:00,483.41126297,10483.41126297,0,0
1721923200000,2024-07-26 00:00,483.41126297,10483.41126297,0,0
1721937600000,2024-07-26 04:00,483.41126297,10483.41126297,0,0
1721952000000,2024-07-26 08:00,483.41126297,10483.41126297,0,0
1721966400000,2024-07-26 12:00,483.41126297,10483.41126297,0,0
1721980800000,2024-07-26 16:00,483.41126297,10483.41126297,0,0
1721995200000,2024-07-26 20:00,483.41126297,10483.41126297,0,0
1722009600000,2024-07-27 00:00,483.41126297,10483.41126297,0,0
1722024000000,2024-07-27 04:00,483.41126297,10483.41126297,0,0
1722038400000,2024-07-27 08:00,483.41126297,10483.41126297,0,0
1722052800000,2024-07-27 12:00,483.41126297,10483.41126297,0,0
1722067200000,2024-07-27 16:00,483.41126297,10483.41126297,0,0
1722081600000,2024-07-27 20:00,483.41126297,10483.41126297,0,0
1722096000000,2024-07-28 00:00,483.41126297,10483.41126297,0,0
1722110400000,2024-07-28 04:00,483.41126297,10483.41126297,0,0
1722124800000,2024-07-28 08:00,483.41126297,10483.41126297,0,0
1722139200000,2024-07-28 12:00,483.41126297,10483.41126297,0,0
1722153600000,2024-07-28 16:00,483.41126297,10483.41126297,0,0
1722168000000,2024-07-28 20:00,483.41126297,10483.41126297,0,0
1722182400000,2024-07-29 00:00,483.41126297,10483.41126297,0,0
1722196800000,2024-07-29 04:00,483.41126297,10483.41126297,0,0
1722211200000,2024-07-29 08:00,483.41126297,10483.41126297,0,0
1722225600000,2024-07-29 12:00,483.41126297,10483.41126297,0,0
1722240000000,2024-07-29 16:00,483.41126297,10483.41126297,0,0
1722254400000,2024-07-29 20:00,483.41126297,10483.41126297,0,0
1722268800000,2024-07-30 00:00,483.41126297,10483.41126297,0,0
1722283200000,2024-07-30 04:00,483.41126297,10483.41126297,0,0
1722297600000,2024-07-30 08:00,483.41126297,10483.41126297,0,0
1722312000000,2024-07-30 12:00,483.41126297,10483.41126297,0,0
1722326400000,2024-07-30 16:00,483.41126297,10483.41126297,0,0
1722340800000,2024-07-30 20:00,483.41126297,10483.41126297,0,0
1722355200000,2024-07-31 00:00,483.41126297,10483.41126297,0,0
1722369600000,2024-07-31 04:00,483.41126297,10483.41126297,0,0
1722384000000,2024-07-31 08:00,483.41126297,10483.41126297,0,0
1722398400000,2024-07-31 12:00,483.41126297,10483.41126297,0,0
1722412800000,2024-07-31 16:00,483.41126297,10483.41126297,0,0
1722427200000,2024-07-31 20:00,483.41126297,10483.41126297,0,0
1722441600000,2024-08-01 00:00,483.41126297,10483.41126297,0,0
1722456000000,2024-08-01 04:00,483.41126297,10483.41126297,0,0
1722470400000,2024-08-01 08:00,483.41126297,10483.41126297,0,0
1722484800000,2024-08-01 12:00,483.41126297,10483.41126297,0,0
1722499200000,2024-08-01 16:00,483.41126297,10483.41126297,0,0
1722513600000,2024-08-01 20:00,483.41126297,10483.41126297,0,0
1722528000000,2024-08-02 00:00,483.41126297,10483.41126297,0,0
1722542400000,2024-08-02 04:00,670.32319769,10670.32319769,0,0
1722556800000,2024-08-02 08:00,670.32319769,10670.32319769,0,0
1722571200000,2024-08-02 12:00,670.32319769,10670.32319769,0,0
1722585600000,2024-08-02 16:00,670.32319769,10670.32319769,0,0
1722600000000,2024-08-02 20:00,670.32319769,10670.32319769,0,0
1722614400000,2024-08-03 00:00,670.32319769,10670.32319769,0,0
1722628800000,2024-08-03 04:00,670.32319769,10670.32319769,0,0
1722643200000,2024-08-03 08:00,670.32319769,10670.32319769,0,0
1722657600000,2024-08-03 12:00,670.32319769,10670.32319769,0,0
1722672000000,2024-08-03 16:00,670.32319769,10670.32319769,0,0
1722686400000,2024-08-03 20:00,670.32319769,10670.32319769,0,0
1722700800000,2024-08-04 00:00,670.32319769,10670.32319769,0,0
1722715200000,2024-08-04 04:00,670.32319769,10670.32319769,0,0
1722729600000,2024-08-04 08:00,670.32319769,10670.32319769,0,0
1722744000000,2024-08-04 12:00,670.32319769,10670.32319769,0,0
1722758400000,2024-08-04 16:00,670.32319769,10670.32319769,0,0
1722772800000,2024-08-04 20:00,670.32319769,10670.32319769,0,0
1722787200000,2024-08-05 00:00,670.32319769,10670.32319769,0,0
1722801600000,2024-08-05 04:00,670.32319769,10670.32319769,0,0
1722816000000,2024-08-05 08:00,670.32319769,10670.32319769,0,0
1722830400000,2024-08-05 12:00,670.32319769,10670.32319769,0,0
1722844800000,2024-08-05 16:00,670.32319769,10670.32319769,0,0
1722859200000,2024-08-05 20:00,670.32319769,10670.32319769,0,0
1722873600000,2024-08-06 00:00,670.32319769,10670.32319769,0,0
1722888000000,2024-08-06 04:00,670.32319769,10670.32319769,0,0
1722902400000,2024-08-06 08:00,670.32319769,10670.32319769,0,0
1722916800000,2024-08-06 12:00,670.32319769,10670.32319769,0,0
1722931200000,2024-08-06 16:00,670.32319769,10670.32319769,0,0
1722945600000,2024-08-06 20:00,670.32319769,10670.32319769,0,0
1722960000000,2024-08-07 00:00,670.32319769,10670.32319769,0,0
1722974400000,2024-08-07 04:00,670.32319769,10670.32319769,0,0
1722988800000,2024-08-07 08:00,670.32319769,10670.32319769,0,0
1723003200000,2024-08-07 12:00,670.32319769,10670.32319769,0,0
1723017600000,2024-08-07 16:00,670.32319769,10670.32319769,0,0
1723032000000,2024-08-07 20:00,670.32319769,10670.32319769,0,0
1723046400000,2024-08-08 00:00,670.32319769,10670.32319769,0,0
1723060800000,2024-08-08 04:00,670.32319769,10670.32319769,0,0
1723075200000,2024-08-08 08:00,670.32319769,10670.32319769,0,0
1723089600000,2024-08-08 12:00,670.32319769,10670.32319769,0,0
1723104000000,2024-08-08 16:00,670.32319769,10670.32319769,0,0
1723118400000,2024-08-08 20:00,670.32319769,10670.32319769,0,0
1723132800000,2024-08-09 00:00,670.32319769,10670.32319769,0,0
1723147200000,2024-08-09 04:00,670.32319769,10670.32319769,0,0
1723161600000,2024-08-09 08:00,670.32319769,10670.32319769,0,0
1723176000000,2024-08-09 12:00,670.32319769,10670.32319769,0,0
1723190400000,2024-08-09 16:00,670.32319769,10670.32319769,0,0
1723204800000,2024-08-09 20:00,670.32319769,10670.32319769,0,0
1723219200000,2024-08-10 00:00,670.32319769,10670.32319769,0,0
1723233600000,2024-08-10 04:00,670.32319769,10670.32319769,0,0
1723248000000,2024-08-10 08:00,670.32319769,10670.32319769,0,0
1723262400000,2024-08-10 12:00,670.32319769,10670.32319769,0,0
1723276800000,2024-08-10 16:00,670.32319769,10670.32319769,0,0
1723291200000,2024-08-10 20:00,670.32319769,10670.32319769,0,0
1723305600000,2024-08-11 00:00,670.32319769,10670.32319769,0,0
1723320000000,2024-08-11 04:00,670.32319769,10670.32319769,0,0
1723334400000,2024-08-11 08:00,670.32319769,10670.32319769,0,0
1723348800000,2024-08-11 12:00,670.32319769,10670.32319769,0,0
1723363200000,2024-08-11 16:00,670.32319769,10670.32319769,0,0
1723377600000,2024-08-11 20:00,670.32319769,10670.32319769,0,0
1723392000000,2024-08-12 00:00,670.32319769,10670.32319769,0,0
1723406400000,2024-08-12 04:00,670.32319769,10670.32319769,0,0
1723420800000,2024-08-12 08:00,670.32319769,10670.32319769,0,0
1723435200000,2024-08-12 12:00,670.32319769,10670.32319769,0,0
1723449600000,2024-08-12 16:00,670.32319769,10670.32319769,0,0
1723464000000,2024-08-12 20:00,670.32319769,10670.32319769,0,0
1723478400000,2024-08-13 00:00,670.32319769,10670.32319769,0,0
1723492800000,2024-08-13 04:00,670.32319769,10670.32319769,0,0
1723507200000,2024-08-13 08:00,670.32319769,10670.32319769,0,0
1723521600000,2024-08-13 12:00,670.32319769,10670.32319769,0,0
1723536000000,2024-08-13 16:00,670.32319769,10670.32319769,0,0
1723550400000,2024-08-13 20:00,670.32319769,10670.32319769,0,0
1723564800000,2024-08-14 00:00,670.32319769,10670.32319769,0,0
1723579200000,2024-08-14 04:00,670.32319769,10670.32319769,0,0
1723593600000,2024-08-14 08:00,670.32319769,10670.32319769,0,0
1723608000000,2024-08-14 12:00,670.32319769,10670.32319769,0,0
1723622400000,2024-08-14 16:00,670.32319769,10670.32319769,0,0
1723636800000,2024-08-14 20:00,670.32319769,10670.32319769,0,0
1723651200000,2024-08-15 00:00,670.32319769,10670.32319769,0,0
1723665600000,2024-08-15 04:00,670.32319769,10670.32319769,0,0
1723680000000,2024-08-15 08:00,670.32319769,10670.32319769,0,0
1723694400000,2024-08-15 12:00,670.32319769,10670.32319769,0,0
1723708800000,2024-08-15 16:00,670.32319769,10670.32319769,0,0
1723723200000,2024-08-15 20:00,670.32319769,10670.32319769,0,0
1723737600000,2024-08-16 00:00,670.32319769,10670.32319769,0,0
1723752000000,2024-08-16 04:00,670.32319769,10670.32319769,0,0
1723766400000,2024-08-16 08:00,670.32319769,10670.32319769,0,0
1723780800000,2024-08-16 12:00,670.32319769,10670.32319769,0,0
1723795200000,2024-08-16 16:00,572.45305277,10572.45305277,97.87014492,0.9172181864293270901720901555
1723809600000,2024-08-16 20:00,572.45305277,10572.45305277,97.87014492,0.9172181864293270901720901555
1723824000000,2024-08-17 00:00,572.45305277,10572.45305277,97.87014492,0.9172181864293270901720901555
1723838400000,2024-08-17 04:00,572.45305277,10572.45305277,97.87014492,0.9172181864293270901720901555
1723852800000,2024-08-17 08:00,572.45305277,10572.45305277,97.87014492,0.9172181864293270901720901555
1723867200000,2024-08-17 12:00,572.45305277,10572.45305277,97.87014492,0.9172181864293270901720901555
1723881600000,2024-08-17 16:00,572.45305277,10572.45305277,97.87014492,0.9172181864293270901720901555
1723896000000,2024-08-17 20:00,572.45305277,10572.45305277,97.87014492,0.9172181864293270901720901555
1723910400000,2024-08-18 00:00,572.45305277,10572.45305277,97.87014492,0.9172181864293270901720901555
1723924800000,2024-08-18 04:00,572.45305277,10572.45305277,97.87014492,0.9172181864293270901720901555
1723939200000,2024-08-18 08:00,572.45305277,10572.45305277,97.87014492,0.9172181864293270901720901555
1723953600000,2024-08-18 12:00,572.45305277,10572.45305277,97.87014492,0.9172181864293270901720901555
1723968000000,2024-08-18 16:00,572.45305277,10572.45305277,97.87014492,0.9172181864293270901720901555
1723982400000,2024-08-18 20:00,572.45305277,10572.45305277,97.87014492,0.9172181864293270901720901555
1723996800000,2024-08-19 00:00,572.45305277,10572.45305277,97.87014492,0.9172181864293270901720901555
1724011200000,2024-08-19 04:00,572.45305277,10572.45305277,97.87014492,0.9172181864293270901720901555
1724025600000,2024-08-19 08:00,572.45305277,10572.45305277,97.87014492,0.9172181864293270901720901555
1724040000000,2024-08-19 12:00,572.45305277,10572.45305277,97.87014492,0.9172181864293270901720901555
1724054400000,2024-08-19 16:00,572.45305277,10572.45305277,97.87014492,0.9172181864293270901720901555
1724068800000,2024-08-19 20:00,572.45305277,10572.45305277,97.87014492,0.9172181864293270901720901555
1724083200000,2024-08-20 00:00,572.45305277,10572.45305277,97.87014492,0.9172181864293270901720901555
1724097600000,2024-08-20 04:00,572.45305277,10572.45305277,97.87014492,0.9172181864293270901720901555
1724112000000,2024-08-20 08:00,572.45305277,10572.45305277,97.87014492,0.9172181864293270901720901555
1724126400000,2024-08-20 12:00,572.45305277,10572.45305277,97.87014492,0.9172181864293270901720901555
1724140800000,2024-08-20 16:00,572.45305277,10572.45305277,97.87014492,0.9172181864293270901720901555
1724155200000,2024-08-20 20:00,572.45305277,10572.45305277,97.87014492,0.9172181864293270901720901555
1724169600000,2024-08-21 00:00,572.45305277,10572.45305277,97.87014492,0.9172181864293270901720901555
1724184000000,2024-08-21 04:00,572.45305277,10572.45305277,97.87014492,0.9172181864293270901720901555
1724198400000,2024-08-21 08:00,572.45305277,10572.45305277,97.87014492,0.9172181864293270901720901555
1724212800000,2024-08-21 12:00,572.45305277,10572.45305277,97.87014492,0.9172181864293270901720901555
1724227200000,2024-08-21 16:00,572.45305277,10572.45305277,97.87014492,0.9172181864293270901720901555
1724241600000,2024-08-21 20:00,572.45305277,10572.45305277,97.87014492,0.9172181864293270901720901555
1724256000000,2024-08-22 00:00,572.45305277,10572.45305277,97.87014492,0.9172181864293270901720901555
1724270400000,2024-08-22 04:00,572.45305277,10572.45305277,97.87014492,0.9172181864293270901720901555
1724284800000,2024-08-22 08:00,572.45305277,10572.45305277,97.87014492,0.9172181864293270901720901555
1724299200000,2024-08-22 12:00,572.45305277,10572.45305277,97.87014492,0.9172181864293270901720901555
1724313600000,2024-08-22 16:00,572.45305277,10572.45305277,97.87014492,0.9172181864293270901720901555
1724328000000,2024-08-22 20:00,572.45305277,10572.45305277,97.87014492,0.9172181864293270901720901555
1724342400000,2024-08-23 00:00,572.45305277,10572.45305277,97.87014492,0.9172181864293270901720901555
1724356800000,2024-08-23 04:00,572.45305277,10572.45305277,97.87014492,0.9172181864293270901720901555
1724371200000,2024-08-23 08:00,572.45305277,10572.45305277,97.87014492,0.9172181864293270901720901555
1724385600000,2024-08-23 12:00,572.45305277,10572.45305277,97.87014492,0.9172181864293270901720901555
1724400000000,2024-08-23 16:00,572.45305277,10572.45305277,97.87014492,0.9172181864293270901720901555
1724414400000,2024-08-23 20:00,572.45305277,10572.45305277,97.87014492,0.9172181864293270901720901555
1724428800000,2024-08-24 00:00,572.45305277,10572.45305277,97.87014492,0.9172181864293270901720901555
1724443200000,2024-08-24 04:00,572.45305277,10572.45305277,97.87014492,0.9172181864293270901720901555
1724457600000,2024-08-24 08:00,572.45305277,10572.45305277,97.87014492,0.9172181864293270901720901555
1724472000000,2024-08-24 12:00,572.45305277,10572.45305277,97.87014492,0.9172181864293270901720901555
1724486400000,2024-08-24 16:00,572.45305277,10572.45305277,97.87014492,0.9172181864293270901720901555
1724500800000,2024-08-24 20:00,572.45305277,10572.45305277,97.87014492,0.9172181864293270901720901555
1724515200000,2024-08-25 00:00,572.45305277,10572.45305277,97.87014492,0.9172181864293270901720901555
1724529600000,2024-08-25 04:00,572.45305277,10572.45305277,97.87014492,0.9172181864293270901720901555
1724544000000,2024-08-25 08:00,572.45305277,10572.45305277,97.87014492,0.9172181864293270901720901555
1724558400000,2024-08-25 12:00,572.45305277,10572.45305277,97.87014492,0.9172181864293270901720901555
1724572800000,2024-08-25 16:00,572.45305277,10572.45305277,97.87014492,0.9172181864293270901720901555
1724587200000,2024-08-25 20:00,572.45305277,10572.45305277,97.87014492,0.9172181864293270901720901555
1724601600000,2024-08-26 00:00,572.45305277,10572.45305277,97.87014492,0.9172181864293270901720901555
1724616000000,2024-08-26 04:00,572.45305277,10572.45305277,97.87014492,0.9172181864293270901720901555
1724630400000,2024-08-26 08:00,572.45305277,10572.45305277,97.87014492,0.9172181864293270901720901555
1724644800000,2024-08-26 12:00,572.45305277,10572.45305277,97.87014492,0.9172181864293270901720901555
1724659200000,2024-08-26 16:00,572.45305277,10572.45305277,97.87014492,0.9172181864293270901720901555
1724673600000,2024-08-26 20:00,572.45305277,10572.45305277,97.87014492,0.9172181864293270901720901555
1724688000000,2024-08-27 00:00,572.45305277,10572.45305277,97.87014492,0.9172181864293270901720901555
1724702400000,2024-08-27 04:00,572.45305277,10572.45305277,97.87014492,0.9172181864293270901720901555
1724716800000,2024-08-27 08:00,572.45305277,10572.45305277,97.87014492,0.9172181864293270901720901555
1724731200000,2024-08-27 12:00,572.45305277,10572.45305277,97.87014492,0.9172181864293270901720901555
1724745600000,2024-08-27 16:00,572.45305277,10572.45305277,97.87014492,0.9172181864293270901720901555
1724760000000,2024-08-27 20:00,572.45305277,10572.45305277,97.87014492,0.9172181864293270901720901555
1724774400000,2024-08-28 00:00,572.45305277,10572.45305277,97.87014492,0.9172181864293270901720901555
1724788800000,2024-08-28 04:00,572.45305277,10572.45305277,97.87014492,0.9172181864293270901720901555
1724803200000,2024-08-28 08:00,572.45305277,10572.45305277,97.87014492,0.9172181864293270901720901555
1724817600000,2024-08-28 12:00,572.45305277,10572.45305277,97.87014492,0.9172181864293270901720901555
1724832000000,2024-08-28 16:00,572.45305277,10572.45305277,97.87014492,0.9172181864293270901720901555
1724846400000,2024-08-28 20:00,572.45305277,10572.45305277,97.87014492,0.9172181864293270901720901555
1724860800000,2024-08-29 00:00,572.45305277,10572.45305277,97.87014492,0.9172181864293270901720901555
1724875200000,2024-08-29 04:00,572.45305277,10572.45305277,97.87014492,0.9172181864293270901720901555
1724889600000,2024-08-29 08:00,572.45305277,10572.45305277,97.87014492,0.9172181864293270901720901555
1724904000000,2024-08-29 12:00,572.45305277,10572.45305277,97.87014492,0.9172181864293270901720901555
1724918400000,2024-08-29 16:00,572.45305277,10572.45305277,97.87014492,0.9172181864293270901720901555
1724932800000,2024-08-29 20:00,572.45305277,10572.45305277,97.87014492,0.9172181864293270901720901555
1724947200000,2024-08-30 00:00,572.45305277,10572.45305277,97.87014492,0.9172181864293270901720901555
1724961600000,2024-08-30 04:00,572.45305277,10572.45305277,97.87014492,0.9172181864293270901720901555
1724976000000,2024-08-30 08:00,572.45305277,10572.45305277,97.87014492,0.9172181864293270901720901555
1724990400000,2024-08-30 12:00,572.45305277,10572.45305277,97.87014492,0.9172181864293270901720901555
1725004800000,2024-08-30 16:00,572.45305277,10572.45305277,97.87014492,0.9172181864293270901720901555
1725019200000,2024-08-30 20:00,572.45305277,10572.45305277,97.87014492,0.9172181864293270901720901555
1725033600000,2024-08-31 00:00,572.45305277,10572.45305277,97.87014492,0.9172181864293270901720901555
1725048000000,2024-08-31 04:00,572.45305277,10572.45305277,97.87014492,0.9172181864293270901720901555
1725062400000,2024-08-31 08:00,572.45305277,10572.45305277,97.87014492,0.9172181864293270901720901555
1725076800000,2024-08-31 12:00,572.45305277,10572.45305277,97.87014492,0.9172181864293270901720901555
1725091200000,2024-08-31 16:00,572.45305277,10572.45305277,97.87014492,0.9172181864293270901720901555
1725105600000,2024-08-31 20:00,572.45305277,10572.45305277,97.87014492,0.9172181864293270901720901555
1725120000000,2024-09-01 00:00,572.45305277,10572.45305277,97.87014492,0.9172181864293270901720901555
1725134400000,2024-09-01 04:00,572.45305277,10572.45305277,97.87014492,0.9172181864293270901720901555
1725148800000,2024-09-01 08:00,572.45305277,10572.45305277,97.87014492,0.9172181864293270901720901555
1725163200000,2024-09-01 12:00,572.45305277,10572.45305277,97.87014492,0.9172181864293270901720901555
1725177600000,2024-09-01 16:00,572.45305277,10572.45305277,97.87014492,0.9172181864293270901720901555
1725192000000,2024-09-01 20:00,572.45305277,10572.45305277,97.87014492,0.9172181864293270901720901555
1725206400000,2024-09-02 00:00,664.31078923,10664.31078923,6.01240846,0.05634701356845138499114278931
1725220800000,2024-09-02 04:00,664.31078923,10664.31078923,6.01240846,0.05634701356845138499114278931
1725235200000,2024-09-02 08:00,664.31078923,10664.31078923,6.01240846,0.05634701356845138499114278931
1725249600000,2024-09-02 12:00,664.31078923,10664.31078923,6.01240846,0.05634701356845138499114278931
1725264000000,2024-09-02 16:00,664.31078923,10664.31078923,6.01240846,0.05634701356845138499114278931
1725278400000,2024-09-02 20:00,664.31078923,10664.31078923,6.01240846,0.05634701356845138499114278931
1725292800000,2024-09-03 00:00,664.31078923,10664.31078923,6.01240846,0.05634701356845138499114278931
1725307200000,2024-09-03 04:00,664.31078923,10664.31078923,6.01240846,0.05634701356845138499114278931
1725321600000,2024-09-03 08:00,664.31078923,10664.31078923,6.01240846,0.05634701356845138499114278931
1725336000000,2024-09-03 12:00,664.31078923,10664.31078923,6.01240846,0.05634701356845138499114278931
1725350400000,2024-09-03 16:00,664.31078923,10664.31078923,6.01240846,0.05634701356845138499114278931
1725364800000,2024-09-03 20:00,664.31078923,10664.31078923,6.01240846,0.05634701356845138499114278931
1725379200000,2024-09-04 00:00,664.31078923,10664.31078923,6.01240846,0.05634701356845138499114278931
1725393600000,2024-09-04 04:00,664.31078923,10664.31078923,6.01240846,0.05634701356845138499114278931
1725408000000,2024-09-04 08:00,664.31078923,10664.31078923,6.01240846,0.05634701356845138499114278931
1725422400000,2024-09-04 12:00,664.31078923,10664.31078923,6.01240846,0.05634701356845138499114278931
1725436800000,2024-09-04 16:00,664.31078923,10664.31078923,6.01240846,0.05634701356845138499114278931
1725451200000,2024-09-04 20:00,664.31078923,10664.31078923,6.01240846,0.05634701356845138499114278931
1725465600000,2024-09-05 00:00,664.31078923,10664.31078923,6.01240846,0.05634701356845138499114278931
1725480000000,2024-09-05 04:00,664.31078923,10664.31078923,6.01240846,0.05634701356845138499114278931
1725494400000,2024-09-05 08:00,664.31078923,10664.31078923,6.01240846,0.05634701356845138499114278931
1725508800000,2024-09-05 12:00,664.31078923,10664.31078923,6.01240846,0.05634701356845138499114278931
1725523200000,2024-09-05 16:00,664.31078923,10664.31078923,6.01240846,0.05634701356845138499114278931
1725537600000,2024-09-05 20:00,664.31078923,10664.31078923,6.01240846,0.05634701356845138499114278931
1725552000000,2024-09-06 00:00,664.31078923,10664.31078923,6.01240846,0.05634701356845138499114278931
1725566400000,2024-09-06 04:00,664.31078923,10664.31078923,6.01240846,0.05634701356845138499114278931
1725580800000,2024-09-06 08:00,664.31078923,10664.31078923,6.01240846,0.05634701356845138499114278931
1725595200000,2024-09-06 12:00,664.31078923,10664.31078923,6.01240846,0.05634701356845138499114278931
1725609600000,2024-09-06 16:00,664.31078923,10664.31078923,6.01240846,0.05634701356845138499114278931
1725624000000,2024-09-06 20:00,664.31078923,10664.31078923,6.01240846,0.05634701356845138499114278931
1725638400000,2024-09-07 00:00,664.31078923,10664.31078923,6.01240846,0.05634701356845138499114278931
1725652800000,2024-09-07 04:00,664.31078923,10664.31078923,6.01240846,0.05634701356845138499114278931
1725667200000,2024-09-07 08:00,664.31078923,10664.31078923,6.01240846,0.05634701356845138499114278931
1725681600000,2024-09-07 12:00,664.31078923,10664.31078923,6.01240846,0.05634701356845138499114278931
1725696000000,2024-09-07 16:00,664.31078923,10664.31078923,6.01240846,0.05634701356845138499114278931
1725710400000,2024-09-07 20:00,664.31078923,10664.31078923,6.01240846,0.05634701356845138499114278931
1725724800000,2024-09-08 00:00,664.31078923,10664.31078923,6.01240846,0.05634701356845138499114278931
1725739200000,2024-09-08 04:00,664.31078923,10664.31078923,6.01240846,0.05634701356845138499114278931
1725753600000,2024-09-08 08:00,664.31078923,10664.31078923,6.01240846,0.05634701356845138499114278931
1725768000000,2024-09-08 12:00,664.31078923,10664.31078923,6.01240846,0.05634701356845138499114278931
1725782400000,2024-09-08 16:00,664.31078923,10664.31078923,6.01240846,0.05634701356845138499114278931
1725796800000,2024-09-08 20:00,664.31078923,10664.31078923,6.01240846,0.05634701356845138499114278931
1725811200000,2024-09-09 00:00,664.31078923,10664.31078923,6.01240846,0.05634701356845138499114278931
1725825600000,2024-09-09 04:00,664.31078923,10664.31078923,6.01240846,0.05634701356845138499114278931
1725840000000,2024-09-09 08:00,664.31078923,10664.31078923,6.01240846,0.05634701356845138499114278931
1725854400000,2024-09-09 12:00,664.31078923,10664.31078923,6.01240846,0.05634701356845138499114278931
1725868800000,2024-09-09 16:00,664.31078923,10664.31078923,6.01240846,0.05634701356845138499114278931
1725883200000,2024-09-09 20:00,664.31078923,10664.31078923,6.01240846,0.05634701356845138499114278931
1725897600000,2024-09-10 00:00,664.31078923,10664.31078923,6.01240846,0.05634701356845138499114278931
1725912000000,2024-09-10 04:00,664.31078923,10664.31078923,6.01240846,0.05634701356845138499114278931
1725926400000,2024-09-10 08:00,664.31078923,10664.31078923,6.01240846,0.05634701356845138499114278931
1725940800000,2024-09-10 12:00,664.31078923,10664.31078923,6.01240846,0.05634701356845138499114278931
1725955200000,2024-09-10 16:00,664.31078923,10664.31078923,6.01240846,0.05634701356845138499114278931
1725969600000,2024-09-10 20:00,664.31078923,10664.31078923,6.01240846,0.05634701356845138499114278931
1725984000000,2024-09-11 00:00,664.31078923,10664.31078923,6.01240846,0.05634701356845138499114278931
1725998400000,2024-09-11 04:00,664.31078923,10664.31078923,6.01240846,0.05634701356845138499114278931
1726012800000,2024-09-11 08:00,664.31078923,10664.31078923,6.01240846,0.05634701356845138499114278931
1726027200000,2024-09-11 12:00,664.31078923,10664.31078923,6.01240846,0.05634701356845138499114278931
1726041600000,2024-09-11 16:00,664.31078923,10664.31078923,6.01240846,0.05634701356845138499114278931
1726056000000,2024-09-11 20:00,664.31078923,10664.31078923,6.01240846,0.05634701356845138499114278931
1726070400000,2024-09-12 00:00,664.31078923,10664.31078923,6.01240846,0.05634701356845138499114278931
1726084800000,2024-09-12 04:00,664.31078923,10664.31078923,6.01240846,0.05634701356845138499114278931
1726099200000,2024-09-12 08:00,664.31078923,10664.31078923,6.01240846,0.05634701356845138499114278931
1726113600000,2024-09-12 12:00,664.31078923,10664.31078923,6.01240846,0.05634701356845138499114278931
1726128000000,2024-09-12 16:00,664.31078923,10664.31078923,6.01240846,0.05634701356845138499114278931
1726142400000,2024-09-12 20:00,664.31078923,10664.31078923,6.01240846,0.05634701356845138499114278931
1726156800000,2024-09-13 00:00,664.31078923,10664.31078923,6.01240846,0.05634701356845138499114278931
1726171200000,2024-09-13 04:00,664.31078923,10664.31078923,6.01240846,0.05634701356845138499114278931
1726185600000,2024-09-13 08:00,664.31078923,10664.31078923,6.01240846,0.05634701356845138499114278931
1726200000000,2024-09-13 12:00,664.31078923,10664.31078923,6.01240846,0.05634701356845138499114278931
1726214400000,2024-09-13 16:00,664.31078923,10664.31078923,6.01240846,0.05634701356845138499114278931
1726228800000,2024-09-13 20:00,664.31078923,10664.31078923,6.01240846,0.05634701356845138499114278931
1726243200000,2024-09-14 00:00,664.31078923,10664.31078923,6.01240846,0.05634701356845138499114278931
1726257600000,2024-09-14 04:00,664.31078923,10664.31078923,6.01240846,0.05634701356845138499114278931
1726272000000,2024-09-14 08:00,664.31078923,10664.31078923,6.01240846,0.05634701356845138499114278931
1726286400000,2024-09-14 12:00,664.31078923,10664.31078923,6.01240846,0.05634701356845138499114278931
1726300800000,2024-09-14 16:00,664.31078923,10664.31078923,6.01240846,0.05634701356845138499114278931
1726315200000,2024-09-14 20:00,664.31078923,10664.31078923,6.01240846,0.05634701356845138499114278931
1726329600000,2024-09-15 00:00,664.31078923,10664.31078923,6.01240846,0.05634701356845138499114278931
1726344000000,2024-09-15 04:00,664.31078923,10664.31078923,6.01240846,0.05634701356845138499114278931
1726358400000,2024-09-15 08:00,664.31078923,10664.31078923,6.01240846,0.05634701356845138499114278931
1726372800000,2024-09-15 12:00,664.31078923,10664.31078923,6.01240846,0.05634701356845138499114278931
1726387200000,2024-09-15 16:00,664.31078923,10664.31078923,6.01240846,0.05634701356845138499114278931
1726401600000,2024-09-15 20:00,664.31078923,10664.31078923,6.01240846,0.05634701356845138499114278931
1726416000000,2024-09-16 00:00,664.31078923,10664.31078923,6.01240846,0.05634701356845138499114278931
1726430400000,2024-09-16 04:00,664.31078923,10664.31078923,6.01240846,0.05634701356845138499114278931
1726444800000,2024-09-16 08:00,664.31078923,10664.31078923,6.01240846,0.05634701356845138499114278931
1726459200000,2024-09-16 12:00,664.31078923,10664.31078923,6.01240846,0.05634701356845138499114278931
1726473600000,2024-09-16 16:00,664.31078923,10664.31078923,6.01240846,0.05634701356845138499114278931
1726488000000,2024-09-16 20:00,664.31078923,10664.31078923,6.01240846,0.05634701356845138499114278931
1726502400000,2024-09-17 00:00,664.31078923,10664.31078923,6.01240846,0.05634701356845138499114278931
1726516800000,2024-09-17 04:00,664.31078923,10664.31078923,6.01240846,0.05634701356845138499114278931
1726531200000,2024-09-17 08:00,664.31078923,10664.31078923,6.01240846,0.05634701356845138499114278931
1726545600000,2024-09-17 12:00,664.31078923,10664.31078923,6.01240846,0.05634701356845138499114278931
1726560000000,2024-09-17 16:00,664.31078923,10664.31078923,6.01240846,0.05634701356845138499114278931
1726574400000,2024-09-17 20:00,664.31078923,10664.31078923,6.01240846,0.05634701356845138499114278931
1726588800000,2024-09-18 00:00,664.31078923,10664.31078923,6.01240846,0.05634701356845138499114278931
1726603200000,2024-09-18 04:00,664.31078923,10664.31078923,6.01240846,0.05634701356845138499114278931
1726617600000,2024-09-18 08:00,664.31078923,10664.31078923,6.01240846,0.05634701356845138499114278931
1726632000000,2024-09-18 12:00,664.31078923,10664.31078923,6.01240846,0.05634701356845138499114278931
1726646400000,2024-09-18 16:00,664.31078923,10664.31078923,6.01240846,0.05634701356845138499114278931
1726660800000,2024-09-18 20:00,664.31078923,10664.31078923,6.01240846,0.05634701356845138499114278931
1726675200000,2024-09-19 00:00,664.31078923,10664.31078923,6.01240846,0.05634701356845138499114278931
1726689600000,2024-09-19 04:00,664.31078923,10664.31078923,6.01240846,0.05634701356845138499114278931
1726704000000,2024-09-19 08:00,664.31078923,10664.31078923,6.01240846,0.05634701356845138499114278931
1726718400000,2024-09-19 12:00,664.31078923,10664.31078923,6.01240846,0.05634701356845138499114278931
1726732800000,2024-09-19 16:00,664.31078923,10664.31078923,6.01240846,0.05634701356845138499114278931
1726747200000,2024-09-19 20:00,664.31078923,10664.31078923,6.01240846,0.05634701356845138499114278931
1726761600000,2024-09-20 00:00,664.31078923,10664.31078923,6.01240846,0.05634701356845138499114278931
1726776000000,2024-09-20 04:00,664.31078923,10664.31078923,6.01240846,0.05634701356845138499114278931
1726790400000,2024-09-20 08:00,664.31078923,10664.31078923,6.01240846,0.05634701356845138499114278931
1726804800000,2024-09-20 12:00,664.31078923,10664.31078923,6.01240846,0.05634701356845138499114278931
1726819200000,2024-09-20 16:00,664.31078923,10664.31078923,6.01240846,0.05634701356845138499114278931
1726833600000,2024-09-20 20:00,664.31078923,10664.31078923,6.01240846,0.05634701356845138499114278931
1726848000000,2024-09-21 00:00,664.31078923,10664.31078923,6.01240846,0.05634701356845138499114278931
1726862400000,2024-09-21 04:00,664.31078923,10664.31078923,6.01240846,0.05634701356845138499114278931
1726876800000,2024-09-21 08:00,664.31078923,10664.31078923,6.01240846,0.05634701356845138499114278931
1726891200000,2024-09-21 12:00,664.31078923,10664.31078923,6.01240846,0.05634701356845138499114278931
1726905600000,2024-09-21 16:00,664.31078923,10664.31078923,6.01240846,0.05634701356845138499114278931
1726920000000,2024-09-21 20:00,664.31078923,10664.31078923,6.01240846,0.05634701356845138499114278931
1726934400000,2024-09-22 00:00,664.31078923,10664.31078923,6.01240846,0.05634701356845138499114278931
1726948800000,2024-09-22 04:00,664.31078923,10664.31078923,6.01240846,0.05634701356845138499114278931
1726963200000,2024-09-22 08:00,664.31078923,10664.31078923,6.01240846,0.05634701356845138499114278931
1726977600000,2024-09-22 12:00,664.31078923,10664.31078923,6.01240846,0.05634701356845138499114278931
1726992000000,2024-09-22 16:00,664.31078923,10664.31078923,6.01240846,0.05634701356845138499114278931
1727006400000,2024-09-22 20:00,664.31078923,10664.31078923,6.01240846,0.05634701356845138499114278931
1727020800000,2024-09-23 00:00,664.31078923,10664.31078923,6.01240846,0.05634701356845138499114278931
1727035200000,2024-09-23 04:00,664.31078923,10664.31078923,6.01240846,0.05634701356845138499114278931
1727049600000,2024-09-23 08:00,664.31078923,10664.31078923,6.01240846,0.05634701356845138499114278931
1727064000000,2024-09-23 12:00,664.31078923,10664.31078923,6.01240846,0.05634701356845138499114278931
1727078400000,2024-09-23 16:00,664.31078923,10664.31078923,6.01240846,0.05634701356845138499114278931
1727092800000,2024-09-23 20:00,664.31078923,10664.31078923,6.01240846,0.05634701356845138499114278931
1727107200000,2024-09-24 00:00,664.31078923,10664.31078923,6.01240846,0.05634701356845138499114278931
1727121600000,2024-09-24 04:00,664.31078923,10664.31078923,6.01240846,0.05634701356845138499114278931
1727136000000,2024-09-24 08:00,664.31078923,10664.31078923,6.01240846,0.05634701356845138499114278931
1727150400000,2024-09-24 12:00,664.31078923,10664.31078923,6.01240846,0.05634701356845138499114278931
1727164800000,2024-09-24 16:00,664.31078923,10664.31078923,6.01240846,0.05634701356845138499114278931
1727179200000,2024-09-24 20:00,664.31078923,10664.31078923,6.01240846,0.05634701356845138499114278931
1727193600000,2024-09-25 00:00,664.31078923,10664.31078923,6.01240846,0.05634701356845138499114278931
1727208000000,2024-09-25 04:00,664.31078923,10664.31078923,6.01240846,0.05634701356845138499114278931
1727222400000,2024-09-25 08:00,664.31078923,10664.31078923,6.01240846,0.05634701356845138499114278931
1727236800000,2024-09-25 12:00,664.31078923,10664.31078923,6.01240846,0.05634701356845138499114278931
1727251200000,2024-09-25 16:00,664.31078923,10664.31078923,6.01240846,0.05634701356845138499114278931
1727265600000,2024-09-25 20:00,664.31078923,10664.31078923,6.01240846,0.05634701356845138499114278931
1727280000000,2024-09-26 00:00,664.31078923,10664.31078923,6.01240846,0.05634701356845138499114278931
1727294400000,2024-09-26 04:00,664.31078923,10664.31078923,6.01240846,0.05634701356845138499114278931
1727308800000,2024-09-26 08:00,664.31078923,10664.31078923,6.01240846,0.05634701356845138499114278931
1727323200000,2024-09-26 12:00,664.31078923,10664.31078923,6.01240846,0.05634701356845138499114278931
1727337600000,2024-09-26 16:00,664.31078923,10664.31078923,6.01240846,0.05634701356845138499114278931
1727352000000,2024-09-26 20:00,664.31078923,10664.31078923,6.01240846,0.05634701356845138499114278931
1727366400000,2024-09-27 00:00,664.31078923,10664.31078923,6.01240846,0.05634701356845138499114278931
1727380800000,2024-09-27 04:00,664.31078923,10664.31078923,6.01240846,0.05634701356845138499114278931
1727395200000,2024-09-27 08:00,664.31078923,10664.31078923,6.01240846,0.05634701356845138499114278931
1727409600000,2024-09-27 12:00,664.31078923,10664.31078923,6.01240846,0.05634701356845138499114278931
1727424000000,2024-09-27 16:00,664.31078923,10664.31078923,6.01240846,0.05634701356845138499114278931
1727438400000,2024-09-27 20:00,664.31078923,10664.31078923,6.01240846,0.05634701356845138499114278931
1727452800000,2024-09-28 00:00,664.31078923,10664.31078923,6.01240846,0.05634701356845138499114278931
1727467200000,2024-09-28 04:00,664.31078923,10664.31078923,6.01240846,0.05634701356845138499114278931
1727481600000,2024-09-28 08:00,664.31078923,10664.31078923,6.01240846,0.05634701356845138499114278931
1727496000000,2024-09-28 12:00,664.31078923,10664.31078923,6.01240846,0.05634701356845138499114278931
1727510400000,2024-09-28 16:00,664.31078923,10664.31078923,6.01240846,0.05634701356845138499114278931
1727524800000,2024-09-28 20:00,664.31078923,10664.31078923,6.01240846,0.05634701356845138499114278931
1727539200000,2024-09-29 00:00,664.31078923,10664.31078923,6.01240846,0.05634701356845138499114278931
1727553600000,2024-09-29 04:00,664.31078923,10664.31078923,6.01240846,0.05634701356845138499114278931
1727568000000,2024-09-29 08:00,664.31078923,10664.31078923,6.01240846,0.05634701356845138499114278931
1727582400000,2024-09-29 12:00,664.31078923,10664.31078923,6.01240846,0.05634701356845138499114278931
1727596800000,2024-09-29 16:00,664.31078923,10664.31078923,6.01240846,0.05634701356845138499114278931
1727611200000,2024-09-29 20:00,664.31078923,10664.31078923,6.01240846,0.05634701356845138499114278931
1727625600000,2024-09-30 00:00,664.31078923,10664.31078923,6.01240846,0.05634701356845138499114278931
1727640000000,2024-09-30 04:00,664.31078923,10664.31078923,6.01240846,0.05634701356845138499114278931
1727654400000,2024-09-30 08:00,664.31078923,10664.31078923,6.01240846,0.05634701356845138499114278931
1727668800000,2024-09-30 12:00,664.31078923,10664.31078923,6.01240846,0.05634701356845138499114278931
1727683200000,2024-09-30 16:00,664.31078923,10664.31078923,6.01240846,0.05634701356845138499114278931
1727697600000,2024-09-30 20:00,664.31078923,10664.31078923,6.01240846,0.05634701356845138499114278931
1727712000000,2024-10-01 00:00,664.31078923,10664.31078923,6.01240846,0.05634701356845138499114278931
1727726400000,2024-10-01 04:00,664.31078923,10664.31078923,6.01240846,0.05634701356845138499114278931
1727740800000,2024-10-01 08:00,664.31078923,10664.31078923,6.01240846,0.05634701356845138499114278931
1727755200000,2024-10-01 12:00,664.31078923,10664.31078923,6.01240846,0.05634701356845138499114278931
1727769600000,2024-10-01 16:00,664.31078923,10664.31078923,6.01240846,0.05634701356845138499114278931
1727784000000,2024-10-01 20:00,664.31078923,10664.31078923,6.01240846,0.05634701356845138499114278931
1727798400000,2024-10-02 00:00,664.31078923,10664.31078923,6.01240846,0.05634701356845138499114278931
1727812800000,2024-10-02 04:00,664.31078923,10664.31078923,6.01240846,0.05634701356845138499114278931
1727827200000,2024-10-02 08:00,664.31078923,10664.31078923,6.01240846,0.05634701356845138499114278931
1727841600000,2024-10-02 12:00,664.31078923,10664.31078923,6.01240846,0.05634701356845138499114278931
1727856000000,2024-10-02 16:00,664.31078923,10664.31078923,6.01240846,0.05634701356845138499114278931
1727870400000,2024-10-02 20:00,664.31078923,10664.31078923,6.01240846,0.05634701356845138499114278931
1727884800000,2024-10-03 00:00,664.31078923,10664.31078923,6.01240846,0.05634701356845138499114278931
1727899200000,2024-10-03 04:00,664.31078923,10664.31078923,6.01240846,0.05634701356845138499114278931
1727913600000,2024-10-03 08:00,664.31078923,10664.31078923,6.01240846,0.05634701356845138499114278931
1727928000000,2024-10-03 12:00,664.31078923,10664.31078923,6.01240846,0.05634701356845138499114278931
1727942400000,2024-10-03 16:00,664.31078923,10664.31078923,6.01240846,0.05634701356845138499114278931
1727956800000,2024-10-03 20:00,664.31078923,10664.31078923,6.01240846,0.05634701356845138499114278931
1727971200000,2024-10-04 00:00,664.31078923,10664.31078923,6.01240846,0.05634701356845138499114278931
1727985600000,2024-10-04 04:00,664.31078923,10664.31078923,6.01240846,0.05634701356845138499114278931
1728000000000,2024-10-04 08:00,664.31078923,10664.31078923,6.01240846,0.05634701356845138499114278931
1728014400000,2024-10-04 12:00,664.31078923,10664.31078923,6.01240846,0.05634701356845138499114278931
1728028800000,2024-10-04 16:00,664.31078923,10664.31078923,6.01240846,0.05634701356845138499114278931
1728043200000,2024-10-04 20:00,664.31078923,10664.31078923,6.01240846,0.05634701356845138499114278931
1728057600000,2024-10-05 00:00,664.31078923,10664.31078923,6.01240846,0.05634701356845138499114278931
1728072000000,2024-10-05 04:00,664.31078923,10664.31078923,6.01240846,0.05634701356845138499114278931
1728086400000,2024-10-05 08:00,664.31078923,10664.31078923,6.01240846,0.05634701356845138499114278931
1728100800000,2024-10-05 12:00,664.31078923,10664.31078923,6.01240846,0.05634701356845138499114278931
1728115200000,2024-10-05 16:00,664.31078923,10664.31078923,6.01240846,0.05634701356845138499114278931
1728129600000,2024-10-05 20:00,664.31078923,10664.31078923,6.01240846,0.05634701356845138499114278931
1728144000000,2024-10-06 00:00,664.31078923,10664.31078923,6.01240846,0.05634701356845138499114278931
1728158400000,2024-10-06 04:00,664.31078923,10664.31078923,6.01240846,0.05634701356845138499114278931
1728172800000,2024-10-06 08:00,664.31078923,10664.31078923,6.01240846,0.05634701356845138499114278931
1728187200000,2024-10-06 12:00,664.31078923,10664.31078923,6.01240846,0.05634701356845138499114278931
1728201600000,2024-10-06 16:00,664.31078923,10664.31078923,6.01240846,0.05634701356845138499114278931
1728216000000,2024-10-06 20:00,664.31078923,10664.31078923,6.01240846,0.05634701356845138499114278931
1728230400000,2024-10-07 00:00,664.31078923,10664.31078923,6.01240846,0.05634701356845138499114278931
1728244800000,2024-10-07 04:00,664.31078923,10664.31078923,6.01240846,0.05634701356845138499114278931
1728259200000,2024-10-07 08:00,664.31078923,10664.31078923,6.01240846,0.05634701356845138499114278931
1728273600000,2024-10-07 12:00,664.31078923,10664.31078923,6.01240846,0.05634701356845138499114278931
1728288000000,2024-10-07 16:00,664.31078923,10664.31078923,6.01240846,0.05634701356845138499114278931
1728302400000,2024-10-07 20:00,664.31078923,10664.31078923,6.01240846,0.05634701356845138499114278931
1728316800000,2024-10-08 00:00,664.31078923,10664.31078923,6.01240846,0.05634701356845138499114278931
1728331200000,2024-10-08 04:00,664.31078923,10664.31078923,6.01240846,0.05634701356845138499114278931
1728345600000,2024-10-08 08:00,664.31078923,10664.31078923,6.01240846,0.05634701356845138499114278931
1728360000000,2024-10-08 12:00,664.31078923,10664.31078923,6.01240846,0.05634701356845138499114278931
1728374400000,2024-10-08 16:00,664.31078923,10664.31078923,6.01240846,0.05634701356845138499114278931
1728388800000,2024-10-08 20:00,664.31078923,10664.31078923,6.01240846,0.05634701356845138499114278931
1728403200000,2024-10-09 00:00,664.31078923,10664.31078923,6.01240846,0.05634701356845138499114278931
1728417600000,2024-10-09 04:00,664.31078923,10664.31078923,6.01240846,0.05634701356845138499114278931
1728432000000,2024-10-09 08:00,664.31078923,10664.31078923,6.01240846,0.05634701356845138499114278931
1728446400000,2024-10-09 12:00,664.31078923,10664.31078923,6.01240846,0.05634701356845138499114278931
1728460800000,2024-10-09 16:00,664.31078923,10664.31078923,6.01240846,0.05634701356845138499114278931
1728475200000,2024-10-09 20:00,664.31078923,10664.31078923,6.01240846,0.05634701356845138499114278931
1728489600000,2024-10-10 00:00,664.31078923,10664.31078923,6.01240846,0.05634701356845138499114278931
1728504000000,2024-10-10 04:00,664.31078923,10664.31078923,6.01240846,0.05634701356845138499114278931
1728518400000,2024-10-10 08:00,664.31078923,10664.31078923,6.01240846,0.05634701356845138499114278931
1728532800000,2024-10-10 12:00,664.31078923,10664.31078923,6.01240846,0.05634701356845138499114278931
1728547200000,2024-10-10 16:00,664.31078923,10664.31078923,6.01240846,0.05634701356845138499114278931
1728561600000,2024-10-10 20:00,664.31078923,10664.31078923,6.01240846,0.05634701356845138499114278931
1728576000000,2024-10-11 00:00,664.31078923,10664.31078923,6.01240846,0.05634701356845138499114278931
1728590400000,2024-10-11 04:00,664.31078923,10664.31078923,6.01240846,0.05634701356845138499114278931
1728604800000,2024-10-11 08:00,664.31078923,10664.31078923,6.01240846,0.05634701356845138499114278931
1728619200000,2024-10-11 12:00,664.31078923,10664.31078923,6.01240846,0.05634701356845138499114278931
1728633600000,2024-10-11 16:00,664.31078923,10664.31078923,6.01240846,0.05634701356845138499114278931
1728648000000,2024-10-11 20:00,664.31078923,10664.31078923,6.01240846,0.05634701356845138499114278931
1728662400000,2024-10-12 00:00,664.31078923,10664.31078923,6.01240846,0.05634701356845138499114278931
1728676800000,2024-10-12 04:00,664.31078923,10664.31078923,6.01240846,0.05634701356845138499114278931
1728691200000,2024-10-12 08:00,664.31078923,10664.31078923,6.01240846,0.05634701356845138499114278931
1728705600000,2024-10-12 12:00,664.31078923,10664.31078923,6.01240846,0.05634701356845138499114278931
1728720000000,2024-10-12 16:00,664.31078923,10664.31078923,6.01240846,0.05634701356845138499114278931
1728734400000,2024-10-12 20:00,664.31078923,10664.31078923,6.01240846,0.05634701356845138499114278931
1728748800000,2024-10-13 00:00,664.31078923,10664.31078923,6.01240846,0.05634701356845138499114278931
1728763200000,2024-10-13 04:00,664.31078923,10664.31078923,6.01240846,0.05634701356845138499114278931
1728777600000,2024-10-13 08:00,664.31078923,10664.31078923,6.01240846,0.05634701356845138499114278931
1728792000000,2024-10-13 12:00,664.31078923,10664.31078923,6.01240846,0.05634701356845138499114278931
1728806400000,2024-10-13 16:00,664.31078923,10664.31078923,6.01240846,0.05634701356845138499114278931
1728820800000,2024-10-13 20:00,664.31078923,10664.31078923,6.01240846,0.05634701356845138499114278931
1728835200000,2024-10-14 00:00,664.31078923,10664.31078923,6.01240846,0.05634701356845138499114278931
1728849600000,2024-10-14 04:00,664.31078923,10664.31078923,6.01240846,0.05634701356845138499114278931
1728864000000,2024-10-14 08:00,664.31078923,10664.31078923,6.01240846,0.05634701356845138499114278931
1728878400000,2024-10-14 12:00,664.31078923,10664.31078923,6.01240846,0.05634701356845138499114278931
1728892800000,2024-10-14 16:00,664.31078923,10664.31078923,6.01240846,0.05634701356845138499114278931
1728907200000,2024-10-14 20:00,664.31078923,10664.31078923,6.01240846,0.05634701356845138499114278931
1728921600000,2024-10-15 00:00,664.31078923,10664.31078923,6.01240846,0.05634701356845138499114278931
1728936000000,2024-10-15 04:00,664.31078923,10664.31078923,6.01240846,0.05634701356845138499114278931
1728950400000,2024-10-15 08:00,664.31078923,10664.31078923,6.01240846,0.05634701356845138499114278931
1728964800000,2024-10-15 12:00,664.31078923,10664.31078923,6.01240846,0.05634701356845138499114278931
1728979200000,2024-10-15 16:00,664.31078923,10664.31078923,6.01240846,0.05634701356845138499114278931
1728993600000,2024-10-15 20:00,664.31078923,10664.31078923,6.01240846,0.05634701356845138499114278931
1729008000000,2024-10-16 00:00,664.31078923,10664.31078923,6.01240846,0.05634701356845138499114278931
1729022400000,2024-10-16 04:00,664.31078923,10664.31078923,6.01240846,0.05634701356845138499114278931
1729036800000,2024-10-16 08:00,664.31078923,10664.31078923,6.01240846,0.05634701356845138499114278931
1729051200000,2024-10-16 12:00,664.31078923,10664.31078923,6.01240846,0.05634701356845138499114278931
1729065600000,2024-10-16 16:00,664.31078923,10664.31078923,6.01240846,0.05634701356845138499114278931
1729080000000,2024-10-16 20:00,664.31078923,10664.31078923,6.01240846,0.05634701356845138499114278931
1729094400000,2024-10-17 00:00,664.31078923,10664.31078923,6.01240846,0.05634701356845138499114278931
1729108800000,2024-10-17 04:00,664.31078923,10664.31078923,6.01240846,0.05634701356845138499114278931
1729123200000,2024-10-17 08:00,664.31078923,10664.31078923,6.01240846,0.05634701356845138499114278931
1729137600000,2024-10-17 12:00,664.31078923,10664.31078923,6.01240846,0.05634701356845138499114278931
1729152000000,2024-10-17 16:00,664.31078923,10664.31078923,6.01240846,0.05634701356845138499114278931
1729166400000,2024-10-17 20:00,664.31078923,10664.31078923,6.01240846,0.05634701356845138499114278931
1729180800000,2024-10-18 00:00,664.31078923,10664.31078923,6.01240846,0.05634701356845138499114278931
1729195200000,2024-10-18 04:00,664.31078923,10664.31078923,6.01240846,0.05634701356845138499114278931
1729209600000,2024-10-18 08:00,664.31078923,10664.31078923,6.01240846,0.05634701356845138499114278931
1729224000000,2024-10-18 12:00,664.31078923,10664.31078923,6.01240846,0.05634701356845138499114278931
1729238400000,2024-10-18 16:00,664.31078923,10664.31078923,6.01240846,0.05634701356845138499114278931
1729252800000,2024-10-18 20:00,664.31078923,10664.31078923,6.01240846,0.05634701356845138499114278931
1729267200000,2024-10-19 00:00,664.31078923,10664.31078923,6.01240846,0.05634701356845138499114278931
1729281600000,2024-10-19 04:00,664.31078923,10664.31078923,6.01240846,0.05634701356845138499114278931
1729296000000,2024-10-19 08:00,664.31078923,10664.31078923,6.01240846,0.05634701356845138499114278931
1729310400000,2024-10-19 12:00,664.31078923,10664.31078923,6.01240846,0.05634701356845138499114278931
1729324800000,2024-10-19 16:00,664.31078923,10664.31078923,6.01240846,0.05634701356845138499114278931
1729339200000,2024-10-19 20:00,664.31078923,10664.31078923,6.01240846,0.05634701356845138499114278931
1729353600000,2024-10-20 00:00,664.31078923,10664.31078923,6.01240846,0.05634701356845138499114278931
1729368000000,2024-10-20 04:00,664.31078923,10664.31078923,6.01240846,0.05634701356845138499114278931
1729382400000,2024-10-20 08:00,664.31078923,10664.31078923,6.01240846,0.05634701356845138499114278931
1729396800000,2024-10-20 12:00,664.31078923,10664.31078923,6.01240846,0.05634701356845138499114278931
1729411200000,2024-10-20 16:00,664.31078923,10664.31078923,6.01240846,0.05634701356845138499114278931
1729425600000,2024-10-20 20:00,664.31078923,10664.31078923,6.01240846,0.05634701356845138499114278931
1729440000000,2024-10-21 00:00,664.31078923,10664.31078923,6.01240846,0.05634701356845138499114278931
1729454400000,2024-10-21 04:00,664.31078923,10664.31078923,6.01240846,0.05634701356845138499114278931
1729468800000,2024-10-21 08:00,664.31078923,10664.31078923,6.01240846,0.05634701356845138499114278931
1729483200000,2024-10-21 12:00,664.31078923,10664.31078923,6.01240846,0.05634701356845138499114278931
1729497600000,2024-10-21 16:00,664.31078923,10664.31078923,6.01240846,0.05634701356845138499114278931
1729512000000,2024-10-21 20:00,664.31078923,10664.31078923,6.01240846,0.05634701356845138499114278931
1729526400000,2024-10-22 00:00,664.31078923,10664.31078923,6.01240846,0.05634701356845138499114278931
1729540800000,2024-10-22 04:00,664.31078923,10664.31078923,6.01240846,0.05634701356845138499114278931
1729555200000,2024-10-22 08:00,664.31078923,10664.31078923,6.01240846,0.05634701356845138499114278931
1729569600000,2024-10-22 12:00,664.31078923,10664.31078923,6.01240846,0.05634701356845138499114278931
1729584000000,2024-10-22 16:00,664.31078923,10664.31078923,6.01240846,0.05634701356845138499114278931
1729598400000,2024-10-22 20:00,664.31078923,10664.31078923,6.01240846,0.05634701356845138499114278931
1729612800000,2024-10-23 00:00,664.31078923,10664.31078923,6.01240846,0.05634701356845138499114278931
1729627200000,2024-10-23 04:00,664.31078923,10664.31078923,6.01240846,0.05634701356845138499114278931
1729641600000,2024-10-23 08:00,664.31078923,10664.31078923,6.01240846,0.05634701356845138499114278931
1729656000000,2024-10-23 12:00,664.31078923,10664.31078923,6.01240846,0.05634701356845138499114278931
1729670400000,2024-10-23 16:00,664.31078923,10664.31078923,6.01240846,0.05634701356845138499114278931
1729684800000,2024-10-23 20:00,664.31078923,10664.31078923,6.01240846,0.05634701356845138499114278931
1729699200000,2024-10-24 00:00,664.31078923,10664.31078923,6.01240846,0.05634701356845138499114278931
1729713600000,2024-10-24 04:00,664.31078923,10664.31078923,6.01240846,0.05634701356845138499114278931
1729728000000,2024-10-24 08:00,664.31078923,10664.31078923,6.01240846,0.05634701356845138499114278931
1729742400000,2024-10-24 12:00,664.31078923,10664.31078923,6.01240846,0.05634701356845138499114278931
1729756800000,2024-10-24 16:00,664.31078923,10664.31078923,6.01240846,0.05634701356845138499114278931
1729771200000,2024-10-24 20:00,664.31078923,10664.31078923,6.01240846,0.05634701356845138499114278931
1729785600000,2024-10-25 00:00,664.31078923,10664.31078923,6.01240846,0.05634701356845138499114278931
1729800000000,2024-10-25 04:00,664.31078923,10664.31078923,6.01240846,0.05634701356845138499114278931
1729814400000,2024-10-25 08:00,664.31078923,10664.31078923,6.01240846,0.05634701356845138499114278931
1729828800000,2024-10-25 12:00,664.31078923,10664.31078923,6.01240846,0.05634701356845138499114278931
1729843200000,2024-10-25 16:00,664.31078923,10664.31078923,6.01240846,0.05634701356845138499114278931
1729857600000,2024-10-25 20:00,664.31078923,10664.31078923,6.01240846,0.05634701356845138499114278931
1729872000000,2024-10-26 00:00,664.31078923,10664.31078923,6.01240846,0.05634701356845138499114278931
1729886400000,2024-10-26 04:00,664.31078923,10664.31078923,6.01240846,0.05634701356845138499114278931
1729900800000,2024-10-26 08:00,664.31078923,10664.31078923,6.01240846,0.05634701356845138499114278931
1729915200000,2024-10-26 12:00,664.31078923,10664.31078923,6.01240846,0.05634701356845138499114278931
1729929600000,2024-10-26 16:00,664.31078923,10664.31078923,6.01240846,0.05634701356845138499114278931
1729944000000,2024-10-26 20:00,664.31078923,10664.31078923,6.01240846,0.05634701356845138499114278931
1729958400000,2024-10-27 00:00,664.31078923,10664.31078923,6.01240846,0.05634701356845138499114278931
1729972800000,2024-10-27 04:00,664.31078923,10664.31078923,6.01240846,0.05634701356845138499114278931
1729987200000,2024-10-27 08:00,664.31078923,10664.31078923,6.01240846,0.05634701356845138499114278931
1730001600000,2024-10-27 12:00,664.31078923,10664.31078923,6.01240846,0.05634701356845138499114278931
1730016000000,2024-10-27 16:00,664.31078923,10664.31078923,6.01240846,0.05634701356845138499114278931
1730030400000,2024-10-27 20:00,664.31078923,10664.31078923,6.01240846,0.05634701356845138499114278931
1730044800000,2024-10-28 00:00,664.31078923,10664.31078923,6.01240846,0.05634701356845138499114278931
1730059200000,2024-10-28 04:00,664.31078923,10664.31078923,6.01240846,0.05634701356845138499114278931
1730073600000,2024-10-28 08:00,664.31078923,10664.31078923,6.01240846,0.05634701356845138499114278931
1730088000000,2024-10-28 12:00,664.31078923,10664.31078923,6.01240846,0.05634701356845138499114278931
1730102400000,2024-10-28 16:00,664.31078923,10664.31078923,6.01240846,0.05634701356845138499114278931
1730116800000,2024-10-28 20:00,664.31078923,10664.31078923,6.01240846,0.05634701356845138499114278931
1730131200000,2024-10-29 00:00,664.31078923,10664.31078923,6.01240846,0.05634701356845138499114278931
1730145600000,2024-10-29 04:00,664.31078923,10664.31078923,6.01240846,0.05634701356845138499114278931
1730160000000,2024-10-29 08:00,664.31078923,10664.31078923,6.01240846,0.05634701356845138499114278931
1730174400000,2024-10-29 12:00,664.31078923,10664.31078923,6.01240846,0.05634701356845138499114278931
1730188800000,2024-10-29 16:00,664.31078923,10664.31078923,6.01240846,0.05634701356845138499114278931
1730203200000,2024-10-29 20:00,664.31078923,10664.31078923,6.01240846,0.05634701356845138499114278931
1730217600000,2024-10-30 00:00,664.31078923,10664.31078923,6.01240846,0.05634701356845138499114278931
1730232000000,2024-10-30 04:00,664.31078923,10664.31078923,6.01240846,0.05634701356845138499114278931
1730246400000,2024-10-30 08:00,664.31078923,10664.31078923,6.01240846,0.05634701356845138499114278931
1730260800000,2024-10-30 12:00,664.31078923,10664.31078923,6.01240846,0.05634701356845138499114278931
1730275200000,2024-10-30 16:00,664.31078923,10664.31078923,6.01240846,0.05634701356845138499114278931
1730289600000,2024-10-30 20:00,664.31078923,10664.31078923,6.01240846,0.05634701356845138499114278931
1730304000000,2024-10-31 00:00,664.31078923,10664.31078923,6.01240846,0.05634701356845138499114278931
1730318400000,2024-10-31 04:00,664.31078923,10664.31078923,6.01240846,0.05634701356845138499114278931
1730332800000,2024-10-31 08:00,664.31078923,10664.31078923,6.01240846,0.05634701356845138499114278931
1730347200000,2024-10-31 12:00,664.31078923,10664.31078923,6.01240846,0.05634701356845138499114278931
1730361600000,2024-10-31 16:00,664.31078923,10664.31078923,6.01240846,0.05634701356845138499114278931
1730376000000,2024-10-31 20:00,664.31078923,10664.31078923,6.01240846,0.05634701356845138499114278931
1730390400000,2024-11-01 00:00,664.31078923,10664.31078923,6.01240846,0.05634701356845138499114278931
1730404800000,2024-11-01 04:00,664.31078923,10664.31078923,6.01240846,0.05634701356845138499114278931
1730419200000,2024-11-01 08:00,664.31078923,10664.31078923,6.01240846,0.05634701356845138499114278931
1730433600000,2024-11-01 12:00,664.31078923,10664.31078923,6.01240846,0.05634701356845138499114278931
1730448000000,2024-11-01 16:00,664.31078923,10664.31078923,6.01240846,0.05634701356845138499114278931
1730462400000,2024-11-01 20:00,664.31078923,10664.31078923,6.01240846,0.05634701356845138499114278931
1730476800000,2024-11-02 00:00,664.31078923,10664.31078923,6.01240846,0.05634701356845138499114278931
1730491200000,2024-11-02 04:00,664.31078923,10664.31078923,6.01240846,0.05634701356845138499114278931
1730505600000,2024-11-02 08:00,664.31078923,10664.31078923,6.01240846,0.05634701356845138499114278931
1730520000000,2024-11-02 12:00,664.31078923,10664.31078923,6.01240846,0.05634701356845138499114278931
1730534400000,2024-11-02 16:00,664.31078923,10664.31078923,6.01240846,0.05634701356845138499114278931
1730548800000,2024-11-02 20:00,664.31078923,10664.31078923,6.01240846,0.05634701356845138499114278931
1730563200000,2024-11-03 00:00,664.31078923,10664.31078923,6.01240846,0.05634701356845138499114278931
1730577600000,2024-11-03 04:00,664.31078923,10664.31078923,6.01240846,0.05634701356845138499114278931
1730592000000,2024-11-03 08:00,664.31078923,10664.31078923,6.01240846,0.05634701356845138499114278931
1730606400000,2024-11-03 12:00,664.31078923,10664.31078923,6.01240846,0.05634701356845138499114278931
1730620800000,2024-11-03 16:00,664.31078923,10664.31078923,6.01240846,0.05634701356845138499114278931
1730635200000,2024-11-03 20:00,664.31078923,10664.31078923,6.01240846,0.05634701356845138499114278931
1730649600000,2024-11-04 00:00,664.31078923,10664.31078923,6.01240846,0.05634701356845138499114278931
1730664000000,2024-11-04 04:00,664.31078923,10664.31078923,6.01240846,0.05634701356845138499114278931
1730678400000,2024-11-04 08:00,664.31078923,10664.31078923,6.01240846,0.05634701356845138499114278931
1730692800000,2024-11-04 12:00,664.31078923,10664.31078923,6.01240846,0.05634701356845138499114278931
1730707200000,2024-11-04 16:00,664.31078923,10664.31078923,6.01240846,0.05634701356845138499114278931
1730721600000,2024-11-04 20:00,664.31078923,10664.31078923,6.01240846,0.05634701356845138499114278931
1730736000000,2024-11-05 00:00,664.31078923,10664.31078923,6.01240846,0.05634701356845138499114278931
1730750400000,2024-11-05 04:00,664.31078923,10664.31078923,6.01240846,0.05634701356845138499114278931
1730764800000,2024-11-05 08:00,664.31078923,10664.31078923,6.01240846,0.05634701356845138499114278931
1730779200000,2024-11-05 12:00,665.61953656,10665.61953656,4.70366113,0.04408171189245971054293668737
1730793600000,2024-11-05 16:00,665.61953656,10665.61953656,4.70366113,0.04408171189245971054293668737
1730808000000,2024-11-05 20:00,665.61953656,10665.61953656,4.70366113,0.04408171189245971054293668737
1730822400000,2024-11-06 00:00,665.61953656,10665.61953656,4.70366113,0.04408171189245971054293668737
1730836800000,2024-11-06 04:00,665.61953656,10665.61953656,4.70366113,0.04408171189245971054293668737
1730851200000,2024-11-06 08:00,665.61953656,10665.61953656,4.70366113,0.04408171189245971054293668737
1730865600000,2024-11-06 12:00,665.61953656,10665.61953656,4.70366113,0.04408171189245971054293668737
1730880000000,2024-11-06 16:00,665.61953656,10665.61953656,4.70366113,0.04408171189245971054293668737
1730894400000,2024-11-06 20:00,665.61953656,10665.61953656,4.70366113,0.04408171189245971054293668737
1730908800000,2024-11-07 00:00,665.61953656,10665.61953656,4.70366113,0.04408171189245971054293668737
1730923200000,2024-11-07 04:00,665.61953656,10665.61953656,4.70366113,0.04408171189245971054293668737
1730937600000,2024-11-07 08:00,665.61953656,10665.61953656,4.70366113,0.04408171189245971054293668737
1730952000000,2024-11-07 12:00,665.61953656,10665.61953656,4.70366113,0.04408171189245971054293668737
1730966400000,2024-11-07 16:00,665.61953656,10665.61953656,4.70366113,0.04408171189245971054293668737
1730980800000,2024-11-07 20:00,665.61953656,10665.61953656,4.70366113,0.04408171189245971054293668737
1730995200000,2024-11-08 00:00,665.61953656,10665.61953656,4.70366113,0.04408171189245971054293668737
1731009600000,2024-11-08 04:00,665.61953656,10665.61953656,4.70366113,0.04408171189245971054293668737
1731024000000,2024-11-08 08:00,665.61953656,10665.61953656,4.70366113,0.04408171189245971054293668737
1731038400000,2024-11-08 12:00,665.61953656,10665.61953656,4.70366113,0.04408171189245971054293668737
1731052800000,2024-11-08 16:00,665.61953656,10665.61953656,4.70366113,0.04408171189245971054293668737
1731067200000,2024-11-08 20:00,665.61953656,10665.61953656,4.70366113,0.04408171189245971054293668737
1731081600000,2024-11-09 00:00,665.61953656,10665.61953656,4.70366113,0.04408171189245971054293668737
1731096000000,2024-11-09 04:00,665.61953656,10665.61953656,4.70366113,0.04408171189245971054293668737
1731110400000,2024-11-09 08:00,665.61953656,10665.61953656,4.70366113,0.04408171189245971054293668737
1731124800000,2024-11-09 12:00,665.61953656,10665.61953656,4.70366113,0.04408171189245971054293668737
1731139200000,2024-11-09 16:00,665.61953656,10665.61953656,4.70366113,0.04408171189245971054293668737
1731153600000,2024-11-09 20:00,665.61953656,10665.61953656,4.70366113,0.04408171189245971054293668737
1731168000000,2024-11-10 00:00,665.61953656,10665.61953656,4.70366113,0.04408171189245971054293668737
1731182400000,2024-11-10 04:00,665.61953656,10665.61953656,4.70366113,0.04408171189245971054293668737
1731196800000,2024-11-10 08:00,665.61953656,10665.61953656,4.70366113,0.04408171189245971054293668737
1731211200000,2024-11-10 12:00,665.61953656,10665.61953656,4.70366113,0.04408171189245971054293668737
1731225600000,2024-11-10 16:00,665.61953656,10665.61953656,4.70366113,0.04408171189245971054293668737
1731240000000,2024-11-10 20:00,665.61953656,10665.61953656,4.70366113,0.04408171189245971054293668737
1731254400000,2024-11-11 00:00,665.61953656,10665.61953656,4.70366113,0.04408171189245971054293668737
1731268800000,2024-11-11 04:00,665.61953656,10665.61953656,4.70366113,0.04408171189245971054293668737
1731283200000,2024-11-11 08:00,665.61953656,10665.61953656,4.70366113,0.04408171189245971054293668737
1731297600000,2024-11-11 12:00,665.61953656,10665.61953656,4.70366113,0.04408171189245971054293668737
1731312000000,2024-11-11 16:00,665.61953656,10665.61953656,4.70366113,0.04408171189245971054293668737
1731326400000,2024-11-11 20:00,665.61953656,10665.61953656,4.70366113,0.04408171189245971054293668737
1731340800000,2024-11-12 00:00,665.61953656,10665.61953656,4.70366113,0.04408171189245971054293668737
1731355200000,2024-11-12 04:00,665.61953656,10665.61953656,4.70366113,0.04408171189245971054293668737
1731369600000,2024-11-12 08:00,665.61953656,10665.61953656,4.70366113,0.04408171189245971054293668737
1731384000000,2024-11-12 12:00,665.61953656,10665.61953656,4.70366113,0.04408171189245971054293668737
1731398400000,2024-11-12 16:00,665.61953656,10665.61953656,4.70366113,0.04408171189245971054293668737
1731412800000,2024-11-12 20:00,665.61953656,10665.61953656,4.70366113,0.04408171189245971054293668737
1731427200000,2024-11-13 00:00,665.61953656,10665.61953656,4.70366113,0.04408171189245971054293668737
1731441600000,2024-11-13 04:00,665.61953656,10665.61953656,4.70366113,0.04408171189245971054293668737
1731456000000,2024-11-13 08:00,665.61953656,10665.61953656,4.70366113,0.04408171189245971054293668737
1731470400000,2024-11-13 12:00,665.61953656,10665.61953656,4.70366113,0.04408171189245971054293668737
1731484800000,2024-11-13 16:00,665.61953656,10665.61953656,4.70366113,0.04408171189245971054293668737
1731499200000,2024-11-13 20:00,665.61953656,10665.61953656,4.70366113,0.04408171189245971054293668737
1731513600000,2024-11-14 00:00,665.61953656,10665.61953656,4.70366113,0.04408171189245971054293668737
1731528000000,2024-11-14 04:00,665.61953656,10665.61953656,4.70366113,0.04408171189245971054293668737
1731542400000,2024-11-14 08:00,665.61953656,10665.61953656,4.70366113,0.04408171189245971054293668737
1731556800000,2024-11-14 12:00,665.61953656,10665.61953656,4.70366113,0.04408171189245971054293668737
1731571200000,2024-11-14 16:00,665.61953656,10665.61953656,4.70366113,0.04408171189245971054293668737
1731585600000,2024-11-14 20:00,665.61953656,10665.61953656,4.70366113,0.04408171189245971054293668737
1731600000000,2024-11-15 00:00,665.61953656,10665.61953656,4.70366113,0.04408171189245971054293668737
1731614400000,2024-11-15 04:00,665.61953656,10665.61953656,4.70366113,0.04408171189245971054293668737
1731628800000,2024-11-15 08:00,665.61953656,10665.61953656,4.70366113,0.04408171189245971054293668737
1731643200000,2024-11-15 12:00,665.61953656,10665.61953656,4.70366113,0.04408171189245971054293668737
1731657600000,2024-11-15 16:00,665.61953656,10665.61953656,4.70366113,0.04408171189245971054293668737
1731672000000,2024-11-15 20:00,665.61953656,10665.61953656,4.70366113,0.04408171189245971054293668737
1731686400000,2024-11-16 00:00,665.61953656,10665.61953656,4.70366113,0.04408171189245971054293668737
1731700800000,2024-11-16 04:00,665.61953656,10665.61953656,4.70366113,0.04408171189245971054293668737
1731715200000,2024-11-16 08:00,665.61953656,10665.61953656,4.70366113,0.04408171189245971054293668737
1731729600000,2024-11-16 12:00,665.61953656,10665.61953656,4.70366113,0.04408171189245971054293668737
1731744000000,2024-11-16 16:00,665.61953656,10665.61953656,4.70366113,0.04408171189245971054293668737
1731758400000,2024-11-16 20:00,665.61953656,10665.61953656,4.70366113,0.04408171189245971054293668737
1731772800000,2024-11-17 00:00,665.61953656,10665.61953656,4.70366113,0.04408171189245971054293668737
1731787200000,2024-11-17 04:00,665.61953656,10665.61953656,4.70366113,0.04408171189245971054293668737
1731801600000,2024-11-17 08:00,665.61953656,10665.61953656,4.70366113,0.04408171189245971054293668737
1731816000000,2024-11-17 12:00,665.61953656,10665.61953656,4.70366113,0.04408171189245971054293668737
1731830400000,2024-11-17 16:00,665.61953656,10665.61953656,4.70366113,0.04408171189245971054293668737
1731844800000,2024-11-17 20:00,665.61953656,10665.61953656,4.70366113,0.04408171189245971054293668737
1731859200000,2024-11-18 00:00,665.61953656,10665.61953656,4.70366113,0.04408171189245971054293668737
1731873600000,2024-11-18 04:00,665.61953656,10665.61953656,4.70366113,0.04408171189245971054293668737
1731888000000,2024-11-18 08:00,665.61953656,10665.61953656,4.70366113,0.04408171189245971054293668737
1731902400000,2024-11-18 12:00,665.61953656,10665.61953656,4.70366113,0.04408171189245971054293668737
1731916800000,2024-11-18 16:00,665.61953656,10665.61953656,4.70366113,0.04408171189245971054293668737
1731931200000,2024-11-18 20:00,665.61953656,10665.61953656,4.70366113,0.04408171189245971054293668737
1731945600000,2024-11-19 00:00,665.61953656,10665.61953656,4.70366113,0.04408171189245971054293668737
1731960000000,2024-11-19 04:00,665.61953656,10665.61953656,4.70366113,0.04408171189245971054293668737
1731974400000,2024-11-19 08:00,665.61953656,10665.61953656,4.70366113,0.04408171189245971054293668737
1731988800000,2024-11-19 12:00,665.61953656,10665.61953656,4.70366113,0.04408171189245971054293668737
1732003200000,2024-11-19 16:00,665.61953656,10665.61953656,4.70366113,0.04408171189245971054293668737
1732017600000,2024-11-19 20:00,665.61953656,10665.61953656,4.70366113,0.04408171189245971054293668737
1732032000000,2024-11-20 00:00,665.61953656,10665.61953656,4.70366113,0.04408171189245971054293668737
1732046400000,2024-11-20 04:00,665.61953656,10665.61953656,4.70366113,0.04408171189245971054293668737
1732060800000,2024-11-20 08:00,665.61953656,10665.61953656,4.70366113,0.04408171189245971054293668737
1732075200000,2024-11-20 12:00,665.61953656,10665.61953656,4.70366113,0.04408171189245971054293668737
1732089600000,2024-11-20 16:00,665.61953656,10665.61953656,4.70366113,0.04408171189245971054293668737
1732104000000,2024-11-20 20:00,665.61953656,10665.61953656,4.70366113,0.04408171189245971054293668737
1732118400000,2024-11-21 00:00,665.61953656,10665.61953656,4.70366113,0.04408171189245971054293668737
1732132800000,2024-11-21 04:00,665.61953656,10665.61953656,4.70366113,0.04408171189245971054293668737
1732147200000,2024-11-21 08:00,665.61953656,10665.61953656,4.70366113,0.04408171189245971054293668737
1732161600000,2024-11-21 12:00,665.61953656,10665.61953656,4.70366113,0.04408171189245971054293668737
1732176000000,2024-11-21 16:00,665.61953656,10665.61953656,4.70366113,0.04408171189245971054293668737
1732190400000,2024-11-21 20:00,665.61953656,10665.61953656,4.70366113,0.04408171189245971054293668737
1732204800000,2024-11-22 00:00,665.61953656,10665.61953656,4.70366113,0.04408171189245971054293668737
1732219200000,2024-11-22 04:00,665.61953656,10665.61953656,4.70366113,0.04408171189245971054293668737
1732233600000,2024-11-22 08:00,665.61953656,10665.61953656,4.70366113,0.04408171189245971054293668737
1732248000000,2024-11-22 12:00,665.61953656,10665.61953656,4.70366113,0.04408171189245971054293668737
1732262400000,2024-11-22 16:00,665.61953656,10665.61953656,4.70366113,0.04408171189245971054293668737
1732276800000,2024-11-22 20:00,665.61953656,10665.61953656,4.70366113,0.04408171189245971054293668737
1732291200000,2024-11-23 00:00,665.61953656,10665.61953656,4.70366113,0.04408171189245971054293668737
1732305600000,2024-11-23 04:00,665.61953656,10665.61953656,4.70366113,0.04408171189245971054293668737
1732320000000,2024-11-23 08:00,665.61953656,10665.61953656,4.70366113,0.04408171189245971054293668737
1732334400000,2024-11-23 12:00,665.61953656,10665.61953656,4.70366113,0.04408171189245971054293668737
1732348800000,2024-11-23 16:00,665.61953656,10665.61953656,4.70366113,0.04408171189245971054293668737
1732363200000,2024-11-23 20:00,665.61953656,10665.61953656,4.70366113,0.04408171189245971054293668737
1732377600000,2024-11-24 00:00,665.61953656,10665.61953656,4.70366113,0.04408171189245971054293668737
1732392000000,2024-11-24 04:00,665.61953656,10665.61953656,4.70366113,0.04408171189245971054293668737
1732406400000,2024-11-24 08:00,665.61953656,10665.61953656,4.70366113,0.04408171189245971054293668737
1732420800000,2024-11-24 12:00,665.61953656,10665.61953656,4.70366113,0.04408171189245971054293668737
1732435200000,2024-11-24 16:00,665.61953656,10665.61953656,4.70366113,0.04408171189245971054293668737
1732449600000,2024-11-24 20:00,665.61953656,10665.61953656,4.70366113,0.04408171189245971054293668737
1732464000000,2024-11-25 00:00,665.61953656,10665.61953656,4.70366113,0.04408171189245971054293668737
1732478400000,2024-11-25 04:00,665.61953656,10665.61953656,4.70366113,0.04408171189245971054293668737
1732492800000,2024-11-25 08:00,665.61953656,10665.61953656,4.70366113,0.04408171189245971054293668737
1732507200000,2024-11-25 12:00,665.61953656,10665.61953656,4.70366113,0.04408171189245971054293668737
1732521600000,2024-11-25 16:00,665.61953656,10665.61953656,4.70366113,0.04408171189245971054293668737
1732536000000,2024-11-25 20:00,665.61953656,10665.61953656,4.70366113,0.04408171189245971054293668737
1732550400000,2024-11-26 00:00,665.61953656,10665.61953656,4.70366113,0.04408171189245971054293668737
1732564800000,2024-11-26 04:00,665.61953656,10665.61953656,4.70366113,0.04408171189245971054293668737
1732579200000,2024-11-26 08:00,665.61953656,10665.61953656,4.70366113,0.04408171189245971054293668737
1732593600000,2024-11-26 12:00,665.61953656,10665.61953656,4.70366113,0.04408171189245971054293668737
1732608000000,2024-11-26 16:00,665.61953656,10665.61953656,4.70366113,0.04408171189245971054293668737
1732622400000,2024-11-26 20:00,665.61953656,10665.61953656,4.70366113,0.04408171189245971054293668737
1732636800000,2024-11-27 00:00,665.61953656,10665.61953656,4.70366113,0.04408171189245971054293668737
1732651200000,2024-11-27 04:00,665.61953656,10665.61953656,4.70366113,0.04408171189245971054293668737
1732665600000,2024-11-27 08:00,665.61953656,10665.61953656,4.70366113,0.04408171189245971054293668737
1732680000000,2024-11-27 12:00,665.61953656,10665.61953656,4.70366113,0.04408171189245971054293668737
1732694400000,2024-11-27 16:00,665.61953656,10665.61953656,4.70366113,0.04408171189245971054293668737
1732708800000,2024-11-27 20:00,665.61953656,10665.61953656,4.70366113,0.04408171189245971054293668737
1732723200000,2024-11-28 00:00,665.61953656,10665.61953656,4.70366113,0.04408171189245971054293668737
1732737600000,2024-11-28 04:00,665.61953656,10665.61953656,4.70366113,0.04408171189245971054293668737
1732752000000,2024-11-28 08:00,665.61953656,10665.61953656,4.70366113,0.04408171189245971054293668737
1732766400000,2024-11-28 12:00,665.61953656,10665.61953656,4.70366113,0.04408171189245971054293668737
1732780800000,2024-11-28 16:00,665.61953656,10665.61953656,4.70366113,0.04408171189245971054293668737
1732795200000,2024-11-28 20:00,665.61953656,10665.61953656,4.70366113,0.04408171189245971054293668737
1732809600000,2024-11-29 00:00,665.61953656,10665.61953656,4.70366113,0.04408171189245971054293668737
1732824000000,2024-11-29 04:00,665.61953656,10665.61953656,4.70366113,0.04408171189245971054293668737
1732838400000,2024-11-29 08:00,665.61953656,10665.61953656,4.70366113,0.04408171189245971054293668737
1732852800000,2024-11-29 12:00,665.61953656,10665.61953656,4.70366113,0.04408171189245971054293668737
1732867200000,2024-11-29 16:00,665.61953656,10665.61953656,4.70366113,0.04408171189245971054293668737
1732881600000,2024-11-29 20:00,665.61953656,10665.61953656,4.70366113,0.04408171189245971054293668737
1732896000000,2024-11-30 00:00,665.61953656,10665.61953656,4.70366113,0.04408171189245971054293668737
1732910400000,2024-11-30 04:00,665.61953656,10665.61953656,4.70366113,0.04408171189245971054293668737
1732924800000,2024-11-30 08:00,665.61953656,10665.61953656,4.70366113,0.04408171189245971054293668737
1732939200000,2024-11-30 12:00,665.61953656,10665.61953656,4.70366113,0.04408171189245971054293668737
1732953600000,2024-11-30 16:00,665.61953656,10665.61953656,4.70366113,0.04408171189245971054293668737
1732968000000,2024-11-30 20:00,665.61953656,10665.61953656,4.70366113,0.04408171189245971054293668737
1732982400000,2024-12-01 00:00,665.61953656,10665.61953656,4.70366113,0.04408171189245971054293668737
1732996800000,2024-12-01 04:00,665.61953656,10665.61953656,4.70366113,0.04408171189245971054293668737
1733011200000,2024-12-01 08:00,665.61953656,10665.61953656,4.70366113,0.04408171189245971054293668737
1733025600000,2024-12-01 12:00,665.61953656,10665.61953656,4.70366113,0.04408171189245971054293668737
1733040000000,2024-12-01 16:00,665.61953656,10665.61953656,4.70366113,0.04408171189245971054293668737
1733054400000,2024-12-01 20:00,665.61953656,10665.61953656,4.70366113,0.04408171189245971054293668737
1733068800000,2024-12-02 00:00,665.61953656,10665.61953656,4.70366113,0.04408171189245971054293668737
1733083200000,2024-12-02 04:00,665.61953656,10665.61953656,4.70366113,0.04408171189245971054293668737
1733097600000,2024-12-02 08:00,665.61953656,10665.61953656,4.70366113,0.04408171189245971054293668737
1733112000000,2024-12-02 12:00,665.61953656,10665.61953656,4.70366113,0.04408171189245971054293668737
1733126400000,2024-12-02 16:00,665.61953656,10665.61953656,4.70366113,0.04408171189245971054293668737
1733140800000,2024-12-02 20:00,665.61953656,10665.61953656,4.70366113,0.04408171189245971054293668737
1733155200000,2024-12-03 00:00,665.61953656,10665.61953656,4.70366113,0.04408171189245971054293668737
1733169600000,2024-12-03 04:00,665.61953656,10665.61953656,4.70366113,0.04408171189245971054293668737
1733184000000,2024-12-03 08:00,665.61953656,10665.61953656,4.70366113,0.04408171189245971054293668737
1733198400000,2024-12-03 12:00,665.61953656,10665.61953656,4.70366113,0.04408171189245971054293668737
1733212800000,2024-12-03 16:00,665.61953656,10665.61953656,4.70366113,0.04408171189245971054293668737
1733227200000,2024-12-03 20:00,665.61953656,10665.61953656,4.70366113,0.04408171189245971054293668737
1733241600000,2024-12-04 00:00,665.61953656,10665.61953656,4.70366113,0.04408171189245971054293668737
1733256000000,2024-12-04 04:00,665.61953656,10665.61953656,4.70366113,0.04408171189245971054293668737
1733270400000,2024-12-04 08:00,665.61953656,10665.61953656,4.70366113,0.04408171189245971054293668737
1733284800000,2024-12-04 12:00,665.61953656,10665.61953656,4.70366113,0.04408171189245971054293668737
1733299200000,2024-12-04 16:00,665.61953656,10665.61953656,4.70366113,0.04408171189245971054293668737
1733313600000,2024-12-04 20:00,665.61953656,10665.61953656,4.70366113,0.04408171189245971054293668737
1733328000000,2024-12-05 00:00,665.61953656,10665.61953656,4.70366113,0.04408171189245971054293668737
1733342400000,2024-12-05 04:00,665.61953656,10665.61953656,4.70366113,0.04408171189245971054293668737
1733356800000,2024-12-05 08:00,665.61953656,10665.61953656,4.70366113,0.04408171189245971054293668737
1733371200000,2024-12-05 12:00,665.61953656,10665.61953656,4.70366113,0.04408171189245971054293668737
1733385600000,2024-12-05 16:00,665.61953656,10665.61953656,4.70366113,0.04408171189245971054293668737
1733400000000,2024-12-05 20:00,665.61953656,10665.61953656,4.70366113,0.04408171189245971054293668737
1733414400000,2024-12-06 00:00,665.61953656,10665.61953656,4.70366113,0.04408171189245971054293668737
1733428800000,2024-12-06 04:00,665.61953656,10665.61953656,4.70366113,0.04408171189245971054293668737
1733443200000,2024-12-06 08:00,665.61953656,10665.61953656,4.70366113,0.04408171189245971054293668737
1733457600000,2024-12-06 12:00,665.61953656,10665.61953656,4.70366113,0.04408171189245971054293668737
1733472000000,2024-12-06 16:00,665.61953656,10665.61953656,4.70366113,0.04408171189245971054293668737
1733486400000,2024-12-06 20:00,665.61953656,10665.61953656,4.70366113,0.04408171189245971054293668737
1733500800000,2024-12-07 00:00,665.61953656,10665.61953656,4.70366113,0.04408171189245971054293668737
1733515200000,2024-12-07 04:00,665.61953656,10665.61953656,4.70366113,0.04408171189245971054293668737
1733529600000,2024-12-07 08:00,665.61953656,10665.61953656,4.70366113,0.04408171189245971054293668737
1733544000000,2024-12-07 12:00,665.61953656,10665.61953656,4.70366113,0.04408171189245971054293668737
1733558400000,2024-12-07 16:00,665.61953656,10665.61953656,4.70366113,0.04408171189245971054293668737
1733572800000,2024-12-07 20:00,665.61953656,10665.61953656,4.70366113,0.04408171189245971054293668737
1733587200000,2024-12-08 00:00,665.61953656,10665.61953656,4.70366113,0.04408171189245971054293668737
1733601600000,2024-12-08 04:00,665.61953656,10665.61953656,4.70366113,0.04408171189245971054293668737
1733616000000,2024-12-08 08:00,665.61953656,10665.61953656,4.70366113,0.04408171189245971054293668737
1733630400000,2024-12-08 12:00,665.61953656,10665.61953656,4.70366113,0.04408171189245971054293668737
1733644800000,2024-12-08 16:00,665.61953656,10665.61953656,4.70366113,0.04408171189245971054293668737
1733659200000,2024-12-08 20:00,665.61953656,10665.61953656,4.70366113,0.04408171189245971054293668737
1733673600000,2024-12-09 00:00,665.61953656,10665.61953656,4.70366113,0.04408171189245971054293668737
1733688000000,2024-12-09 04:00,665.61953656,10665.61953656,4.70366113,0.04408171189245971054293668737
1733702400000,2024-12-09 08:00,665.61953656,10665.61953656,4.70366113,0.04408171189245971054293668737
1733716800000,2024-12-09 12:00,665.61953656,10665.61953656,4.70366113,0.04408171189245971054293668737
1733731200000,2024-12-09 16:00,665.61953656,10665.61953656,4.70366113,0.04408171189245971054293668737
1733745600000,2024-12-09 20:00,665.61953656,10665.61953656,4.70366113,0.04408171189245971054293668737
1733760000000,2024-12-10 00:00,665.61953656,10665.61953656,4.70366113,0.04408171189245971054293668737
1733774400000,2024-12-10 04:00,665.61953656,10665.61953656,4.70366113,0.04408171189245971054293668737
1733788800000,2024-12-10 08:00,665.61953656,10665.61953656,4.70366113,0.04408171189245971054293668737
1733803200000,2024-12-10 12:00,665.61953656,10665.61953656,4.70366113,0.04408171189245971054293668737
1733817600000,2024-12-10 16:00,665.61953656,10665.61953656,4.70366113,0.04408171189245971054293668737
1733832000000,2024-12-10 20:00,665.61953656,10665.61953656,4.70366113,0.04408171189245971054293668737
1733846400000,2024-12-11 00:00,665.61953656,10665.61953656,4.70366113,0.04408171189245971054293668737
1733860800000,2024-12-11 04:00,665.61953656,10665.61953656,4.70366113,0.04408171189245971054293668737
1733875200000,2024-12-11 08:00,665.61953656,10665.61953656,4.70366113,0.04408171189245971054293668737
1733889600000,2024-12-11 12:00,665.61953656,10665.61953656,4.70366113,0.04408171189245971054293668737
1733904000000,2024-12-11 16:00,665.61953656,10665.61953656,4.70366113,0.04408171189245971054293668737
1733918400000,2024-12-11 20:00,572.21990008,10572.21990008,98.10329761,0.9194032438608627612440636267
1733932800000,2024-12-12 00:00,572.21990008,10572.21990008,98.10329761,0.9194032438608627612440636267
1733947200000,2024-12-12 04:00,572.21990008,10572.21990008,98.10329761,0.9194032438608627612440636267
1733961600000,2024-12-12 08:00,572.21990008,10572.21990008,98.10329761,0.9194032438608627612440636267
1733976000000,2024-12-12 12:00,572.21990008,10572.21990008,98.10329761,0.9194032438608627612440636267
1733990400000,2024-12-12 16:00,572.21990008,10572.21990008,98.10329761,0.9194032438608627612440636267
1734004800000,2024-12-12 20:00,572.21990008,10572.21990008,98.10329761,0.9194032438608627612440636267
1734019200000,2024-12-13 00:00,572.21990008,10572.21990008,98.10329761,0.9194032438608627612440636267
1734033600000,2024-12-13 04:00,572.21990008,10572.21990008,98.10329761,0.9194032438608627612440636267
1734048000000,2024-12-13 08:00,572.21990008,10572.21990008,98.10329761,0.9194032438608627612440636267
1734062400000,2024-12-13 12:00,572.21990008,10572.21990008,98.10329761,0.9194032438608627612440636267
1734076800000,2024-12-13 16:00,572.21990008,10572.21990008,98.10329761,0.9194032438608627612440636267
1734091200000,2024-12-13 20:00,572.21990008,10572.21990008,98.10329761,0.9194032438608627612440636267
1734105600000,2024-12-14 00:00,572.21990008,10572.21990008,98.10329761,0.9194032438608627612440636267
1734120000000,2024-12-14 04:00,572.21990008,10572.21990008,98.10329761,0.9194032438608627612440636267
1734134400000,2024-12-14 08:00,572.21990008,10572.21990008,98.10329761,0.9194032438608627612440636267
1734148800000,2024-12-14 12:00,572.21990008,10572.21990008,98.10329761,0.9194032438608627612440636267
1734163200000,2024-12-14 16:00,572.21990008,10572.21990008,98.10329761,0.9194032438608627612440636267
1734177600000,2024-12-14 20:00,572.21990008,10572.21990008,98.10329761,0.9194032438608627612440636267
1734192000000,2024-12-15 00:00,572.21990008,10572.21990008,98.10329761,0.9194032438608627612440636267
1734206400000,2024-12-15 04:00,572.21990008,10572.21990008,98.10329761,0.9194032438608627612440636267
1734220800000,2024-12-15 08:00,572.21990008,10572.21990008,98.10329761,0.9194032438608627612440636267
1734235200000,2024-12-15 12:00,572.21990008,10572.21990008,98.10329761,0.9194032438608627612440636267
1734249600000,2024-12-15 16:00,572.21990008,10572.21990008,98.10329761,0.9194032438608627612440636267
1734264000000,2024-12-15 20:00,572.21990008,10572.21990008,98.10329761,0.9194032438608627612440636267
1734278400000,2024-12-16 00:00,572.21990008,10572.21990008,98.10329761,0.9194032438608627612440636267
1734292800000,2024-12-16 04:00,572.21990008,10572.21990008,98.10329761,0.9194032438608627612440636267
1734307200000,2024-12-16 08:00,572.21990008,10572.21990008,98.10329761,0.9194032438608627612440636267
1734321600000,2024-12-16 12:00,572.21990008,10572.21990008,98.10329761,0.9194032438608627612440636267
1734336000000,2024-12-16 16:00,572.21990008,10572.21990008,98.10329761,0.9194032438608627612440636267
1734350400000,2024-12-16 20:00,572.21990008,10572.21990008,98.10329761,0.9194032438608627612440636267
1734364800000,2024-12-17 00:00,572.21990008,10572.21990008,98.10329761,0.9194032438608627612440636267
1734379200000,2024-12-17 04:00,572.21990008,10572.21990008,98.10329761,0.9194032438608627612440636267
1734393600000,2024-12-17 08:00,572.21990008,10572.21990008,98.10329761,0.9194032438608627612440636267
1734408000000,2024-12-17 12:00,572.21990008,10572.21990008,98.10329761,0.9194032438608627612440636267
1734422400000,2024-12-17 16:00,572.21990008,10572.21990008,98.10329761,0.9194032438608627612440636267
1734436800000,2024-12-17 20:00,572.21990008,10572.21990008,98.10329761,0.9194032438608627612440636267
1734451200000,2024-12-18 00:00,572.21990008,10572.21990008,98.10329761,0.9194032438608627612440636267
1734465600000,2024-12-18 04:00,572.21990008,10572.21990008,98.10329761,0.9194032438608627612440636267
1734480000000,2024-12-18 08:00,572.21990008,10572.21990008,98.10329761,0.9194032438608627612440636267
1734494400000,2024-12-18 12:00,572.21990008,10572.21990008,98.10329761,0.9194032438608627612440636267
1734508800000,2024-12-18 16:00,572.21990008,10572.21990008,98.10329761,0.9194032438608627612440636267
1734523200000,2024-12-18 20:00,572.21990008,10572.21990008,98.10329761,0.9194032438608627612440636267
1734537600000,2024-12-19 00:00,572.21990008,10572.21990008,98.10329761,0.9194032438608627612440636267
1734552000000,2024-12-19 04:00,572.21990008,10572.21990008,98.10329761,0.9194032438608627612440636267
1734566400000,2024-12-19 08:00,572.21990008,10572.21990008,98.10329761,0.9194032438608627612440636267
1734580800000,2024-12-19 12:00,572.21990008,10572.21990008,98.10329761,0.9194032438608627612440636267
1734595200000,2024-12-19 16:00,572.21990008,10572.21990008,98.10329761,0.9194032438608627612440636267
1734609600000,2024-12-19 20:00,572.21990008,10572.21990008,98.10329761,0.9194032438608627612440636267
1734624000000,2024-12-20 00:00,572.21990008,10572.21990008,98.10329761,0.9194032438608627612440636267
1734638400000,2024-12-20 04:00,572.21990008,10572.21990008,98.10329761,0.9194032438608627612440636267
1734652800000,2024-12-20 08:00,572.21990008,10572.21990008,98.10329761,0.9194032438608627612440636267
1734667200000,2024-12-20 12:00,572.21990008,10572.21990008,98.10329761,0.9194032438608627612440636267
1734681600000,2024-12-20 16:00,572.21990008,10572.21990008,98.10329761,0.9194032438608627612440636267
1734696000000,2024-12-20 20:00,572.21990008,10572.21990008,98.10329761,0.9194032438608627612440636267
1734710400000,2024-12-21 00:00,572.21990008,10572.21990008,98.10329761,0.9194032438608627612440636267
1734724800000,2024-12-21 04:00,572.21990008,10572.21990008,98.10329761,0.9194032438608627612440636267
1734739200000,2024-12-21 08:00,572.21990008,10572.21990008,98.10329761,0.9194032438608627612440636267
1734753600000,2024-12-21 12:00,572.21990008,10572.21990008,98.10329761,0.9194032438608627612440636267
1734768000000,2024-12-21 16:00,572.21990008,10572.21990008,98.10329761,0.9194032438608627612440636267
1734782400000,2024-12-21 20:00,572.21990008,10572.21990008,98.10329761,0.9194032438608627612440636267
1734796800000,2024-12-22 00:00,572.21990008,10572.21990008,98.10329761,0.9194032438608627612440636267
1734811200000,2024-12-22 04:00,572.21990008,10572.21990008,98.10329761,0.9194032438608627612440636267
1734825600000,2024-12-22 08:00,572.21990008,10572.21990008,98.10329761,0.9194032438608627612440636267
1734840000000,2024-12-22 12:00,572.21990008,10572.21990008,98.10329761,0.9194032438608627612440636267
1734854400000,2024-12-22 16:00,572.21990008,10572.21990008,98.10329761,0.9194032438608627612440636267
1734868800000,2024-12-22 20:00,572.21990008,10572.21990008,98.10329761,0.9194032438608627612440636267
1734883200000,2024-12-23 00:00,572.21990008,10572.21990008,98.10329761,0.9194032438608627612440636267
1734897600000,2024-12-23 04:00,572.21990008,10572.21990008,98.10329761,0.9194032438608627612440636267
1734912000000,2024-12-23 08:00,572.21990008,10572.21990008,98.10329761,0.9194032438608627612440636267
1734926400000,2024-12-23 12:00,572.21990008,10572.21990008,98.10329761,0.9194032438608627612440636267
1734940800000,2024-12-23 16:00,572.21990008,10572.21990008,98.10329761,0.9194032438608627612440636267
1734955200000,2024-12-23 20:00,572.21990008,10572.21990008,98.10329761,0.9194032438608627612440636267
1734969600000,2024-12-24 00:00,572.21990008,10572.21990008,98.10329761,0.9194032438608627612440636267
1734984000000,2024-12-24 04:00,572.21990008,10572.21990008,98.10329761,0.9194032438608627612440636267
1734998400000,2024-12-24 08:00,572.21990008,10572.21990008,98.10329761,0.9194032438608627612440636267
1735012800000,2024-12-24 12:00,572.21990008,10572.21990008,98.10329761,0.9194032438608627612440636267
1735027200000,2024-12-24 16:00,572.21990008,10572.21990008,98.10329761,0.9194032438608627612440636267
1735041600000,2024-12-24 20:00,652.36386325,10652.36386325,17.95933444,0.1683110633789235696633175503
1735056000000,2024-12-25 00:00,652.36386325,10652.36386325,17.95933444,0.1683110633789235696633175503
1735070400000,2024-12-25 04:00,652.36386325,10652.36386325,17.95933444,0.1683110633789235696633175503
1735084800000,2024-12-25 08:00,652.36386325,10652.36386325,17.95933444,0.1683110633789235696633175503
1735099200000,2024-12-25 12:00,652.36386325,10652.36386325,17.95933444,0.1683110633789235696633175503
1735113600000,2024-12-25 16:00,652.36386325,10652.36386325,17.95933444,0.1683110633789235696633175503
1735128000000,2024-12-25 20:00,652.36386325,10652.36386325,17.95933444,0.1683110633789235696633175503
1735142400000,2024-12-26 00:00,652.36386325,10652.36386325,17.95933444,0.1683110633789235696633175503
1735156800000,2024-12-26 04:00,652.36386325,10652.36386325,17.95933444,0.1683110633789235696633175503
1735171200000,2024-12-26 08:00,652.36386325,10652.36386325,17.95933444,0.1683110633789235696633175503
1735185600000,2024-12-26 12:00,652.36386325,10652.36386325,17.95933444,0.1683110633789235696633175503
1735200000000,2024-12-26 16:00,652.36386325,10652.36386325,17.95933444,0.1683110633789235696633175503
1735214400000,2024-12-26 20:00,652.36386325,10652.36386325,17.95933444,0.1683110633789235696633175503
1735228800000,2024-12-27 00:00,652.36386325,10652.36386325,17.95933444,0.1683110633789235696633175503
1735243200000,2024-12-27 04:00,652.36386325,10652.36386325,17.95933444,0.1683110633789235696633175503
1735257600000,2024-12-27 08:00,652.36386325,10652.36386325,17.95933444,0.1683110633789235696633175503
1735272000000,2024-12-27 12:00,652.36386325,10652.36386325,17.95933444,0.1683110633789235696633175503
1735286400000,2024-12-27 16:00,652.36386325,10652.36386325,17.95933444,0.1683110633789235696633175503
1735300800000,2024-12-27 20:00,652.36386325,10652.36386325,17.95933444,0.1683110633789235696633175503
1735315200000,2024-12-28 00:00,652.36386325,10652.36386325,17.95933444,0.1683110633789235696633175503
1735329600000,2024-12-28 04:00,652.36386325,10652.36386325,17.95933444,0.1683110633789235696633175503
1735344000000,2024-12-28 08:00,652.36386325,10652.36386325,17.95933444,0.1683110633789235696633175503
1735358400000,2024-12-28 12:00,652.36386325,10652.36386325,17.95933444,0.1683110633789235696633175503
1735372800000,2024-12-28 16:00,652.36386325,10652.36386325,17.95933444,0.1683110633789235696633175503
1735387200000,2024-12-28 20:00,652.36386325,10652.36386325,17.95933444,0.1683110633789235696633175503
1735401600000,2024-12-29 00:00,652.36386325,10652.36386325,17.95933444,0.1683110633789235696633175503
1735416000000,2024-12-29 04:00,652.36386325,10652.36386325,17.95933444,0.1683110633789235696633175503
1735430400000,2024-12-29 08:00,652.36386325,10652.36386325,17.95933444,0.1683110633789235696633175503
1735444800000,2024-12-29 12:00,652.36386325,10652.36386325,17.95933444,0.1683110633789235696633175503
1735459200000,2024-12-29 16:00,652.36386325,10652.36386325,17.95933444,0.1683110633789235696633175503
1735473600000,2024-12-29 20:00,652.36386325,10652.36386325,17.95933444,0.1683110633789235696633175503
1735488000000,2024-12-30 00:00,652.36386325,10652.36386325,17.95933444,0.1683110633789235696633175503
1735502400000,2024-12-30 04:00,652.36386325,10652.36386325,17.95933444,0.1683110633789235696633175503
1735516800000,2024-12-30 08:00,652.36386325,10652.36386325,17.95933444,0.1683110633789235696633175503
1735531200000,2024-12-30 12:00,652.36386325,10652.36386325,17.95933444,0.1683110633789235696633175503
1735545600000,2024-12-30 16:00,652.36386325,10652.36386325,17.95933444,0.1683110633789235696633175503
1735560000000,2024-12-30 20:00,652.36386325,10652.36386325,17.95933444,0.1683110633789235696633175503
1735574400000,2024-12-31 00:00,652.36386325,10652.36386325,17.95933444,0.1683110633789235696633175503
1735588800000,2024-12-31 04:00,652.36386325,10652.36386325,17.95933444,0.1683110633789235696633175503
1735603200000,2024-12-31 08:00,652.36386325,10652.36386325,17.95933444,0.1683110633789235696633175503
1735617600000,2024-12-31 12:00,652.36386325,10652.36386325,17.95933444,0.1683110633789235696633175503
1735632000000,2024-12-31 16:00,652.36386325,10652.36386325,17.95933444,0.1683110633789235696633175503
1735646400000,2024-12-31 20:00,652.36386325,10652.36386325,17.95933444,0.1683110633789235696633175503
1735660800000,2025-01-01 00:00,652.36386325,10652.36386325,17.95933444,0.1683110633789235696633175503
1735675200000,2025-01-01 04:00,652.36386325,10652.36386325,17.95933444,0.1683110633789235696633175503
1735689600000,2025-01-01 08:00,652.36386325,10652.36386325,17.95933444,0.1683110633789235696633175503
1735704000000,2025-01-01 12:00,652.36386325,10652.36386325,17.95933444,0.1683110633789235696633175503
1735718400000,2025-01-01 16:00,652.36386325,10652.36386325,17.95933444,0.1683110633789235696633175503
1735732800000,2025-01-01 20:00,652.36386325,10652.36386325,17.95933444,0.1683110633789235696633175503
1735747200000,2025-01-02 00:00,652.36386325,10652.36386325,17.95933444,0.1683110633789235696633175503
1735761600000,2025-01-02 04:00,652.36386325,10652.36386325,17.95933444,0.1683110633789235696633175503
1735776000000,2025-01-02 08:00,652.36386325,10652.36386325,17.95933444,0.1683110633789235696633175503
1735790400000,2025-01-02 12:00,652.36386325,10652.36386325,17.95933444,0.1683110633789235696633175503
1735804800000,2025-01-02 16:00,652.36386325,10652.36386325,17.95933444,0.1683110633789235696633175503
1735819200000,2025-01-02 20:00,652.36386325,10652.36386325,17.95933444,0.1683110633789235696633175503
1735833600000,2025-01-03 00:00,652.36386325,10652.36386325,17.95933444,0.1683110633789235696633175503
1735848000000,2025-01-03 04:00,652.36386325,10652.36386325,17.95933444,0.1683110633789235696633175503
1735862400000,2025-01-03 08:00,652.36386325,10652.36386325,17.95933444,0.1683110633789235696633175503
1735876800000,2025-01-03 12:00,652.36386325,10652.36386325,17.95933444,0.1683110633789235696633175503
1735891200000,2025-01-03 16:00,652.36386325,10652.36386325,17.95933444,0.1683110633789235696633175503
1735905600000,2025-01-03 20:00,652.36386325,10652.36386325,17.95933444,0.1683110633789235696633175503
1735920000000,2025-01-04 00:00,652.36386325,10652.36386325,17.95933444,0.1683110633789235696633175503
1735934400000,2025-01-04 04:00,652.36386325,10652.36386325,17.95933444,0.1683110633789235696633175503
1735948800000,2025-01-04 08:00,652.36386325,10652.36386325,17.95933444,0.1683110633789235696633175503
1735963200000,2025-01-04 12:00,652.36386325,10652.36386325,17.95933444,0.1683110633789235696633175503
1735977600000,2025-01-04 16:00,652.36386325,10652.36386325,17.95933444,0.1683110633789235696633175503
1735992000000,2025-01-04 20:00,652.36386325,10652.36386325,17.95933444,0.1683110633789235696633175503
1736006400000,2025-01-05 00:00,652.36386325,10652.36386325,17.95933444,0.1683110633789235696633175503
1736020800000,2025-01-05 04:00,652.36386325,10652.36386325,17.95933444,0.1683110633789235696633175503
1736035200000,2025-01-05 08:00,652.36386325,10652.36386325,17.95933444,0.1683110633789235696633175503
1736049600000,2025-01-05 12:00,652.36386325,10652.36386325,17.95933444,0.1683110633789235696633175503
1736064000000,2025-01-05 16:00,652.36386325,10652.36386325,17.95933444,0.1683110633789235696633175503
1736078400000,2025-01-05 20:00,652.36386325,10652.36386325,17.95933444,0.1683110633789235696633175503
1736092800000,2025-01-06 00:00,652.36386325,10652.36386325,17.95933444,0.1683110633789235696633175503
1736107200000,2025-01-06 04:00,652.36386325,10652.36386325,17.95933444,0.1683110633789235696633175503
1736121600000,2025-01-06 08:00,652.36386325,10652.36386325,17.95933444,0.1683110633789235696633175503
1736136000000,2025-01-06 12:00,652.36386325,10652.36386325,17.95933444,0.1683110633789235696633175503
1736150400000,2025-01-06 16:00,652.36386325,10652.36386325,17.95933444,0.1683110633789235696633175503
1736164800000,2025-01-06 20:00,652.36386325,10652.36386325,17.95933444,0.1683110633789235696633175503
1736179200000,2025-01-07 00:00,652.36386325,10652.36386325,17.95933444,0.1683110633789235696633175503
1736193600000,2025-01-07 04:00,652.36386325,10652.36386325,17.95933444,0.1683110633789235696633175503
1736208000000,2025-01-07 08:00,652.36386325,10652.36386325,17.95933444,0.1683110633789235696633175503
1736222400000,2025-01-07 12:00,652.36386325,10652.36386325,17.95933444,0.1683110633789235696633175503
1736236800000,2025-01-07 16:00,652.36386325,10652.36386325,17.95933444,0.1683110633789235696633175503
1736251200000,2025-01-07 20:00,652.36386325,10652.36386325,17.95933444,0.1683110633789235696633175503
1736265600000,2025-01-08 00:00,652.36386325,10652.36386325,17.95933444,0.1683110633789235696633175503
1736280000000,2025-01-08 04:00,652.36386325,10652.36386325,17.95933444,0.1683110633789235696633175503
1736294400000,2025-01-08 08:00,652.36386325,10652.36386325,17.95933444,0.1683110633789235696633175503
1736308800000,2025-01-08 12:00,652.36386325,10652.36386325,17.95933444,0.1683110633789235696633175503
1736323200000,2025-01-08 16:00,652.36386325,10652.36386325,17.95933444,0.1683110633789235696633175503
1736337600000,2025-01-08 20:00,652.36386325,10652.36386325,17.95933444,0.1683110633789235696633175503
1736352000000,2025-01-09 00:00,652.36386325,10652.36386325,17.95933444,0.1683110633789235696633175503
1736366400000,2025-01-09 04:00,652.36386325,10652.36386325,17.95933444,0.1683110633789235696633175503
1736380800000,2025-01-09 08:00,652.36386325,10652.36386325,17.95933444,0.1683110633789235696633175503
1736395200000,2025-01-09 12:00,652.36386325,10652.36386325,17.95933444,0.1683110633789235696633175503
1736409600000,2025-01-09 16:00,652.36386325,10652.36386325,17.95933444,0.1683110633789235696633175503
1736424000000,2025-01-09 20:00,652.36386325,10652.36386325,17.95933444,0.1683110633789235696633175503
1736438400000,2025-01-10 00:00,652.36386325,10652.36386325,17.95933444,0.1683110633789235696633175503
1736452800000,2025-01-10 04:00,652.36386325,10652.36386325,17.95933444,0.1683110633789235696633175503
1736467200000,2025-01-10 08:00,652.36386325,10652.36386325,17.95933444,0.1683110633789235696633175503
1736481600000,2025-01-10 12:00,652.36386325,10652.36386325,17.95933444,0.1683110633789235696633175503
1736496000000,2025-01-10 16:00,652.36386325,10652.36386325,17.95933444,0.1683110633789235696633175503
1736510400000,2025-01-10 20:00,652.36386325,10652.36386325,17.95933444,0.1683110633789235696633175503
1736524800000,2025-01-11 00:00,653.3603875,10653.3603875,16.96281019,0.1589718500154920306008900078
1736539200000,2025-01-11 04:00,653.3603875,10653.3603875,16.96281019,0.1589718500154920306008900078
1736553600000,2025-01-11 08:00,653.3603875,10653.3603875,16.96281019,0.1589718500154920306008900078
1736568000000,2025-01-11 12:00,653.3603875,10653.3603875,16.96281019,0.1589718500154920306008900078
1736582400000,2025-01-11 16:00,653.3603875,10653.3603875,16.96281019,0.1589718500154920306008900078
1736596800000,2025-01-11 20:00,653.3603875,10653.3603875,16.96281019,0.1589718500154920306008900078
1736611200000,2025-01-12 00:00,653.3603875,10653.3603875,16.96281019,0.1589718500154920306008900078
1736625600000,2025-01-12 04:00,653.3603875,10653.3603875,16.96281019,0.1589718500154920306008900078
1736640000000,2025-01-12 08:00,653.3603875,10653.3603875,16.96281019,0.1589718500154920306008900078
1736654400000,2025-01-12 12:00,653.3603875,10653.3603875,16.96281019,0.1589718500154920306008900078
1736668800000,2025-01-12 16:00,653.3603875,10653.3603875,16.96281019,0.1589718500154920306008900078
1736683200000,2025-01-12 20:00,653.3603875,10653.3603875,16.96281019,0.1589718500154920306008900078
1736697600000,2025-01-13 00:00,653.3603875,10653.3603875,16.96281019,0.1589718500154920306008900078
1736712000000,2025-01-13 04:00,653.3603875,10653.3603875,16.96281019,0.1589718500154920306008900078
1736726400000,2025-01-13 08:00,653.3603875,10653.3603875,16.96281019,0.1589718500154920306008900078
1736740800000,2025-01-13 12:00,653.3603875,10653.3603875,16.96281019,0.1589718500154920306008900078
1736755200000,2025-01-13 16:00,653.3603875,10653.3603875,16.96281019,0.1589718500154920306008900078
1736769600000,2025-01-13 20:00,653.3603875,10653.3603875,16.96281019,0.1589718500154920306008900078
1736784000000,2025-01-14 00:00,653.3603875,10653.3603875,16.96281019,0.1589718500154920306008900078
1736798400000,2025-01-14 04:00,653.3603875,10653.3603875,16.96281019,0.1589718500154920306008900078
1736812800000,2025-01-14 08:00,653.3603875,10653.3603875,16.96281019,0.1589718500154920306008900078
1736827200000,2025-01-14 12:00,653.3603875,10653.3603875,16.96281019,0.1589718500154920306008900078
1736841600000,2025-01-14 16:00,653.3603875,10653.3603875,16.96281019,0.1589718500154920306008900078
1736856000000,2025-01-14 20:00,653.3603875,10653.3603875,16.96281019,0.1589718500154920306008900078
1736870400000,2025-01-15 00:00,653.3603875,10653.3603875,16.96281019,0.1589718500154920306008900078
1736884800000,2025-01-15 04:00,653.3603875,10653.3603875,16.96281019,0.1589718500154920306008900078
1736899200000,2025-01-15 08:00,653.3603875,10653.3603875,16.96281019,0.1589718500154920306008900078
1736913600000,2025-01-15 12:00,653.3603875,10653.3603875,16.96281019,0.1589718500154920306008900078
1736928000000,2025-01-15 16:00,653.3603875,10653.3603875,16.96281019,0.1589718500154920306008900078
1736942400000,2025-01-15 20:00,653.3603875,10653.3603875,16.96281019,0.1589718500154920306008900078
1736956800000,2025-01-16 00:00,653.3603875,10653.3603875,16.96281019,0.1589718500154920306008900078
1736971200000,2025-01-16 04:00,653.3603875,10653.3603875,16.96281019,0.1589718500154920306008900078
1736985600000,2025-01-16 08:00,653.3603875,10653.3603875,16.96281019,0.1589718500154920306008900078
1737000000000,2025-01-16 12:00,653.3603875,10653.3603875,16.96281019,0.1589718500154920306008900078
1737014400000,2025-01-16 16:00,653.3603875,10653.3603875,16.96281019,0.1589718500154920306008900078
1737028800000,2025-01-16 20:00,653.3603875,10653.3603875,16.96281019,0.1589718500154920306008900078
1737043200000,2025-01-17 00:00,653.3603875,10653.3603875,16.96281019,0.1589718500154920306008900078
1737057600000,2025-01-17 04:00,653.3603875,10653.3603875,16.96281019,0.1589718500154920306008900078
1737072000000,2025-01-17 08:00,653.3603875,10653.3603875,16.96281019,0.1589718500154920306008900078
1737086400000,2025-01-17 12:00,653.3603875,10653.3603875,16.96281019,0.1589718500154920306008900078
1737100800000,2025-01-17 16:00,653.3603875,10653.3603875,16.96281019,0.1589718500154920306008900078
1737115200000,2025-01-17 20:00,653.3603875,10653.3603875,16.96281019,0.1589718500154920306008900078
1737129600000,2025-01-18 00:00,653.3603875,10653.3603875,16.96281019,0.1589718500154920306008900078
1737144000000,2025-01-18 04:00,653.3603875,10653.3603875,16.96281019,0.1589718500154920306008900078
1737158400000,2025-01-18 08:00,653.3603875,10653.3603875,16.96281019,0.1589718500154920306008900078
1737172800000,2025-01-18 12:00,653.3603875,10653.3603875,16.96281019,0.1589718500154920306008900078
1737187200000,2025-01-18 16:00,653.3603875,10653.3603875,16.96281019,0.1589718500154920306008900078
1737201600000,2025-01-18 20:00,653.3603875,10653.3603875,16.96281019,0.1589718500154920306008900078
1737216000000,2025-01-19 00:00,653.3603875,10653.3603875,16.96281019,0.1589718500154920306008900078
1737230400000,2025-01-19 04:00,653.3603875,10653.3603875,16.96281019,0.1589718500154920306008900078
1737244800000,2025-01-19 08:00,653.3603875,10653.3603875,16.96281019,0.1589718500154920306008900078
1737259200000,2025-01-19 12:00,653.3603875,10653.3603875,16.96281019,0.1589718500154920306008900078
1737273600000,2025-01-19 16:00,653.3603875,10653.3603875,16.96281019,0.1589718500154920306008900078
1737288000000,2025-01-19 20:00,653.3603875,10653.3603875,16.96281019,0.1589718500154920306008900078
1737302400000,2025-01-20 00:00,653.3603875,10653.3603875,16.96281019,0.1589718500154920306008900078
1737316800000,2025-01-20 04:00,653.3603875,10653.3603875,16.96281019,0.1589718500154920306008900078
1737331200000,2025-01-20 08:00,653.3603875,10653.3603875,16.96281019,0.1589718500154920306008900078
1737345600000,2025-01-20 12:00,653.3603875,10653.3603875,16.96281019,0.1589718500154920306008900078
1737360000000,2025-01-20 16:00,653.3603875,10653.3603875,16.96281019,0.1589718500154920306008900078
1737374400000,2025-01-20 20:00,653.3603875,10653.3603875,16.96281019,0.1589718500154920306008900078
1737388800000,2025-01-21 00:00,653.3603875,10653.3603875,16.96281019,0.1589718500154920306008900078
1737403200000,2025-01-21 04:00,653.3603875,10653.3603875,16.96281019,0.1589718500154920306008900078
1737417600000,2025-01-21 08:00,653.3603875,10653.3603875,16.96281019,0.1589718500154920306008900078
1737432000000,2025-01-21 12:00,653.3603875,10653.3603875,16.96281019,0.1589718500154920306008900078
1737446400000,2025-01-21 16:00,653.3603875,10653.3603875,16.96281019,0.1589718500154920306008900078
1737460800000,2025-01-21 20:00,653.3603875,10653.3603875,16.96281019,0.1589718500154920306008900078
1737475200000,2025-01-22 00:00,653.3603875,10653.3603875,16.96281019,0.1589718500154920306008900078
1737489600000,2025-01-22 04:00,653.3603875,10653.3603875,16.96281019,0.1589718500154920306008900078
1737504000000,2025-01-22 08:00,653.3603875,10653.3603875,16.96281019,0.1589718500154920306008900078
1737518400000,2025-01-22 12:00,653.3603875,10653.3603875,16.96281019,0.1589718500154920306008900078
1737532800000,2025-01-22 16:00,653.3603875,10653.3603875,16.96281019,0.1589718500154920306008900078
1737547200000,2025-01-22 20:00,653.3603875,10653.3603875,16.96281019,0.1589718500154920306008900078
1737561600000,2025-01-23 00:00,653.3603875,10653.3603875,16.96281019,0.1589718500154920306008900078
1737576000000,2025-01-23 04:00,653.3603875,10653.3603875,16.96281019,0.1589718500154920306008900078
1737590400000,2025-01-23 08:00,653.3603875,10653.3603875,16.96281019,0.1589718500154920306008900078
1737604800000,2025-01-23 12:00,653.3603875,10653.3603875,16.96281019,0.1589718500154920306008900078
1737619200000,2025-01-23 16:00,653.3603875,10653.3603875,16.96281019,0.1589718500154920306008900078
1737633600000,2025-01-23 20:00,653.3603875,10653.3603875,16.96281019,0.1589718500154920306008900078
1737648000000,2025-01-24 00:00,653.3603875,10653.3603875,16.96281019,0.1589718500154920306008900078
1737662400000,2025-01-24 04:00,653.3603875,10653.3603875,16.96281019,0.1589718500154920306008900078
1737676800000,2025-01-24 08:00,653.3603875,10653.3603875,16.96281019,0.1589718500154920306008900078
1737691200000,2025-01-24 12:00,653.3603875,10653.3603875,16.96281019,0.1589718500154920306008900078
1737705600000,2025-01-24 16:00,653.3603875,10653.3603875,16.96281019,0.1589718500154920306008900078
1737720000000,2025-01-24 20:00,653.3603875,10653.3603875,16.96281019,0.1589718500154920306008900078
1737734400000,2025-01-25 00:00,653.3603875,10653.3603875,16.96281019,0.1589718500154920306008900078
1737748800000,2025-01-25 04:00,653.3603875,10653.3603875,16.96281019,0.1589718500154920306008900078
1737763200000,2025-01-25 08:00,653.3603875,10653.3603875,16.96281019,0.1589718500154920306008900078
1737777600000,2025-01-25 12:00,653.3603875,10653.3603875,16.96281019,0.1589718500154920306008900078
1737792000000,2025-01-25 16:00,653.3603875,10653.3603875,16.96281019,0.1589718500154920306008900078
1737806400000,2025-01-25 20:00,653.3603875,10653.3603875,16.96281019,0.1589718500154920306008900078
1737820800000,2025-01-26 00:00,653.3603875,10653.3603875,16.96281019,0.1589718500154920306008900078
1737835200000,2025-01-26 04:00,653.3603875,10653.3603875,16.96281019,0.1589718500154920306008900078
1737849600000,2025-01-26 08:00,653.3603875,10653.3603875,16.96281019,0.1589718500154920306008900078
1737864000000,2025-01-26 12:00,653.3603875,10653.3603875,16.96281019,0.1589718500154920306008900078
1737878400000,2025-01-26 16:00,653.3603875,10653.3603875,16.96281019,0.1589718500154920306008900078
1737892800000,2025-01-26 20:00,653.3603875,10653.3603875,16.96281019,0.1589718500154920306008900078
1737907200000,2025-01-27 00:00,653.3603875,10653.3603875,16.96281019,0.1589718500154920306008900078
1737921600000,2025-01-27 04:00,653.3603875,10653.3603875,16.96281019,0.1589718500154920306008900078
1737936000000,2025-01-27 08:00,653.3603875,10653.3603875,16.96281019,0.1589718500154920306008900078
1737950400000,2025-01-27 12:00,653.3603875,10653.3603875,16.96281019,0.1589718500154920306008900078
1737964800000,2025-01-27 16:00,653.3603875,10653.3603875,16.96281019,0.1589718500154920306008900078
1737979200000,2025-01-27 20:00,653.3603875,10653.3603875,16.96281019,0.1589718500154920306008900078
1737993600000,2025-01-28 00:00,653.3603875,10653.3603875,16.96281019,0.1589718500154920306008900078
1738008000000,2025-01-28 04:00,653.3603875,10653.3603875,16.96281019,0.1589718500154920306008900078
1738022400000,2025-01-28 08:00,653.3603875,10653.3603875,16.96281019,0.1589718500154920306008900078
1738036800000,2025-01-28 12:00,653.3603875,10653.3603875,16.96281019,0.1589718500154920306008900078
1738051200000,2025-01-28 16:00,653.3603875,10653.3603875,16.96281019,0.1589718500154920306008900078
1738065600000,2025-01-28 20:00,653.3603875,10653.3603875,16.96281019,0.1589718500154920306008900078
1738080000000,2025-01-29 00:00,653.3603875,10653.3603875,16.96281019,0.1589718500154920306008900078
1738094400000,2025-01-29 04:00,653.3603875,10653.3603875,16.96281019,0.1589718500154920306008900078
1738108800000,2025-01-29 08:00,653.3603875,10653.3603875,16.96281019,0.1589718500154920306008900078
1738123200000,2025-01-29 12:00,653.3603875,10653.3603875,16.96281019,0.1589718500154920306008900078
1738137600000,2025-01-29 16:00,653.3603875,10653.3603875,16.96281019,0.1589718500154920306008900078
1738152000000,2025-01-29 20:00,653.3603875,10653.3603875,16.96281019,0.1589718500154920306008900078
1738166400000,2025-01-30 00:00,653.3603875,10653.3603875,16.96281019,0.1589718500154920306008900078
1738180800000,2025-01-30 04:00,560.63742434,10560.63742434,109.68577335,1.027951743521186736642985787
1738195200000,2025-01-30 08:00,560.63742434,10560.63742434,109.68577335,1.027951743521186736642985787
1738209600000,2025-01-30 12:00,560.63742434,10560.63742434,109.68577335,1.027951743521186736642985787
1738224000000,2025-01-30 16:00,560.63742434,10560.63742434,109.68577335,1.027951743521186736642985787
1738238400000,2025-01-30 20:00,560.63742434,10560.63742434,109.68577335,1.027951743521186736642985787
1738252800000,2025-01-31 00:00,560.63742434,10560.63742434,109.68577335,1.027951743521186736642985787
1738267200000,2025-01-31 04:00,560.63742434,10560.63742434,109.68577335,1.027951743521186736642985787
1738281600000,2025-01-31 08:00,560.63742434,10560.63742434,109.68577335,1.027951743521186736642985787
1738296000000,2025-01-31 12:00,560.63742434,10560.63742434,109.68577335,1.027951743521186736642985787
1738310400000,2025-01-31 16:00,560.63742434,10560.63742434,109.68577335,1.027951743521186736642985787
1738324800000,2025-01-31 20:00,560.63742434,10560.63742434,109.68577335,1.027951743521186736642985787
1738339200000,2025-02-01 00:00,560.63742434,10560.63742434,109.68577335,1.027951743521186736642985787
1738353600000,2025-02-01 04:00,560.63742434,10560.63742434,109.68577335,1.027951743521186736642985787
1738368000000,2025-02-01 08:00,560.63742434,10560.63742434,109.68577335,1.027951743521186736642985787
1738382400000,2025-02-01 12:00,560.63742434,10560.63742434,109.68577335,1.027951743521186736642985787
1738396800000,2025-02-01 16:00,560.63742434,10560.63742434,109.68577335,1.027951743521186736642985787
1738411200000,2025-02-01 20:00,560.63742434,10560.63742434,109.68577335,1.027951743521186736642985787
1738425600000,2025-02-02 00:00,560.63742434,10560.63742434,109.68577335,1.027951743521186736642985787
1738440000000,2025-02-02 04:00,560.63742434,10560.63742434,109.68577335,1.027951743521186736642985787
1738454400000,2025-02-02 08:00,560.63742434,10560.63742434,109.68577335,1.027951743521186736642985787
1738468800000,2025-02-02 12:00,560.63742434,10560.63742434,109.68577335,1.027951743521186736642985787
1738483200000,2025-02-02 16:00,560.63742434,10560.63742434,109.68577335,1.027951743521186736642985787
1738497600000,2025-02-02 20:00,560.63742434,10560.63742434,109.68577335,1.027951743521186736642985787
1738512000000,2025-02-03 00:00,560.63742434,10560.63742434,109.68577335,1.027951743521186736642985787
1738526400000,2025-02-03 04:00,560.63742434,10560.63742434,109.68577335,1.027951743521186736642985787
1738540800000,2025-02-03 08:00,560.63742434,10560.63742434,109.68577335,1.027951743521186736642985787
1738555200000,2025-02-03 12:00,560.63742434,10560.63742434,109.68577335,1.027951743521186736642985787
1738569600000,2025-02-03 16:00,560.63742434,10560.63742434,109.68577335,1.027951743521186736642985787
1738584000000,2025-02-03 20:00,560.63742434,10560.63742434,109.68577335,1.027951743521186736642985787
1738598400000,2025-02-04 00:00,560.63742434,10560.63742434,109.68577335,1.027951743521186736642985787
1738612800000,2025-02-04 04:00,560.63742434,10560.63742434,109.68577335,1.027951743521186736642985787
1738627200000,2025-02-04 08:00,560.63742434,10560.63742434,109.68577335,1.027951743521186736642985787
1738641600000,2025-02-04 12:00,560.63742434,10560.63742434,109.68577335,1.027951743521186736642985787
1738656000000,2025-02-04 16:00,560.63742434,10560.63742434,109.68577335,1.027951743521186736642985787
1738670400000,2025-02-04 20:00,560.63742434,10560.63742434,109.68577335,1.027951743521186736642985787
1738684800000,2025-02-05 00:00,560.63742434,10560.63742434,109.68577335,1.027951743521186736642985787
1738699200000,2025-02-05 04:00,560.63742434,10560.63742434,109.68577335,1.027951743521186736642985787
1738713600000,2025-02-05 08:00,560.63742434,10560.63742434,109.68577335,1.027951743521186736642985787
1738728000000,2025-02-05 12:00,560.63742434,10560.63742434,109.68577335,1.027951743521186736642985787
1738742400000,2025-02-05 16:00,560.63742434,10560.63742434,109.68577335,1.027951743521186736642985787
1738756800000,2025-02-05 20:00,560.63742434,10560.63742434,109.68577335,1.027951743521186736642985787
1738771200000,2025-02-06 00:00,560.63742434,10560.63742434,109.68577335,1.027951743521186736642985787
1738785600000,2025-02-06 04:00,560.63742434,10560.63742434,109.68577335,1.027951743521186736642985787
1738800000000,2025-02-06 08:00,560.63742434,10560.63742434,109.68577335,1.027951743521186736642985787
1738814400000,2025-02-06 12:00,560.63742434,10560.63742434,109.68577335,1.027951743521186736642985787
1738828800000,2025-02-06 16:00,560.63742434,10560.63742434,109.68577335,1.027951743521186736642985787
1738843200000,2025-02-06 20:00,560.63742434,10560.63742434,109.68577335,1.027951743521186736642985787
1738857600000,2025-02-07 00:00,560.63742434,10560.63742434,109.68577335,1.027951743521186736642985787
1738872000000,2025-02-07 04:00,560.63742434,10560.63742434,109.68577335,1.027951743521186736642985787
1738886400000,2025-02-07 08:00,560.63742434,10560.63742434,109.68577335,1.027951743521186736642985787
1738900800000,2025-02-07 12:00,560.63742434,10560.63742434,109.68577335,1.027951743521186736642985787
1738915200000,2025-02-07 16:00,560.63742434,10560.63742434,109.68577335,1.027951743521186736642985787
1738929600000,2025-02-07 20:00,560.63742434,10560.63742434,109.68577335,1.027951743521186736642985787
1738944000000,2025-02-08 00:00,560.63742434,10560.63742434,109.68577335,1.027951743521186736642985787
1738958400000,2025-02-08 04:00,560.63742434,10560.63742434,109.68577335,1.027951743521186736642985787
1738972800000,2025-02-08 08:00,560.63742434,10560.63742434,109.68577335,1.027951743521186736642985787
1738987200000,2025-02-08 12:00,560.63742434,10560.63742434,109.68577335,1.027951743521186736642985787
1739001600000,2025-02-08 16:00,560.63742434,10560.63742434,109.68577335,1.027951743521186736642985787
1739016000000,2025-02-08 20:00,560.63742434,10560.63742434,109.68577335,1.027951743521186736642985787
1739030400000,2025-02-09 00:00,560.63742434,10560.63742434,109.68577335,1.027951743521186736642985787
1739044800000,2025-02-09 04:00,560.63742434,10560.63742434,109.68577335,1.027951743521186736642985787
1739059200000,2025-02-09 08:00,560.63742434,10560.63742434,109.68577335,1.027951743521186736642985787
1739073600000,2025-02-09 12:00,560.63742434,10560.63742434,109.68577335,1.027951743521186736642985787
1739088000000,2025-02-09 16:00,560.63742434,10560.63742434,109.68577335,1.027951743521186736642985787
1739102400000,2025-02-09 20:00,560.63742434,10560.63742434,109.68577335,1.027951743521186736642985787
1739116800000,2025-02-10 00:00,560.63742434,10560.63742434,109.68577335,1.027951743521186736642985787
1739131200000,2025-02-10 04:00,560.63742434,10560.63742434,109.68577335,1.027951743521186736642985787
1739145600000,2025-02-10 08:00,560.63742434,10560.63742434,109.68577335,1.027951743521186736642985787
1739160000000,2025-02-10 12:00,560.63742434,10560.63742434,109.68577335,1.027951743521186736642985787
1739174400000,2025-02-10 16:00,560.63742434,10560.63742434,109.68577335,1.027951743521186736642985787
1739188800000,2025-02-10 20:00,560.63742434,10560.63742434,109.68577335,1.027951743521186736642985787
1739203200000,2025-02-11 00:00,560.63742434,10560.63742434,109.68577335,1.027951743521186736642985787
1739217600000,2025-02-11 04:00,560.63742434,10560.63742434,109.68577335,1.027951743521186736642985787
1739232000000,2025-02-11 08:00,560.63742434,10560.63742434,109.68577335,1.027951743521186736642985787
1739246400000,2025-02-11 12:00,560.63742434,10560.63742434,109.68577335,1.027951743521186736642985787
1739260800000,2025-02-11 16:00,560.63742434,10560.63742434,109.68577335,1.027951743521186736642985787
1739275200000,2025-02-11 20:00,560.63742434,10560.63742434,109.68577335,1.027951743521186736642985787
1739289600000,2025-02-12 00:00,560.63742434,10560.63742434,109.68577335,1.027951743521186736642985787
1739304000000,2025-02-12 04:00,560.63742434,10560.63742434,109.68577335,1.027951743521186736642985787
1739318400000,2025-02-12 08:00,560.63742434,10560.63742434,109.68577335,1.027951743521186736642985787
1739332800000,2025-02-12 12:00,560.63742434,10560.63742434,109.68577335,1.027951743521186736642985787
1739347200000,2025-02-12 16:00,560.63742434,10560.63742434,109.68577335,1.027951743521186736642985787
1739361600000,2025-02-12 20:00,560.63742434,10560.63742434,109.68577335,1.027951743521186736642985787
1739376000000,2025-02-13 00:00,560.63742434,10560.63742434,109.68577335,1.027951743521186736642985787
1739390400000,2025-02-13 04:00,560.63742434,10560.63742434,109.68577335,1.027951743521186736642985787
1739404800000,2025-02-13 08:00,560.63742434,10560.63742434,109.68577335,1.027951743521186736642985787
1739419200000,2025-02-13 12:00,560.63742434,10560.63742434,109.68577335,1.027951743521186736642985787
1739433600000,2025-02-13 16:00,560.63742434,10560.63742434,109.68577335,1.027951743521186736642985787
1739448000000,2025-02-13 20:00,560.63742434,10560.63742434,109.68577335,1.027951743521186736642985787
1739462400000,2025-02-14 00:00,560.63742434,10560.63742434,109.68577335,1.027951743521186736642985787
1739476800000,2025-02-14 04:00,560.63742434,10560.63742434,109.68577335,1.027951743521186736642985787
1739491200000,2025-02-14 08:00,560.63742434,10560.63742434,109.68577335,1.027951743521186736642985787
1739505600000,2025-02-14 12:00,560.63742434,10560.63742434,109.68577335,1.027951743521186736642985787
1739520000000,2025-02-14 16:00,560.63742434,10560.63742434,109.68577335,1.027951743521186736642985787
1739534400000,2025-02-14 20:00,560.63742434,10560.63742434,109.68577335,1.027951743521186736642985787
1739548800000,2025-02-15 00:00,560.63742434,10560.63742434,109.68577335,1.027951743521186736642985787
1739563200000,2025-02-15 04:00,560.63742434,10560.63742434,109.68577335,1.027951743521186736642985787
1739577600000,2025-02-15 08:00,560.63742434,10560.63742434,109.68577335,1.027951743521186736642985787
1739592000000,2025-02-15 12:00,560.63742434,10560.63742434,109.68577335,1.027951743521186736642985787
1739606400000,2025-02-15 16:00,560.63742434,10560.63742434,109.68577335,1.027951743521186736642985787
1739620800000,2025-02-15 20:00,560.63742434,10560.63742434,109.68577335,1.027951743521186736642985787
1739635200000,2025-02-16 00:00,560.63742434,10560.63742434,109.68577335,1.027951743521186736642985787
1739649600000,2025-02-16 04:00,560.63742434,10560.63742434,109.68577335,1.027951743521186736642985787
1739664000000,2025-02-16 08:00,560.63742434,10560.63742434,109.68577335,1.027951743521186736642985787
1739678400000,2025-02-16 12:00,560.63742434,10560.63742434,109.68577335,1.027951743521186736642985787
1739692800000,2025-02-16 16:00,560.63742434,10560.63742434,109.68577335,1.027951743521186736642985787
1739707200000,2025-02-16 20:00,560.63742434,10560.63742434,109.68577335,1.027951743521186736642985787
1739721600000,2025-02-17 00:00,560.63742434,10560.63742434,109.68577335,1.027951743521186736642985787
1739736000000,2025-02-17 04:00,560.63742434,10560.63742434,109.68577335,1.027951743521186736642985787
1739750400000,2025-02-17 08:00,560.63742434,10560.63742434,109.68577335,1.027951743521186736642985787
1739764800000,2025-02-17 12:00,560.63742434,10560.63742434,109.68577335,1.027951743521186736642985787
1739779200000,2025-02-17 16:00,560.63742434,10560.63742434,109.68577335,1.027951743521186736642985787
1739793600000,2025-02-17 20:00,560.63742434,10560.63742434,109.68577335,1.027951743521186736642985787
1739808000000,2025-02-18 00:00,560.63742434,10560.63742434,109.68577335,1.027951743521186736642985787
1739822400000,2025-02-18 04:00,560.63742434,10560.63742434,109.68577335,1.027951743521186736642985787
1739836800000,2025-02-18 08:00,560.63742434,10560.63742434,109.68577335,1.027951743521186736642985787
1739851200000,2025-02-18 12:00,560.63742434,10560.63742434,109.68577335,1.027951743521186736642985787
1739865600000,2025-02-18 16:00,560.63742434,10560.63742434,109.68577335,1.027951743521186736642985787
1739880000000,2025-02-18 20:00,463.45895432,10463.45895432,206.86424337,1.938687699870081591033708189
1739894400000,2025-02-19 00:00,463.45895432,10463.45895432,206.86424337,1.938687699870081591033708189
1739908800000,2025-02-19 04:00,463.45895432,10463.45895432,206.86424337,1.938687699870081591033708189
1739923200000,2025-02-19 08:00,463.45895432,10463.45895432,206.86424337,1.938687699870081591033708189
1739937600000,2025-02-19 12:00,463.45895432,10463.45895432,206.86424337,1.938687699870081591033708189
1739952000000,2025-02-19 16:00,463.45895432,10463.45895432,206.86424337,1.938687699870081591033708189
1739966400000,2025-02-19 20:00,463.45895432,10463.45895432,206.86424337,1.938687699870081591033708189
1739980800000,2025-02-20 00:00,463.45895432,10463.45895432,206.86424337,1.938687699870081591033708189
1739995200000,2025-02-20 04:00,463.45895432,10463.45895432,206.86424337,1.938687699870081591033708189
1740009600000,2025-02-20 08:00,463.45895432,10463.45895432,206.86424337,1.938687699870081591033708189
1740024000000,2025-02-20 12:00,463.45895432,10463.45895432,206.86424337,1.938687699870081591033708189
1740038400000,2025-02-20 16:00,463.45895432,10463.45895432,206.86424337,1.938687699870081591033708189
1740052800000,2025-02-20 20:00,463.45895432,10463.45895432,206.86424337,1.938687699870081591033708189
1740067200000,2025-02-21 00:00,463.45895432,10463.45895432,206.86424337,1.938687699870081591033708189
1740081600000,2025-02-21 04:00,463.45895432,10463.45895432,206.86424337,1.938687699870081591033708189
1740096000000,2025-02-21 08:00,463.45895432,10463.45895432,206.86424337,1.938687699870081591033708189
1740110400000,2025-02-21 12:00,463.45895432,10463.45895432,206.86424337,1.938687699870081591033708189
1740124800000,2025-02-21 16:00,463.45895432,10463.45895432,206.86424337,1.938687699870081591033708189
1740139200000,2025-02-21 20:00,463.45895432,10463.45895432,206.86424337,1.938687699870081591033708189
1740153600000,2025-02-22 00:00,463.45895432,10463.45895432,206.86424337,1.938687699870081591033708189
1740168000000,2025-02-22 04:00,463.45895432,10463.45895432,206.86424337,1.938687699870081591033708189
1740182400000,2025-02-22 08:00,463.45895432,10463.45895432,206.86424337,1.938687699870081591033708189
1740196800000,2025-02-22 12:00,463.45895432,10463.45895432,206.86424337,1.938687699870081591033708189
1740211200000,2025-02-22 16:00,463.45895432,10463.45895432,206.86424337,1.938687699870081591033708189
1740225600000,2025-02-22 20:00,463.45895432,10463.45895432,206.86424337,1.938687699870081591033708189
1740240000000,2025-02-23 00:00,463.45895432,10463.45895432,206.86424337,1.938687699870081591033708189
1740254400000,2025-02-23 04:00,463.45895432,10463.45895432,206.86424337,1.938687699870081591033708189
1740268800000,2025-02-23 08:00,463.45895432,10463.45895432,206.86424337,1.938687699870081591033708189
1740283200000,2025-02-23 12:00,463.45895432,10463.45895432,206.86424337,1.938687699870081591033708189
1740297600000,2025-02-23 16:00,463.45895432,10463.45895432,206.86424337,1.938687699870081591033708189
1740312000000,2025-02-23 20:00,463.45895432,10463.45895432,206.86424337,1.938687699870081591033708189
1740326400000,2025-02-24 00:00,463.45895432,10463.45895432,206.86424337,1.938687699870081591033708189
1740340800000,2025-02-24 04:00,463.45895432,10463.45895432,206.86424337,1.938687699870081591033708189
1740355200000,2025-02-24 08:00,463.45895432,10463.45895432,206.86424337,1.938687699870081591033708189
1740369600000,2025-02-24 12:00,463.45895432,10463.45895432,206.86424337,1.938687699870081591033708189
1740384000000,2025-02-24 16:00,463.45895432,10463.45895432,206.86424337,1.938687699870081591033708189
1740398400000,2025-02-24 20:00,463.45895432,10463.45895432,206.86424337,1.938687699870081591033708189
1740412800000,2025-02-25 00:00,463.45895432,10463.45895432,206.86424337,1.938687699870081591033708189
1740427200000,2025-02-25 04:00,463.45895432,10463.45895432,206.86424337,1.938687699870081591033708189
1740441600000,2025-02-25 08:00,738.55686653,10738.55686653,0,0
1740456000000,2025-02-25 12:00,738.55686653,10738.55686653,0,0
1740470400000,2025-02-25 16:00,738.55686653,10738.55686653,0,0
1740484800000,2025-02-25 20:00,738.55686653,10738.55686653,0,0
1740499200000,2025-02-26 00:00,738.55686653,10738.55686653,0,0
1740513600000,2025-02-26 04:00,738.55686653,10738.55686653,0,0
1740528000000,2025-02-26 08:00,738.55686653,10738.55686653,0,0
1740542400000,2025-02-26 12:00,738.55686653,10738.55686653,0,0
1740556800000,2025-02-26 16:00,738.55686653,10738.55686653,0,0
1740571200000,2025-02-26 20:00,738.55686653,10738.55686653,0,0
1740585600000,2025-02-27 00:00,738.55686653,10738.55686653,0,0
1740600000000,2025-02-27 04:00,738.55686653,10738.55686653,0,0
1740614400000,2025-02-27 08:00,738.55686653,10738.55686653,0,0
1740628800000,2025-02-27 12:00,738.55686653,10738.55686653,0,0
1740643200000,2025-02-27 16:00,738.55686653,10738.55686653,0,0
1740657600000,2025-02-27 20:00,738.55686653,10738.55686653,0,0
1740672000000,2025-02-28 00:00,738.55686653,10738.55686653,0,0
1740686400000,2025-02-28 04:00,738.55686653,10738.55686653,0,0
1740700800000,2025-02-28 08:00,738.55686653,10738.55686653,0,0
1740715200000,2025-02-28 12:00,738.55686653,10738.55686653,0,0
1740729600000,2025-02-28 16:00,738.55686653,10738.55686653,0,0
1740744000000,2025-02-28 20:00,738.55686653,10738.55686653,0,0
1740758400000,2025-03-01 00:00,738.55686653,10738.55686653,0,0
1740772800000,2025-03-01 04:00,738.55686653,10738.55686653,0,0
1740787200000,2025-03-01 08:00,738.55686653,10738.55686653,0,0
1740801600000,2025-03-01 12:00,738.55686653,10738.55686653,0,0
1740816000000,2025-03-01 16:00,738.55686653,10738.55686653,0,0
1740830400000,2025-03-01 20:00,738.55686653,10738.55686653,0,0
1740844800000,2025-03-02 00:00,738.55686653,10738.55686653,0,0
1740859200000,2025-03-02 04:00,738.55686653,10738.55686653,0,0
1740873600000,2025-03-02 08:00,738.55686653,10738.55686653,0,0
1740888000000,2025-03-02 12:00,738.55686653,10738.55686653,0,0
1740902400000,2025-03-02 16:00,738.55686653,10738.55686653,0,0
1740916800000,2025-03-02 20:00,738.55686653,10738.55686653,0,0
1740931200000,2025-03-03 00:00,738.55686653,10738.55686653,0,0
1740945600000,2025-03-03 04:00,738.55686653,10738.55686653,0,0
1740960000000,2025-03-03 08:00,738.55686653,10738.55686653,0,0
1740974400000,2025-03-03 12:00,738.55686653,10738.55686653,0,0
1740988800000,2025-03-03 16:00,738.55686653,10738.55686653,0,0
1741003200000,2025-03-03 20:00,738.55686653,10738.55686653,0,0
1741017600000,2025-03-04 00:00,738.55686653,10738.55686653,0,0
1741032000000,2025-03-04 04:00,738.55686653,10738.55686653,0,0
1741046400000,2025-03-04 08:00,738.55686653,10738.55686653,0,0
1741060800000,2025-03-04 12:00,738.55686653,10738.55686653,0,0
1741075200000,2025-03-04 16:00,738.55686653,10738.55686653,0,0
1741089600000,2025-03-04 20:00,738.55686653,10738.55686653,0,0
1741104000000,2025-03-05 00:00,738.55686653,10738.55686653,0,0
1741118400000,2025-03-05 04:00,738.55686653,10738.55686653,0,0
1741132800000,2025-03-05 08:00,738.55686653,10738.55686653,0,0
1741147200000,2025-03-05 12:00,738.55686653,10738.55686653,0,0
1741161600000,2025-03-05 16:00,738.55686653,10738.55686653,0,0
1741176000000,2025-03-05 20:00,738.55686653,10738.55686653,0,0
1741190400000,2025-03-06 00:00,738.55686653,10738.55686653,0,0
1741204800000,2025-03-06 04:00,738.55686653,10738.55686653,0,0
1741219200000,2025-03-06 08:00,738.55686653,10738.55686653,0,0
1741233600000,2025-03-06 12:00,738.55686653,10738.55686653,0,0
1741248000000,2025-03-06 16:00,738.55686653,10738.55686653,0,0
1741262400000,2025-03-06 20:00,738.55686653,10738.55686653,0,0
1741276800000,2025-03-07 00:00,738.55686653,10738.55686653,0,0
1741291200000,2025-03-07 04:00,738.55686653,10738.55686653,0,0
1741305600000,2025-03-07 08:00,738.55686653,10738.55686653,0,0
1741320000000,2025-03-07 12:00,738.55686653,10738.55686653,0,0
1741334400000,2025-03-07 16:00,738.55686653,10738.55686653,0,0
1741348800000,2025-03-07 20:00,738.55686653,10738.55686653,0,0
1741363200000,2025-03-08 00:00,738.55686653,10738.55686653,0,0
1741377600000,2025-03-08 04:00,738.55686653,10738.55686653,0,0
1741392000000,2025-03-08 08:00,738.55686653,10738.55686653,0,0
1741406400000,2025-03-08 12:00,738.55686653,10738.55686653,0,0
1741420800000,2025-03-08 16:00,738.55686653,10738.55686653,0,0
1741435200000,2025-03-08 20:00,738.55686653,10738.55686653,0,0
1741449600000,2025-03-09 00:00,738.55686653,10738.55686653,0,0
1741464000000,2025-03-09 04:00,738.55686653,10738.55686653,0,0
1741478400000,2025-03-09 08:00,738.55686653,10738.55686653,0,0
1741492800000,2025-03-09 12:00,738.55686653,10738.55686653,0,0
1741507200000,2025-03-09 16:00,738.55686653,10738.55686653,0,0
1741521600000,2025-03-09 20:00,738.55686653,10738.55686653,0,0
1741536000000,2025-03-10 00:00,738.55686653,10738.55686653,0,0
1741550400000,2025-03-10 04:00,738.55686653,10738.55686653,0,0
1741564800000,2025-03-10 08:00,738.55686653,10738.55686653,0,0
1741579200000,2025-03-10 12:00,738.55686653,10738.55686653,0,0
1741593600000,2025-03-10 16:00,738.55686653,10738.55686653,0,0
1741608000000,2025-03-10 20:00,738.55686653,10738.55686653,0,0
1741622400000,2025-03-11 00:00,738.55686653,10738.55686653,0,0
1741636800000,2025-03-11 04:00,738.55686653,10738.55686653,0,0
1741651200000,2025-03-11 08:00,738.55686653,10738.55686653,0,0
1741665600000,2025-03-11 12:00,738.55686653,10738.55686653,0,0
1741680000000,2025-03-11 16:00,738.55686653,10738.55686653,0,0
1741694400000,2025-03-11 20:00,738.55686653,10738.55686653,0,0
1741708800000,2025-03-12 00:00,738.55686653,10738.55686653,0,0
1741723200000,2025-03-12 04:00,738.55686653,10738.55686653,0,0
1741737600000,2025-03-12 08:00,738.55686653,10738.55686653,0,0
1741752000000,2025-03-12 12:00,738.55686653,10738.55686653,0,0
1741766400000,2025-03-12 16:00,738.55686653,10738.55686653,0,0
1741780800000,2025-03-12 20:00,738.55686653,10738.55686653,0,0
1741795200000,2025-03-13 00:00,738.55686653,10738.55686653,0,0
1741809600000,2025-03-13 04:00,738.55686653,10738.55686653,0,0
1741824000000,2025-03-13 08:00,738.55686653,10738.55686653,0,0
1741838400000,2025-03-13 12:00,738.55686653,10738.55686653,0,0
1741852800000,2025-03-13 16:00,738.55686653,10738.55686653,0,0
1741867200000,2025-03-13 20:00,738.55686653,10738.55686653,0,0
1741881600000,2025-03-14 00:00,738.55686653,10738.55686653,0,0
1741896000000,2025-03-14 04:00,738.55686653,10738.55686653,0,0
1741910400000,2025-03-14 08:00,738.55686653,10738.55686653,0,0
1741924800000,2025-03-14 12:00,738.55686653,10738.55686653,0,0
1741939200000,2025-03-14 16:00,738.55686653,10738.55686653,0,0
1741953600000,2025-03-14 20:00,738.55686653,10738.55686653,0,0
1741968000000,2025-03-15 00:00,738.55686653,10738.55686653,0,0
1741982400000,2025-03-15 04:00,738.55686653,10738.55686653,0,0
1741996800000,2025-03-15 08:00,738.55686653,10738.55686653,0,0
1742011200000,2025-03-15 12:00,738.55686653,10738.55686653,0,0
1742025600000,2025-03-15 16:00,738.55686653,10738.55686653,0,0
1742040000000,2025-03-15 20:00,738.55686653,10738.55686653,0,0
1742054400000,2025-03-16 00:00,738.55686653,10738.55686653,0,0
1742068800000,2025-03-16 04:00,738.55686653,10738.55686653,0,0
1742083200000,2025-03-16 08:00,738.55686653,10738.55686653,0,0
1742097600000,2025-03-16 12:00,738.55686653,10738.55686653,0,0
1742112000000,2025-03-16 16:00,738.55686653,10738.55686653,0,0
1742126400000,2025-03-16 20:00,738.55686653,10738.55686653,0,0
1742140800000,2025-03-17 00:00,738.55686653,10738.55686653,0,0
1742155200000,2025-03-17 04:00,738.55686653,10738.55686653,0,0
1742169600000,2025-03-17 08:00,738.55686653,10738.55686653,0,0
1742184000000,2025-03-17 12:00,738.55686653,10738.55686653,0,0
1742198400000,2025-03-17 16:00,738.55686653,10738.55686653,0,0
1742212800000,2025-03-17 20:00,738.55686653,10738.55686653,0,0
1742227200000,2025-03-18 00:00,738.55686653,10738.55686653,0,0
1742241600000,2025-03-18 04:00,738.55686653,10738.55686653,0,0
1742256000000,2025-03-18 08:00,738.55686653,10738.55686653,0,0
1742270400000,2025-03-18 12:00,738.55686653,10738.55686653,0,0
1742284800000,2025-03-18 16:00,738.55686653,10738.55686653,0,0
1742299200000,2025-03-18 20:00,738.55686653,10738.55686653,0,0
1742313600000,2025-03-19 00:00,738.55686653,10738.55686653,0,0
1742328000000,2025-03-19 04:00,738.55686653,10738.55686653,0,0
1742342400000,2025-03-19 08:00,738.55686653,10738.55686653,0,0
1742356800000,2025-03-19 12:00,738.55686653,10738.55686653,0,0
1742371200000,2025-03-19 16:00,738.55686653,10738.55686653,0,0
1742385600000,2025-03-19 20:00,738.55686653,10738.55686653,0,0
1742400000000,2025-03-20 00:00,738.55686653,10738.55686653,0,0
1742414400000,2025-03-20 04:00,738.55686653,10738.55686653,0,0
1742428800000,2025-03-20 08:00,738.55686653,10738.55686653,0,0
1742443200000,2025-03-20 12:00,738.55686653,10738.55686653,0,0
1742457600000,2025-03-20 16:00,738.55686653,10738.55686653,0,0
1742472000000,2025-03-20 20:00,738.55686653,10738.55686653,0,0
1742486400000,2025-03-21 00:00,738.55686653,10738.55686653,0,0
1742500800000,2025-03-21 04:00,738.55686653,10738.55686653,0,0
1742515200000,2025-03-21 08:00,738.55686653,10738.55686653,0,0
1742529600000,2025-03-21 12:00,738.55686653,10738.55686653,0,0
1742544000000,2025-03-21 16:00,738.55686653,10738.55686653,0,0
1742558400000,2025-03-21 20:00,738.55686653,10738.55686653,0,0
1742572800000,2025-03-22 00:00,738.55686653,10738.55686653,0,0
1742587200000,2025-03-22 04:00,738.55686653,10738.55686653,0,0
1742601600000,2025-03-22 08:00,738.55686653,10738.55686653,0,0
1742616000000,2025-03-22 12:00,738.55686653,10738.55686653,0,0
1742630400000,2025-03-22 16:00,738.55686653,10738.55686653,0,0
1742644800000,2025-03-22 20:00,738.55686653,10738.55686653,0,0
1742659200000,2025-03-23 00:00,738.55686653,10738.55686653,0,0
1742673600000,2025-03-23 04:00,738.55686653,10738.55686653,0,0
1742688000000,2025-03-23 08:00,738.55686653,10738.55686653,0,0
1742702400000,2025-03-23 12:00,738.55686653,10738.55686653,0,0
1742716800000,2025-03-23 16:00,738.55686653,10738.55686653,0,0
1742731200000,2025-03-23 20:00,738.55686653,10738.55686653,0,0
1742745600000,2025-03-24 00:00,738.55686653,10738.55686653,0,0
1742760000000,2025-03-24 04:00,738.55686653,10738.55686653,0,0
1742774400000,2025-03-24 08:00,738.55686653,10738.55686653,0,0
1742788800000,2025-03-24 12:00,738.55686653,10738.55686653,0,0
1742803200000,2025-03-24 16:00,738.55686653,10738.55686653,0,0
1742817600000,2025-03-24 20:00,738.55686653,10738.55686653,0,0
1742832000000,2025-03-25 00:00,738.55686653,10738.55686653,0,0
1742846400000,2025-03-25 04:00,738.55686653,10738.55686653,0,0
1742860800000,2025-03-25 08:00,738.55686653,10738.55686653,0,0
1742875200000,2025-03-25 12:00,738.55686653,10738.55686653,0,0
1742889600000,2025-03-25 16:00,738.55686653,10738.55686653,0,0
1742904000000,2025-03-25 20:00,738.55686653,10738.55686653,0,0
1742918400000,2025-03-26 00:00,738.55686653,10738.55686653,0,0
1742932800000,2025-03-26 04:00,738.55686653,10738.55686653,0,0
1742947200000,2025-03-26 08:00,738.55686653,10738.55686653,0,0
1742961600000,2025-03-26 12:00,738.55686653,10738.55686653,0,0
1742976000000,2025-03-26 16:00,738.55686653,10738.55686653,0,0
1742990400000,2025-03-26 20:00,738.55686653,10738.55686653,0,0
1743004800000,2025-03-27 00:00,738.55686653,10738.55686653,0,0
1743019200000,2025-03-27 04:00,738.55686653,10738.55686653,0,0
1743033600000,2025-03-27 08:00,738.55686653,10738.55686653,0,0
1743048000000,2025-03-27 12:00,738.55686653,10738.55686653,0,0
1743062400000,2025-03-27 16:00,738.55686653,10738.55686653,0,0
1743076800000,2025-03-27 20:00,738.55686653,10738.55686653,0,0
1743091200000,2025-03-28 00:00,738.55686653,10738.55686653,0,0
1743105600000,2025-03-28 04:00,738.55686653,10738.55686653,0,0
1743120000000,2025-03-28 08:00,738.55686653,10738.55686653,0,0
1743134400000,2025-03-28 12:00,738.55686653,10738.55686653,0,0
1743148800000,2025-03-28 16:00,738.55686653,10738.55686653,0,0
1743163200000,2025-03-28 20:00,738.55686653,10738.55686653,0,0
1743177600000,2025-03-29 00:00,738.55686653,10738.55686653,0,0
1743192000000,2025-03-29 04:00,738.55686653,10738.55686653,0,0
1743206400000,2025-03-29 08:00,738.55686653,10738.55686653,0,0
1743220800000,2025-03-29 12:00,738.55686653,10738.55686653,0,0
1743235200000,2025-03-29 16:00,738.55686653,10738.55686653,0,0
1743249600000,2025-03-29 20:00,738.55686653,10738.55686653,0,0
1743264000000,2025-03-30 00:00,738.55686653,10738.55686653,0,0
1743278400000,2025-03-30 04:00,738.55686653,10738.55686653,0,0
1743292800000,2025-03-30 08:00,738.55686653,10738.55686653,0,0
1743307200000,2025-03-30 12:00,738.55686653,10738.55686653,0,0
1743321600000,2025-03-30 16:00,738.55686653,10738.55686653,0,0
1743336000000,2025-03-30 20:00,738.55686653,10738.55686653,0,0
1743350400000,2025-03-31 00:00,738.55686653,10738.55686653,0,0
1743364800000,2025-03-31 04:00,738.55686653,10738.55686653,0,0
1743379200000,2025-03-31 08:00,738.55686653,10738.55686653,0,0
1743393600000,2025-03-31 12:00,738.55686653,10738.55686653,0,0
1743408000000,2025-03-31 16:00,738.55686653,10738.55686653,0,0
1743422400000,2025-03-31 20:00,738.55686653,10738.55686653,0,0
1743436800000,2025-04-01 00:00,738.55686653,10738.55686653,0,0
1743451200000,2025-04-01 04:00,738.55686653,10738.55686653,0,0
1743465600000,2025-04-01 08:00,738.55686653,10738.55686653,0,0
1743480000000,2025-04-01 12:00,738.55686653,10738.55686653,0,0
1743494400000,2025-04-01 16:00,738.55686653,10738.55686653,0,0
1743508800000,2025-04-01 20:00,738.55686653,10738.55686653,0,0
1743523200000,2025-04-02 00:00,738.55686653,10738.55686653,0,0
1743537600000,2025-04-02 04:00,738.55686653,10738.55686653,0,0
1743552000000,2025-04-02 08:00,738.55686653,10738.55686653,0,0
1743566400000,2025-04-02 12:00,738.55686653,10738.55686653,0,0
1743580800000,2025-04-02 16:00,738.55686653,10738.55686653,0,0
1743595200000,2025-04-02 20:00,738.55686653,10738.55686653,0,0
1743609600000,2025-04-03 00:00,738.55686653,10738.55686653,0,0
1743624000000,2025-04-03 04:00,738.55686653,10738.55686653,0,0
1743638400000,2025-04-03 08:00,738.55686653,10738.55686653,0,0
1743652800000,2025-04-03 12:00,738.55686653,10738.55686653,0,0
1743667200000,2025-04-03 16:00,738.55686653,10738.55686653,0,0
1743681600000,2025-04-03 20:00,738.55686653,10738.55686653,0,0
1743696000000,2025-04-04 00:00,738.55686653,10738.55686653,0,0
1743710400000,2025-04-04 04:00,738.55686653,10738.55686653,0,0
1743724800000,2025-04-04 08:00,738.55686653,10738.55686653,0,0
1743739200000,2025-04-04 12:00,738.55686653,10738.55686653,0,0
1743753600000,2025-04-04 16:00,738.55686653,10738.55686653,0,0
1743768000000,2025-04-04 20:00,738.55686653,10738.55686653,0,0
1743782400000,2025-04-05 00:00,738.55686653,10738.55686653,0,0
1743796800000,2025-04-05 04:00,738.55686653,10738.55686653,0,0
1743811200000,2025-04-05 08:00,738.55686653,10738.55686653,0,0
1743825600000,2025-04-05 12:00,738.55686653,10738.55686653,0,0
1743840000000,2025-04-05 16:00,738.55686653,10738.55686653,0,0
1743854400000,2025-04-05 20:00,738.55686653,10738.55686653,0,0
1743868800000,2025-04-06 00:00,738.55686653,10738.55686653,0,0
1743883200000,2025-04-06 04:00,738.55686653,10738.55686653,0,0
1743897600000,2025-04-06 08:00,738.55686653,10738.55686653,0,0
1743912000000,2025-04-06 12:00,738.55686653,10738.55686653,0,0
1743926400000,2025-04-06 16:00,738.55686653,10738.55686653,0,0
1743940800000,2025-04-06 20:00,738.55686653,10738.55686653,0,0
1743955200000,2025-04-07 00:00,738.55686653,10738.55686653,0,0
1743969600000,2025-04-07 04:00,738.55686653,10738.55686653,0,0
1743984000000,2025-04-07 08:00,738.55686653,10738.55686653,0,0
1743998400000,2025-04-07 12:00,738.55686653,10738.55686653,0,0
1744012800000,2025-04-07 16:00,738.55686653,10738.55686653,0,0
1744027200000,2025-04-07 20:00,738.55686653,10738.55686653,0,0
1744041600000,2025-04-08 00:00,738.55686653,10738.55686653,0,0
1744056000000,2025-04-08 04:00,738.55686653,10738.55686653,0,0
1744070400000,2025-04-08 08:00,738.55686653,10738.55686653,0,0
1744084800000,2025-04-08 12:00,738.55686653,10738.55686653,0,0
1744099200000,2025-04-08 16:00,738.55686653,10738.55686653,0,0
1744113600000,2025-04-08 20:00,738.55686653,10738.55686653,0,0
1744128000000,2025-04-09 00:00,738.55686653,10738.55686653,0,0
1744142400000,2025-04-09 04:00,738.55686653,10738.55686653,0,0
1744156800000,2025-04-09 08:00,738.55686653,10738.55686653,0,0
1744171200000,2025-04-09 12:00,738.55686653,10738.55686653,0,0
1744185600000,2025-04-09 16:00,738.55686653,10738.55686653,0,0
1744200000000,2025-04-09 20:00,738.55686653,10738.55686653,0,0
1744214400000,2025-04-10 00:00,738.55686653,10738.55686653,0,0
1744228800000,2025-04-10 04:00,738.55686653,10738.55686653,0,0
1744243200000,2025-04-10 08:00,738.55686653,10738.55686653,0,0
1744257600000,2025-04-10 12:00,738.55686653,10738.55686653,0,0
1744272000000,2025-04-10 16:00,738.55686653,10738.55686653,0,0
1744286400000,2025-04-10 20:00,738.55686653,10738.55686653,0,0
1744300800000,2025-04-11 00:00,738.55686653,10738.55686653,0,0
1744315200000,2025-04-11 04:00,738.55686653,10738.55686653,0,0
1744329600000,2025-04-11 08:00,738.55686653,10738.55686653,0,0
1744344000000,2025-04-11 12:00,738.55686653,10738.55686653,0,0
1744358400000,2025-04-11 16:00,738.55686653,10738.55686653,0,0
1744372800000,2025-04-11 20:00,738.55686653,10738.55686653,0,0
1744387200000,2025-04-12 00:00,738.55686653,10738.55686653,0,0
1744401600000,2025-04-12 04:00,738.55686653,10738.55686653,0,0
1744416000000,2025-04-12 08:00,738.55686653,10738.55686653,0,0
1744430400000,2025-04-12 12:00,738.55686653,10738.55686653,0,0
1744444800000,2025-04-12 16:00,738.55686653,10738.55686653,0,0
1744459200000,2025-04-12 20:00,738.55686653,10738.55686653,0,0
1744473600000,2025-04-13 00:00,738.55686653,10738.55686653,0,0
1744488000000,2025-04-13 04:00,738.55686653,10738.55686653,0,0
1744502400000,2025-04-13 08:00,738.55686653,10738.55686653,0,0
1744516800000,2025-04-13 12:00,738.55686653,10738.55686653,0,0
1744531200000,2025-04-13 16:00,738.55686653,10738.55686653,0,0
1744545600000,2025-04-13 20:00,738.55686653,10738.55686653,0,0
1744560000000,2025-04-14 00:00,738.55686653,10738.55686653,0,0
1744574400000,2025-04-14 04:00,738.55686653,10738.55686653,0,0
1744588800000,2025-04-14 08:00,738.55686653,10738.55686653,0,0
1744603200000,2025-04-14 12:00,738.55686653,10738.55686653,0,0
1744617600000,2025-04-14 16:00,738.55686653,10738.55686653,0,0
1744632000000,2025-04-14 20:00,738.55686653,10738.55686653,0,0
1744646400000,2025-04-15 00:00,738.55686653,10738.55686653,0,0
1744660800000,2025-04-15 04:00,738.55686653,10738.55686653,0,0
1744675200000,2025-04-15 08:00,738.55686653,10738.55686653,0,0
1744689600000,2025-04-15 12:00,738.55686653,10738.55686653,0,0
1744704000000,2025-04-15 16:00,738.55686653,10738.55686653,0,0
1744718400000,2025-04-15 20:00,738.55686653,10738.55686653,0,0
1744732800000,2025-04-16 00:00,738.55686653,10738.55686653,0,0
1744747200000,2025-04-16 04:00,738.55686653,10738.55686653,0,0
1744761600000,2025-04-16 08:00,738.55686653,10738.55686653,0,0
1744776000000,2025-04-16 12:00,738.55686653,10738.55686653,0,0
1744790400000,2025-04-16 16:00,738.55686653,10738.55686653,0,0
1744804800000,2025-04-16 20:00,738.55686653,10738.55686653,0,0
1744819200000,2025-04-17 00:00,738.55686653,10738.55686653,0,0
1744833600000,2025-04-17 04:00,738.55686653,10738.55686653,0,0
1744848000000,2025-04-17 08:00,738.55686653,10738.55686653,0,0
1744862400000,2025-04-17 12:00,738.55686653,10738.55686653,0,0
1744876800000,2025-04-17 16:00,738.55686653,10738.55686653,0,0
1744891200000,2025-04-17 20:00,738.55686653,10738.55686653,0,0
1744905600000,2025-04-18 00:00,738.55686653,10738.55686653,0,0
1744920000000,2025-04-18 04:00,738.55686653,10738.55686653,0,0
1744934400000,2025-04-18 08:00,738.55686653,10738.55686653,0,0
1744948800000,2025-04-18 12:00,738.55686653,10738.55686653,0,0
1744963200000,2025-04-18 16:00,738.55686653,10738.55686653,0,0
1744977600000,2025-04-18 20:00,738.55686653,10738.55686653,0,0
1744992000000,2025-04-19 00:00,738.55686653,10738.55686653,0,0
1745006400000,2025-04-19 04:00,738.55686653,10738.55686653,0,0
1745020800000,2025-04-19 08:00,738.55686653,10738.55686653,0,0
1745035200000,2025-04-19 12:00,738.55686653,10738.55686653,0,0
1745049600000,2025-04-19 16:00,738.55686653,10738.55686653,0,0
1745064000000,2025-04-19 20:00,738.55686653,10738.55686653,0,0
1745078400000,2025-04-20 00:00,738.55686653,10738.55686653,0,0
1745092800000,2025-04-20 04:00,738.55686653,10738.55686653,0,0
1745107200000,2025-04-20 08:00,738.55686653,10738.55686653,0,0
1745121600000,2025-04-20 12:00,738.55686653,10738.55686653,0,0
1745136000000,2025-04-20 16:00,738.55686653,10738.55686653,0,0
1745150400000,2025-04-20 20:00,738.55686653,10738.55686653,0,0
1745164800000,2025-04-21 00:00,738.55686653,10738.55686653,0,0
1745179200000,2025-04-21 04:00,738.55686653,10738.55686653,0,0
1745193600000,2025-04-21 08:00,738.55686653,10738.55686653,0,0
1745208000000,2025-04-21 12:00,738.55686653,10738.55686653,0,0
1745222400000,2025-04-21 16:00,738.55686653,10738.55686653,0,0
1745236800000,2025-04-21 20:00,738.55686653,10738.55686653,0,0
1745251200000,2025-04-22 00:00,738.55686653,10738.55686653,0,0
1745265600000,2025-04-22 04:00,738.55686653,10738.55686653,0,0
1745280000000,2025-04-22 08:00,738.55686653,10738.55686653,0,0
1745294400000,2025-04-22 12:00,738.55686653,10738.55686653,0,0
1745308800000,2025-04-22 16:00,738.55686653,10738.55686653,0,0
1745323200000,2025-04-22 20:00,738.55686653,10738.55686653,0,0
1745337600000,2025-04-23 00:00,738.55686653,10738.55686653,0,0
1745352000000,2025-04-23 04:00,738.55686653,10738.55686653,0,0
1745366400000,2025-04-23 08:00,738.55686653,10738.55686653,0,0
1745380800000,2025-04-23 12:00,738.55686653,10738.55686653,0,0
1745395200000,2025-04-23 16:00,738.55686653,10738.55686653,0,0
1745409600000,2025-04-23 20:00,738.55686653,10738.55686653,0,0
1745424000000,2025-04-24 00:00,738.55686653,10738.55686653,0,0
1745438400000,2025-04-24 04:00,738.55686653,10738.55686653,0,0
1745452800000,2025-04-24 08:00,738.55686653,10738.55686653,0,0
1745467200000,2025-04-24 12:00,738.55686653,10738.55686653,0,0
1745481600000,2025-04-24 16:00,738.55686653,10738.55686653,0,0
1745496000000,2025-04-24 20:00,738.55686653,10738.55686653,0,0
1745510400000,2025-04-25 00:00,738.55686653,10738.55686653,0,0
1745524800000,2025-04-25 04:00,738.55686653,10738.55686653,0,0
1745539200000,2025-04-25 08:00,738.55686653,10738.55686653,0,0
1745553600000,2025-04-25 12:00,738.55686653,10738.55686653,0,0
1745568000000,2025-04-25 16:00,738.55686653,10738.55686653,0,0
1745582400000,2025-04-25 20:00,738.55686653,10738.55686653,0,0
1745596800000,2025-04-26 00:00,738.55686653,10738.55686653,0,0
1745611200000,2025-04-26 04:00,738.55686653,10738.55686653,0,0
1745625600000,2025-04-26 08:00,738.55686653,10738.55686653,0,0
1745640000000,2025-04-26 12:00,738.55686653,10738.55686653,0,0
1745654400000,2025-04-26 16:00,738.55686653,10738.55686653,0,0
1745668800000,2025-04-26 20:00,738.55686653,10738.55686653,0,0
1745683200000,2025-04-27 00:00,738.55686653,10738.55686653,0,0
1745697600000,2025-04-27 04:00,738.55686653,10738.55686653,0,0
1745712000000,2025-04-27 08:00,738.55686653,10738.55686653,0,0
1745726400000,2025-04-27 12:00,738.55686653,10738.55686653,0,0
1745740800000,2025-04-27 16:00,738.55686653,10738.55686653,0,0
1745755200000,2025-04-27 20:00,738.55686653,10738.55686653,0,0
1745769600000,2025-04-28 00:00,738.55686653,10738.55686653,0,0
1745784000000,2025-04-28 04:00,738.55686653,10738.55686653,0,0
1745798400000,2025-04-28 08:00,738.55686653,10738.55686653,0,0
1745812800000,2025-04-28 12:00,738.55686653,10738.55686653,0,0
1745827200000,2025-04-28 16:00,738.55686653,10738.55686653,0,0
1745841600000,2025-04-28 20:00,738.55686653,10738.55686653,0,0
1745856000000,2025-04-29 00:00,738.55686653,10738.55686653,0,0
1745870400000,2025-04-29 04:00,738.55686653,10738.55686653,0,0
1745884800000,2025-04-29 08:00,738.55686653,10738.55686653,0,0
1745899200000,2025-04-29 12:00,738.55686653,10738.55686653,0,0
1745913600000,2025-04-29 16:00,738.55686653,10738.55686653,0,0
1745928000000,2025-04-29 20:00,738.55686653,10738.55686653,0,0
1745942400000,2025-04-30 00:00,738.55686653,10738.55686653,0,0
1745956800000,2025-04-30 04:00,738.55686653,10738.55686653,0,0
1745971200000,2025-04-30 08:00,738.55686653,10738.55686653,0,0
1745985600000,2025-04-30 12:00,738.55686653,10738.55686653,0,0
1746000000000,2025-04-30 16:00,738.55686653,10738.55686653,0,0
1746014400000,2025-04-30 20:00,738.55686653,10738.55686653,0,0
1746028800000,2025-05-01 00:00,738.55686653,10738.55686653,0,0
1746043200000,2025-05-01 04:00,738.55686653,10738.55686653,0,0
1746057600000,2025-05-01 08:00,738.55686653,10738.55686653,0,0
1746072000000,2025-05-01 12:00,738.55686653,10738.55686653,0,0
1746086400000,2025-05-01 16:00,738.55686653,10738.55686653,0,0
1746100800000,2025-05-01 20:00,738.55686653,10738.55686653,0,0
1746115200000,2025-05-02 00:00,738.55686653,10738.55686653,0,0
1746129600000,2025-05-02 04:00,738.55686653,10738.55686653,0,0
1746144000000,2025-05-02 08:00,738.55686653,10738.55686653,0,0
1746158400000,2025-05-02 12:00,738.55686653,10738.55686653,0,0
1746172800000,2025-05-02 16:00,738.55686653,10738.55686653,0,0
1746187200000,2025-05-02 20:00,738.55686653,10738.55686653,0,0
1746201600000,2025-05-03 00:00,738.55686653,10738.55686653,0,0
1746216000000,2025-05-03 04:00,738.55686653,10738.55686653,0,0
1746230400000,2025-05-03 08:00,738.55686653,10738.55686653,0,0
1746244800000,2025-05-03 12:00,738.55686653,10738.55686653,0,0
1746259200000,2025-05-03 16:00,738.55686653,10738.55686653,0,0
1746273600000,2025-05-03 20:00,738.55686653,10738.55686653,0,0
1746288000000,2025-05-04 00:00,738.55686653,10738.55686653,0,0
1746302400000,2025-05-04 04:00,738.55686653,10738.55686653,0,0
1746316800000,2025-05-04 08:00,738.55686653,10738.55686653,0,0
1746331200000,2025-05-04 12:00,738.55686653,10738.55686653,0,0
1746345600000,2025-05-04 16:00,738.55686653,10738.55686653,0,0
1746360000000,2025-05-04 20:00,738.55686653,10738.55686653,0,0
1746374400000,2025-05-05 00:00,738.55686653,10738.55686653,0,0
1746388800000,2025-05-05 04:00,738.55686653,10738.55686653,0,0
1746403200000,2025-05-05 08:00,738.55686653,10738.55686653,0,0
1746417600000,2025-05-05 12:00,738.55686653,10738.55686653,0,0
1746432000000,2025-05-05 16:00,738.55686653,10738.55686653,0,0
1746446400000,2025-05-05 20:00,738.55686653,10738.55686653,0,0
1746460800000,2025-05-06 00:00,738.55686653,10738.55686653,0,0
1746475200000,2025-05-06 04:00,738.55686653,10738.55686653,0,0
1746489600000,2025-05-06 08:00,738.55686653,10738.55686653,0,0
1746504000000,2025-05-06 12:00,738.55686653,10738.55686653,0,0
1746518400000,2025-05-06 16:00,738.55686653,10738.55686653,0,0
1746532800000,2025-05-06 20:00,740.35061702,10740.35061702,0,0
1746547200000,2025-05-07 00:00,740.35061702,10740.35061702,0,0
1746561600000,2025-05-07 04:00,740.35061702,10740.35061702,0,0
1746576000000,2025-05-07 08:00,740.35061702,10740.35061702,0,0
1746590400000,2025-05-07 12:00,740.35061702,10740.35061702,0,0
1746604800000,2025-05-07 16:00,740.35061702,10740.35061702,0,0
1746619200000,2025-05-07 20:00,740.35061702,10740.35061702,0,0
1746633600000,2025-05-08 00:00,740.35061702,10740.35061702,0,0
1746648000000,2025-05-08 04:00,740.35061702,10740.35061702,0,0
1746662400000,2025-05-08 08:00,740.35061702,10740.35061702,0,0
1746676800000,2025-05-08 12:00,740.35061702,10740.35061702,0,0
1746691200000,2025-05-08 16:00,740.35061702,10740.35061702,0,0
1746705600000,2025-05-08 20:00,740.35061702,10740.35061702,0,0
1746720000000,2025-05-09 00:00,740.35061702,10740.35061702,0,0
1746734400000,2025-05-09 04:00,740.35061702,10740.35061702,0,0
1746748800000,2025-05-09 08:00,740.35061702,10740.35061702,0,0
1746763200000,2025-05-09 12:00,740.35061702,10740.35061702,0,0
1746777600000,2025-05-09 16:00,740.35061702,10740.35061702,0,0
1746792000000,2025-05-09 20:00,740.35061702,10740.35061702,0,0
1746806400000,2025-05-10 00:00,740.35061702,10740.35061702,0,0
1746820800000,2025-05-10 04:00,740.35061702,10740.35061702,0,0
1746835200000,2025-05-10 08:00,740.35061702,10740.35061702,0,0
1746849600000,2025-05-10 12:00,740.35061702,10740.35061702,0,0
1746864000000,2025-05-10 16:00,740.35061702,10740.35061702,0,0
1746878400000,2025-05-10 20:00,740.35061702,10740.35061702,0,0
1746892800000,2025-05-11 00:00,740.35061702,10740.35061702,0,0
1746907200000,2025-05-11 04:00,740.35061702,10740.35061702,0,0
1746921600000,2025-05-11 08:00,740.35061702,10740.35061702,0,0
1746936000000,2025-05-11 12:00,740.35061702,10740.35061702,0,0
1746950400000,2025-05-11 16:00,740.35061702,10740.35061702,0,0
1746964800000,2025-05-11 20:00,740.35061702,10740.35061702,0,0
1746979200000,2025-05-12 00:00,740.35061702,10740.35061702,0,0
1746993600000,2025-05-12 04:00,740.35061702,10740.35061702,0,0
1747008000000,2025-05-12 08:00,740.35061702,10740.35061702,0,0
1747022400000,2025-05-12 12:00,740.35061702,10740.35061702,0,0
1747036800000,2025-05-12 16:00,740.35061702,10740.35061702,0,0
1747051200000,2025-05-12 20:00,740.35061702,10740.35061702,0,0
1747065600000,2025-05-13 00:00,740.35061702,10740.35061702,0,0
1747080000000,2025-05-13 04:00,740.35061702,10740.35061702,0,0
1747094400000,2025-05-13 08:00,740.35061702,10740.35061702,0,0
1747108800000,2025-05-13 12:00,740.35061702,10740.35061702,0,0
1747123200000,2025-05-13 16:00,740.35061702,10740.35061702,0,0
1747137600000,2025-05-13 20:00,740.35061702,10740.35061702,0,0
1747152000000,2025-05-14 00:00,740.35061702,10740.35061702,0,0
1747166400000,2025-05-14 04:00,740.35061702,10740.35061702,0,0
1747180800000,2025-05-14 08:00,740.35061702,10740.35061702,0,0
1747195200000,2025-05-14 12:00,740.35061702,10740.35061702,0,0
1747209600000,2025-05-14 16:00,740.35061702,10740.35061702,0,0
1747224000000,2025-05-14 20:00,740.35061702,10740.35061702,0,0
1747238400000,2025-05-15 00:00,740.35061702,10740.35061702,0,0
1747252800000,2025-05-15 04:00,740.35061702,10740.35061702,0,0
1747267200000,2025-05-15 08:00,740.35061702,10740.35061702,0,0
1747281600000,2025-05-15 12:00,740.35061702,10740.35061702,0,0
1747296000000,2025-05-15 16:00,740.35061702,10740.35061702,0,0
1747310400000,2025-05-15 20:00,740.35061702,10740.35061702,0,0
1747324800000,2025-05-16 00:00,740.35061702,10740.35061702,0,0
1747339200000,2025-05-16 04:00,740.35061702,10740.35061702,0,0
1747353600000,2025-05-16 08:00,740.35061702,10740.35061702,0,0
1747368000000,2025-05-16 12:00,740.35061702,10740.35061702,0,0
1747382400000,2025-05-16 16:00,740.35061702,10740.35061702,0,0
1747396800000,2025-05-16 20:00,740.35061702,10740.35061702,0,0
1747411200000,2025-05-17 00:00,740.35061702,10740.35061702,0,0
1747425600000,2025-05-17 04:00,740.35061702,10740.35061702,0,0
1747440000000,2025-05-17 08:00,740.35061702,10740.35061702,0,0
1747454400000,2025-05-17 12:00,740.35061702,10740.35061702,0,0
1747468800000,2025-05-17 16:00,740.35061702,10740.35061702,0,0
1747483200000,2025-05-17 20:00,740.35061702,10740.35061702,0,0
1747497600000,2025-05-18 00:00,740.35061702,10740.35061702,0,0
1747512000000,2025-05-18 04:00,740.35061702,10740.35061702,0,0
1747526400000,2025-05-18 08:00,740.35061702,10740.35061702,0,0
1747540800000,2025-05-18 12:00,740.35061702,10740.35061702,0,0
1747555200000,2025-05-18 16:00,740.35061702,10740.35061702,0,0
1747569600000,2025-05-18 20:00,645.18368854,10645.18368854,95.16692848,0.8860691040122194753783944939
1747584000000,2025-05-19 00:00,645.18368854,10645.18368854,95.16692848,0.8860691040122194753783944939
1747598400000,2025-05-19 04:00,645.18368854,10645.18368854,95.16692848,0.8860691040122194753783944939
1747612800000,2025-05-19 08:00,645.18368854,10645.18368854,95.16692848,0.8860691040122194753783944939
1747627200000,2025-05-19 12:00,645.18368854,10645.18368854,95.16692848,0.8860691040122194753783944939
1747641600000,2025-05-19 16:00,645.18368854,10645.18368854,95.16692848,0.8860691040122194753783944939
1747656000000,2025-05-19 20:00,645.18368854,10645.18368854,95.16692848,0.8860691040122194753783944939
1747670400000,2025-05-20 00:00,645.18368854,10645.18368854,95.16692848,0.8860691040122194753783944939
1747684800000,2025-05-20 04:00,645.18368854,10645.18368854,95.16692848,0.8860691040122194753783944939
1747699200000,2025-05-20 08:00,645.18368854,10645.18368854,95.16692848,0.8860691040122194753783944939
1747713600000,2025-05-20 12:00,645.18368854,10645.18368854,95.16692848,0.8860691040122194753783944939
1747728000000,2025-05-20 16:00,645.18368854,10645.18368854,95.16692848,0.8860691040122194753783944939
1747742400000,2025-05-20 20:00,645.18368854,10645.18368854,95.16692848,0.8860691040122194753783944939
1747756800000,2025-05-21 00:00,645.18368854,10645.18368854,95.16692848,0.8860691040122194753783944939
1747771200000,2025-05-21 04:00,645.18368854,10645.18368854,95.16692848,0.8860691040122194753783944939
1747785600000,2025-05-21 08:00,645.18368854,10645.18368854,95.16692848,0.8860691040122194753783944939
1747800000000,2025-05-21 12:00,645.18368854,10645.18368854,95.16692848,0.8860691040122194753783944939
1747814400000,2025-05-21 16:00,645.18368854,10645.18368854,95.16692848,0.8860691040122194753783944939
1747828800000,2025-05-21 20:00,645.18368854,10645.18368854,95.16692848,0.8860691040122194753783944939
1747843200000,2025-05-22 00:00,645.18368854,10645.18368854,95.16692848,0.8860691040122194753783944939
1747857600000,2025-05-22 04:00,645.18368854,10645.18368854,95.16692848,0.8860691040122194753783944939
1747872000000,2025-05-22 08:00,645.18368854,10645.18368854,95.16692848,0.8860691040122194753783944939
1747886400000,2025-05-22 12:00,645.18368854,10645.18368854,95.16692848,0.8860691040122194753783944939
1747900800000,2025-05-22 16:00,645.18368854,10645.18368854,95.16692848,0.8860691040122194753783944939
1747915200000,2025-05-22 20:00,645.18368854,10645.18368854,95.16692848,0.8860691040122194753783944939
1747929600000,2025-05-23 00:00,645.18368854,10645.18368854,95.16692848,0.8860691040122194753783944939
1747944000000,2025-05-23 04:00,645.18368854,10645.18368854,95.16692848,0.8860691040122194753783944939
1747958400000,2025-05-23 08:00,645.18368854,10645.18368854,95.16692848,0.8860691040122194753783944939
1747972800000,2025-05-23 12:00,645.18368854,10645.18368854,95.16692848,0.8860691040122194753783944939
1747987200000,2025-05-23 16:00,645.18368854,10645.18368854,95.16692848,0.8860691040122194753783944939
1748001600000,2025-05-23 20:00,645.18368854,10645.18368854,95.16692848,0.8860691040122194753783944939
1748016000000,2025-05-24 00:00,645.18368854,10645.18368854,95.16692848,0.8860691040122194753783944939
1748030400000,2025-05-24 04:00,645.18368854,10645.18368854,95.16692848,0.8860691040122194753783944939
1748044800000,2025-05-24 08:00,645.18368854,10645.18368854,95.16692848,0.8860691040122194753783944939
1748059200000,2025-05-24 12:00,645.18368854,10645.18368854,95.16692848,0.8860691040122194753783944939
1748073600000,2025-05-24 16:00,645.18368854,10645.18368854,95.16692848,0.8860691040122194753783944939
1748088000000,2025-05-24 20:00,645.18368854,10645.18368854,95.16692848,0.8860691040122194753783944939
1748102400000,2025-05-25 00:00,645.18368854,10645.18368854,95.16692848,0.8860691040122194753783944939
1748116800000,2025-05-25 04:00,645.18368854,10645.18368854,95.16692848,0.8860691040122194753783944939
1748131200000,2025-05-25 08:00,645.18368854,10645.18368854,95.16692848,0.8860691040122194753783944939
1748145600000,2025-05-25 12:00,645.18368854,10645.18368854,95.16692848,0.8860691040122194753783944939
1748160000000,2025-05-25 16:00,645.18368854,10645.18368854,95.16692848,0.8860691040122194753783944939
1748174400000,2025-05-25 20:00,645.18368854,10645.18368854,95.16692848,0.8860691040122194753783944939
1748188800000,2025-05-26 00:00,645.18368854,10645.18368854,95.16692848,0.8860691040122194753783944939
1748203200000,2025-05-26 04:00,645.18368854,10645.18368854,95.16692848,0.8860691040122194753783944939
1748217600000,2025-05-26 08:00,645.18368854,10645.18368854,95.16692848,0.8860691040122194753783944939
1748232000000,2025-05-26 12:00,645.18368854,10645.18368854,95.16692848,0.8860691040122194753783944939
1748246400000,2025-05-26 16:00,645.18368854,10645.18368854,95.16692848,0.8860691040122194753783944939
1748260800000,2025-05-26 20:00,645.18368854,10645.18368854,95.16692848,0.8860691040122194753783944939
1748275200000,2025-05-27 00:00,645.18368854,10645.18368854,95.16692848,0.8860691040122194753783944939
1748289600000,2025-05-27 04:00,645.18368854,10645.18368854,95.16692848,0.8860691040122194753783944939
1748304000000,2025-05-27 08:00,645.18368854,10645.18368854,95.16692848,0.8860691040122194753783944939
1748318400000,2025-05-27 12:00,645.18368854,10645.18368854,95.16692848,0.8860691040122194753783944939
1748332800000,2025-05-27 16:00,645.18368854,10645.18368854,95.16692848,0.8860691040122194753783944939
1748347200000,2025-05-27 20:00,645.18368854,10645.18368854,95.16692848,0.8860691040122194753783944939
1748361600000,2025-05-28 00:00,645.18368854,10645.18368854,95.16692848,0.8860691040122194753783944939
1748376000000,2025-05-28 04:00,645.18368854,10645.18368854,95.16692848,0.8860691040122194753783944939
1748390400000,2025-05-28 08:00,645.18368854,10645.18368854,95.16692848,0.8860691040122194753783944939
1748404800000,2025-05-28 12:00,645.18368854,10645.18368854,95.16692848,0.8860691040122194753783944939
1748419200000,2025-05-28 16:00,645.18368854,10645.18368854,95.16692848,0.8860691040122194753783944939
1748433600000,2025-05-28 20:00,645.18368854,10645.18368854,95.16692848,0.8860691040122194753783944939
1748448000000,2025-05-29 00:00,645.18368854,10645.18368854,95.16692848,0.8860691040122194753783944939
1748462400000,2025-05-29 04:00,645.18368854,10645.18368854,95.16692848,0.8860691040122194753783944939
1748476800000,2025-05-29 08:00,645.18368854,10645.18368854,95.16692848,0.8860691040122194753783944939
1748491200000,2025-05-29 12:00,645.18368854,10645.18368854,95.16692848,0.8860691040122194753783944939
1748505600000,2025-05-29 16:00,645.18368854,10645.18368854,95.16692848,0.8860691040122194753783944939
1748520000000,2025-05-29 20:00,645.18368854,10645.18368854,95.16692848,0.8860691040122194753783944939
1748534400000,2025-05-30 00:00,645.18368854,10645.18368854,95.16692848,0.8860691040122194753783944939
1748548800000,2025-05-30 04:00,645.18368854,10645.18368854,95.16692848,0.8860691040122194753783944939
1748563200000,2025-05-30 08:00,645.18368854,10645.18368854,95.16692848,0.8860691040122194753783944939
1748577600000,2025-05-30 12:00,645.18368854,10645.18368854,95.16692848,0.8860691040122194753783944939
1748592000000,2025-05-30 16:00,645.18368854,10645.18368854,95.16692848,0.8860691040122194753783944939
1748606400000,2025-05-30 20:00,645.18368854,10645.18368854,95.16692848,0.8860691040122194753783944939
1748620800000,2025-05-31 00:00,645.18368854,10645.18368854,95.16692848,0.8860691040122194753783944939
1748635200000,2025-05-31 04:00,645.18368854,10645.18368854,95.16692848,0.8860691040122194753783944939
1748649600000,2025-05-31 08:00,645.18368854,10645.18368854,95.16692848,0.8860691040122194753783944939
1748664000000,2025-05-31 12:00,645.18368854,10645.18368854,95.16692848,0.8860691040122194753783944939
1748678400000,2025-05-31 16:00,645.18368854,10645.18368854,95.16692848,0.8860691040122194753783944939
1748692800000,2025-05-31 20:00,645.18368854,10645.18368854,95.16692848,0.8860691040122194753783944939
1748707200000,2025-06-01 00:00,645.18368854,10645.18368854,95.16692848,0.8860691040122194753783944939
1748721600000,2025-06-01 04:00,645.18368854,10645.18368854,95.16692848,0.8860691040122194753783944939
1748736000000,2025-06-01 08:00,645.18368854,10645.18368854,95.16692848,0.8860691040122194753783944939
1748750400000,2025-06-01 12:00,645.18368854,10645.18368854,95.16692848,0.8860691040122194753783944939
1748764800000,2025-06-01 16:00,645.18368854,10645.18368854,95.16692848,0.8860691040122194753783944939
1748779200000,2025-06-01 20:00,645.18368854,10645.18368854,95.16692848,0.8860691040122194753783944939
1748793600000,2025-06-02 00:00,822.95235742,10822.95235742,0,0
1748808000000,2025-06-02 04:00,822.95235742,10822.95235742,0,0
1748822400000,2025-06-02 08:00,822.95235742,10822.95235742,0,0
1748836800000,2025-06-02 12:00,822.95235742,10822.95235742,0,0
1748851200000,2025-06-02 16:00,822.95235742,10822.95235742,0,0
1748865600000,2025-06-02 20:00,822.95235742,10822.95235742,0,0
1748880000000,2025-06-03 00:00,822.95235742,10822.95235742,0,0
1748894400000,2025-06-03 04:00,822.95235742,10822.95235742,0,0
1748908800000,2025-06-03 08:00,822.95235742,10822.95235742,0,0
1748923200000,2025-06-03 12:00,822.95235742,10822.95235742,0,0
1748937600000,2025-06-03 16:00,822.95235742,10822.95235742,0,0
1748952000000,2025-06-03 20:00,822.95235742,10822.95235742,0,0
1748966400000,2025-06-04 00:00,822.95235742,10822.95235742,0,0
1748980800000,2025-06-04 04:00,822.95235742,10822.95235742,0,0
1748995200000,2025-06-04 08:00,822.95235742,10822.95235742,0,0
1749009600000,2025-06-04 12:00,822.95235742,10822.95235742,0,0
1749024000000,2025-06-04 16:00,822.95235742,10822.95235742,0,0
1749038400000,2025-06-04 20:00,822.95235742,10822.95235742,0,0
1749052800000,2025-06-05 00:00,822.95235742,10822.95235742,0,0
1749067200000,2025-06-05 04:00,822.95235742,10822.95235742,0,0
1749081600000,2025-06-05 08:00,822.95235742,10822.95235742,0,0
1749096000000,2025-06-05 12:00,822.95235742,10822.95235742,0,0
1749110400000,2025-06-05 16:00,822.95235742,10822.95235742,0,0
1749124800000,2025-06-05 20:00,822.95235742,10822.95235742,0,0
1749139200000,2025-06-06 00:00,822.95235742,10822.95235742,0,0
1749153600000,2025-06-06 04:00,822.95235742,10822.95235742,0,0
1749168000000,2025-06-06 08:00,822.95235742,10822.95235742,0,0
1749182400000,2025-06-06 12:00,822.95235742,10822.95235742,0,0
1749196800000,2025-06-06 16:00,822.95235742,10822.95235742,0,0
1749211200000,2025-06-06 20:00,822.95235742,10822.95235742,0,0
1749225600000,2025-06-07 00:00,822.95235742,10822.95235742,0,0
1749240000000,2025-06-07 04:00,822.95235742,10822.95235742,0,0
1749254400000,2025-06-07 08:00,822.95235742,10822.95235742,0,0
1749268800000,2025-06-07 12:00,822.95235742,10822.95235742,0,0
1749283200000,2025-06-07 16:00,822.95235742,10822.95235742,0,0
1749297600000,2025-06-07 20:00,822.95235742,10822.95235742,0,0
1749312000000,2025-06-08 00:00,822.95235742,10822.95235742,0,0
1749326400000,2025-06-08 04:00,822.95235742,10822.95235742,0,0
1749340800000,2025-06-08 08:00,822.95235742,10822.95235742,0,0
1749355200000,2025-06-08 12:00,822.95235742,10822.95235742,0,0
1749369600000,2025-06-08 16:00,822.95235742,10822.95235742,0,0
1749384000000,2025-06-08 20:00,822.95235742,10822.95235742,0,0
1749398400000,2025-06-09 00:00,822.95235742,10822.95235742,0,0
1749412800000,2025-06-09 04:00,822.95235742,10822.95235742,0,0
1749427200000,2025-06-09 08:00,822.95235742,10822.95235742,0,0
1749441600000,2025-06-09 12:00,822.95235742,10822.95235742,0,0
1749456000000,2025-06-09 16:00,822.95235742,10822.95235742,0,0
1749470400000,2025-06-09 20:00,822.95235742,10822.95235742,0,0
1749484800000,2025-06-10 00:00,822.95235742,10822.95235742,0,0
1749499200000,2025-06-10 04:00,822.95235742,10822.95235742,0,0
1749513600000,2025-06-10 08:00,822.95235742,10822.95235742,0,0
1749528000000,2025-06-10 12:00,822.95235742,10822.95235742,0,0
1749542400000,2025-06-10 16:00,822.95235742,10822.95235742,0,0
1749556800000,2025-06-10 20:00,822.95235742,10822.95235742,0,0
1749571200000,2025-06-11 00:00,822.95235742,10822.95235742,0,0
1749585600000,2025-06-11 04:00,822.95235742,10822.95235742,0,0
1749600000000,2025-06-11 08:00,822.95235742,10822.95235742,0,0
1749614400000,2025-06-11 12:00,822.95235742,10822.95235742,0,0
1749628800000,2025-06-11 16:00,822.95235742,10822.95235742,0,0
1749643200000,2025-06-11 20:00,822.95235742,10822.95235742,0,0
1749657600000,2025-06-12 00:00,822.95235742,10822.95235742,0,0
1749672000000,2025-06-12 04:00,822.95235742,10822.95235742,0,0
1749686400000,2025-06-12 08:00,822.95235742,10822.95235742,0,0
1749700800000,2025-06-12 12:00,822.95235742,10822.95235742,0,0
1749715200000,2025-06-12 16:00,822.95235742,10822.95235742,0,0
1749729600000,2025-06-12 20:00,822.95235742,10822.95235742,0,0
1749744000000,2025-06-13 00:00,822.95235742,10822.95235742,0,0
1749758400000,2025-06-13 04:00,822.95235742,10822.95235742,0,0
1749772800000,2025-06-13 08:00,822.95235742,10822.95235742,0,0
1749787200000,2025-06-13 12:00,822.95235742,10822.95235742,0,0
1749801600000,2025-06-13 16:00,822.95235742,10822.95235742,0,0
1749816000000,2025-06-13 20:00,822.95235742,10822.95235742,0,0
1749830400000,2025-06-14 00:00,822.95235742,10822.95235742,0,0
1749844800000,2025-06-14 04:00,822.95235742,10822.95235742,0,0
1749859200000,2025-06-14 08:00,822.95235742,10822.95235742,0,0
1749873600000,2025-06-14 12:00,822.95235742,10822.95235742,0,0
1749888000000,2025-06-14 16:00,822.95235742,10822.95235742,0,0
1749902400000,2025-06-14 20:00,822.95235742,10822.95235742,0,0
1749916800000,2025-06-15 00:00,822.95235742,10822.95235742,0,0
1749931200000,2025-06-15 04:00,822.95235742,10822.95235742,0,0
1749945600000,2025-06-15 08:00,822.95235742,10822.95235742,0,0
1749960000000,2025-06-15 12:00,822.95235742,10822.95235742,0,0
1749974400000,2025-06-15 16:00,822.95235742,10822.95235742,0,0
1749988800000,2025-06-15 20:00,822.95235742,10822.95235742,0,0
1750003200000,2025-06-16 00:00,822.95235742,10822.95235742,0,0
1750017600000,2025-06-16 04:00,822.95235742,10822.95235742,0,0
1750032000000,2025-06-16 08:00,822.95235742,10822.95235742,0,0
1750046400000,2025-06-16 12:00,730.57748326,10730.57748326,92.37487416,0.853509015926413378492423348
1750060800000,2025-06-16 16:00,730.57748326,10730.57748326,92.37487416,0.853509015926413378492423348
1750075200000,2025-06-16 20:00,730.57748326,10730.57748326,92.37487416,0.853509015926413378492423348
1750089600000,2025-06-17 00:00,730.57748326,10730.57748326,92.37487416,0.853509015926413378492423348
1750104000000,2025-06-17 04:00,730.57748326,10730.57748326,92.37487416,0.853509015926413378492423348
1750118400000,2025-06-17 08:00,730.57748326,10730.57748326,92.37487416,0.853509015926413378492423348
1750132800000,2025-06-17 12:00,730.57748326,10730.57748326,92.37487416,0.853509015926413378492423348
1750147200000,2025-06-17 16:00,730.57748326,10730.57748326,92.37487416,0.853509015926413378492423348
1750161600000,2025-06-17 20:00,730.57748326,10730.57748326,92.37487416,0.853509015926413378492423348
1750176000000,2025-06-18 00:00,730.57748326,10730.57748326,92.37487416,0.853509015926413378492423348
1750190400000,2025-06-18 04:00,730.57748326,10730.57748326,92.37487416,0.853509015926413378492423348
1750204800000,2025-06-18 08:00,730.57748326,10730.57748326,92.37487416,0.853509015926413378492423348
1750219200000,2025-06-18 12:00,730.57748326,10730.57748326,92.37487416,0.853509015926413378492423348
1750233600000,2025-06-18 16:00,730.57748326,10730.57748326,92.37487416,0.853509015926413378492423348
1750248000000,2025-06-18 20:00,730.57748326,10730.57748326,92.37487416,0.853509015926413378492423348
1750262400000,2025-06-19 00:00,730.57748326,10730.57748326,92.37487416,0.853509015926413378492423348
1750276800000,2025-06-19 04:00,730.57748326,10730.57748326,92.37487416,0.853509015926413378492423348
1750291200000,2025-06-19 08:00,730.57748326,10730.57748326,92.37487416,0.853509015926413378492423348
1750305600000,2025-06-19 12:00,730.57748326,10730.57748326,92.37487416,0.853509015926413378492423348
1750320000000,2025-06-19 16:00,730.57748326,10730.57748326,92.37487416,0.853509015926413378492423348
1750334400000,2025-06-19 20:00,730.57748326,10730.57748326,92.37487416,0.853509015926413378492423348
1750348800000,2025-06-20 00:00,730.57748326,10730.57748326,92.37487416,0.853509015926413378492423348
1750363200000,2025-06-20 04:00,730.57748326,10730.57748326,92.37487416,0.853509015926413378492423348
1750377600000,2025-06-20 08:00,730.57748326,10730.57748326,92.37487416,0.853509015926413378492423348
1750392000000,2025-06-20 12:00,730.57748326,10730.57748326,92.37487416,0.853509015926413378492423348
1750406400000,2025-06-20 16:00,730.57748326,10730.57748326,92.37487416,0.853509015926413378492423348
1750420800000,2025-06-20 20:00,730.57748326,10730.57748326,92.37487416,0.853509015926413378492423348
1750435200000,2025-06-21 00:00,730.57748326,10730.57748326,92.37487416,0.853509015926413378492423348
1750449600000,2025-06-21 04:00,730.57748326,10730.57748326,92.37487416,0.853509015926413378492423348
1750464000000,2025-06-21 08:00,730.57748326,10730.57748326,92.37487416,0.853509015926413378492423348
1750478400000,2025-06-21 12:00,730.57748326,10730.57748326,92.37487416,0.853509015926413378492423348
1750492800000,2025-06-21 16:00,730.57748326,10730.57748326,92.37487416,0.853509015926413378492423348
1750507200000,2025-06-21 20:00,730.57748326,10730.57748326,92.37487416,0.853509015926413378492423348
1750521600000,2025-06-22 00:00,730.57748326,10730.57748326,92.37487416,0.853509015926413378492423348
1750536000000,2025-06-22 04:00,730.57748326,10730.57748326,92.37487416,0.853509015926413378492423348
1750550400000,2025-06-22 08:00,730.57748326,10730.57748326,92.37487416,0.853509015926413378492423348
1750564800000,2025-06-22 12:00,730.57748326,10730.57748326,92.37487416,0.853509015926413378492423348
1750579200000,2025-06-22 16:00,730.57748326,10730.57748326,92.37487416,0.853509015926413378492423348
1750593600000,2025-06-22 20:00,730.57748326,10730.57748326,92.37487416,0.853509015926413378492423348
1750608000000,2025-06-23 00:00,730.57748326,10730.57748326,92.37487416,0.853509015926413378492423348
1750622400000,2025-06-23 04:00,730.57748326,10730.57748326,92.37487416,0.853509015926413378492423348
1750636800000,2025-06-23 08:00,730.57748326,10730.57748326,92.37487416,0.853509015926413378492423348
1750651200000,2025-06-23 12:00,730.57748326,10730.57748326,92.37487416,0.853509015926413378492423348
1750665600000,2025-06-23 16:00,730.57748326,10730.57748326,92.37487416,0.853509015926413378492423348
1750680000000,2025-06-23 20:00,730.57748326,10730.57748326,92.37487416,0.853509015926413378492423348
1750694400000,2025-06-24 00:00,730.57748326,10730.57748326,92.37487416,0.853509015926413378492423348
1750708800000,2025-06-24 04:00,730.57748326,10730.57748326,92.37487416,0.853509015926413378492423348
1750723200000,2025-06-24 08:00,730.57748326,10730.57748326,92.37487416,0.853509015926413378492423348
1750737600000,2025-06-24 12:00,730.57748326,10730.57748326,92.37487416,0.853509015926413378492423348
1750752000000,2025-06-24 16:00,730.57748326,10730.57748326,92.37487416,0.853509015926413378492423348
1750766400000,2025-06-24 20:00,730.57748326,10730.57748326,92.37487416,0.853509015926413378492423348
1750780800000,2025-06-25 00:00,730.57748326,10730.57748326,92.37487416,0.853509015926413378492423348
1750795200000,2025-06-25 04:00,730.57748326,10730.57748326,92.37487416,0.853509015926413378492423348
1750809600000,2025-06-25 08:00,730.57748326,10730.57748326,92.37487416,0.853509015926413378492423348
1750824000000,2025-06-25 12:00,730.57748326,10730.57748326,92.37487416,0.853509015926413378492423348
1750838400000,2025-06-25 16:00,730.57748326,10730.57748326,92.37487416,0.853509015926413378492423348
1750852800000,2025-06-25 20:00,730.57748326,10730.57748326,92.37487416,0.853509015926413378492423348
1750867200000,2025-06-26 00:00,730.57748326,10730.57748326,92.37487416,0.853509015926413378492423348
1750881600000,2025-06-26 04:00,730.57748326,10730.57748326,92.37487416,0.853509015926413378492423348
1750896000000,2025-06-26 08:00,730.57748326,10730.57748326,92.37487416,0.853509015926413378492423348
1750910400000,2025-06-26 12:00,730.57748326,10730.57748326,92.37487416,0.853509015926413378492423348
1750924800000,2025-06-26 16:00,730.57748326,10730.57748326,92.37487416,0.853509015926413378492423348
1750939200000,2025-06-26 20:00,730.57748326,10730.57748326,92.37487416,0.853509015926413378492423348
1750953600000,2025-06-27 00:00,730.57748326,10730.57748326,92.37487416,0.853509015926413378492423348
1750968000000,2025-06-27 04:00,730.57748326,10730.57748326,92.37487416,0.853509015926413378492423348
1750982400000,2025-06-27 08:00,730.57748326,10730.57748326,92.37487416,0.853509015926413378492423348
1750996800000,2025-06-27 12:00,730.57748326,10730.57748326,92.37487416,0.853509015926413378492423348
1751011200000,2025-06-27 16:00,730.57748326,10730.57748326,92.37487416,0.853509015926413378492423348
1751025600000,2025-06-27 20:00,730.57748326,10730.57748326,92.37487416,0.853509015926413378492423348
1751040000000,2025-06-28 00:00,730.57748326,10730.57748326,92.37487416,0.853509015926413378492423348
1751054400000,2025-06-28 04:00,730.57748326,10730.57748326,92.37487416,0.853509015926413378492423348
1751068800000,2025-06-28 08:00,730.57748326,10730.57748326,92.37487416,0.853509015926413378492423348
1751083200000,2025-06-28 12:00,730.57748326,10730.57748326,92.37487416,0.853509015926413378492423348
1751097600000,2025-06-28 16:00,730.57748326,10730.57748326,92.37487416,0.853509015926413378492423348
1751112000000,2025-06-28 20:00,730.57748326,10730.57748326,92.37487416,0.853509015926413378492423348
1751126400000,2025-06-29 00:00,730.57748326,10730.57748326,92.37487416,0.853509015926413378492423348
1751140800000,2025-06-29 04:00,730.57748326,10730.57748326,92.37487416,0.853509015926413378492423348
1751155200000,2025-06-29 08:00,730.57748326,10730.57748326,92.37487416,0.853509015926413378492423348
1751169600000,2025-06-29 12:00,730.57748326,10730.57748326,92.37487416,0.853509015926413378492423348
1751184000000,2025-06-29 16:00,730.57748326,10730.57748326,92.37487416,0.853509015926413378492423348
1751198400000,2025-06-29 20:00,730.57748326,10730.57748326,92.37487416,0.853509015926413378492423348
1751212800000,2025-06-30 00:00,730.57748326,10730.57748326,92.37487416,0.853509015926413378492423348
1751227200000,2025-06-30 04:00,730.57748326,10730.57748326,92.37487416,0.853509015926413378492423348
1751241600000,2025-06-30 08:00,730.57748326,10730.57748326,92.37487416,0.853509015926413378492423348
1751256000000,2025-06-30 12:00,730.57748326,10730.57748326,92.37487416,0.853509015926413378492423348
1751270400000,2025-06-30 16:00,730.57748326,10730.57748326,92.37487416,0.853509015926413378492423348
1751284800000,2025-06-30 20:00,730.57748326,10730.57748326,92.37487416,0.853509015926413378492423348
1751299200000,2025-07-01 00:00,730.57748326,10730.57748326,92.37487416,0.853509015926413378492423348
1751313600000,2025-07-01 04:00,730.57748326,10730.57748326,92.37487416,0.853509015926413378492423348
1751328000000,2025-07-01 08:00,730.57748326,10730.57748326,92.37487416,0.853509015926413378492423348
1751342400000,2025-07-01 12:00,730.57748326,10730.57748326,92.37487416,0.853509015926413378492423348
1751356800000,2025-07-01 16:00,730.57748326,10730.57748326,92.37487416,0.853509015926413378492423348
1751371200000,2025-07-01 20:00,730.57748326,10730.57748326,92.37487416,0.853509015926413378492423348
1751385600000,2025-07-02 00:00,730.57748326,10730.57748326,92.37487416,0.853509015926413378492423348
1751400000000,2025-07-02 04:00,730.57748326,10730.57748326,92.37487416,0.853509015926413378492423348
1751414400000,2025-07-02 08:00,730.57748326,10730.57748326,92.37487416,0.853509015926413378492423348
1751428800000,2025-07-02 12:00,730.57748326,10730.57748326,92.37487416,0.853509015926413378492423348
1751443200000,2025-07-02 16:00,730.57748326,10730.57748326,92.37487416,0.853509015926413378492423348
1751457600000,2025-07-02 20:00,730.57748326,10730.57748326,92.37487416,0.853509015926413378492423348
1751472000000,2025-07-03 00:00,730.57748326,10730.57748326,92.37487416,0.853509015926413378492423348
1751486400000,2025-07-03 04:00,730.57748326,10730.57748326,92.37487416,0.853509015926413378492423348
1751500800000,2025-07-03 08:00,730.57748326,10730.57748326,92.37487416,0.853509015926413378492423348
1751515200000,2025-07-03 12:00,730.57748326,10730.57748326,92.37487416,0.853509015926413378492423348
1751529600000,2025-07-03 16:00,730.57748326,10730.57748326,92.37487416,0.853509015926413378492423348
1751544000000,2025-07-03 20:00,730.57748326,10730.57748326,92.37487416,0.853509015926413378492423348
1751558400000,2025-07-04 00:00,730.57748326,10730.57748326,92.37487416,0.853509015926413378492423348
1751572800000,2025-07-04 04:00,730.57748326,10730.57748326,92.37487416,0.853509015926413378492423348
1751587200000,2025-07-04 08:00,730.57748326,10730.57748326,92.37487416,0.853509015926413378492423348
1751601600000,2025-07-04 12:00,730.57748326,10730.57748326,92.37487416,0.853509015926413378492423348
1751616000000,2025-07-04 16:00,730.57748326,10730.57748326,92.37487416,0.853509015926413378492423348
1751630400000,2025-07-04 20:00,730.57748326,10730.57748326,92.37487416,0.853509015926413378492423348
1751644800000,2025-07-05 00:00,730.57748326,10730.57748326,92.37487416,0.853509015926413378492423348
1751659200000,2025-07-05 04:00,730.57748326,10730.57748326,92.37487416,0.853509015926413378492423348
1751673600000,2025-07-05 08:00,730.57748326,10730.57748326,92.37487416,0.853509015926413378492423348
1751688000000,2025-07-05 12:00,730.57748326,10730.57748326,92.37487416,0.853509015926413378492423348
1751702400000,2025-07-05 16:00,730.57748326,10730.57748326,92.37487416,0.853509015926413378492423348
1751716800000,2025-07-05 20:00,730.57748326,10730.57748326,92.37487416,0.853509015926413378492423348
1751731200000,2025-07-06 00:00,730.57748326,10730.57748326,92.37487416,0.853509015926413378492423348
1751745600000,2025-07-06 04:00,730.57748326,10730.57748326,92.37487416,0.853509015926413378492423348
1751760000000,2025-07-06 08:00,730.57748326,10730.57748326,92.37487416,0.853509015926413378492423348
1751774400000,2025-07-06 12:00,730.57748326,10730.57748326,92.37487416,0.853509015926413378492423348
1751788800000,2025-07-06 16:00,730.57748326,10730.57748326,92.37487416,0.853509015926413378492423348
1751803200000,2025-07-06 20:00,730.57748326,10730.57748326,92.37487416,0.853509015926413378492423348
1751817600000,2025-07-07 00:00,730.57748326,10730.57748326,92.37487416,0.853509015926413378492423348
1751832000000,2025-07-07 04:00,730.57748326,10730.57748326,92.37487416,0.853509015926413378492423348
1751846400000,2025-07-07 08:00,730.57748326,10730.57748326,92.37487416,0.853509015926413378492423348
1751860800000,2025-07-07 12:00,730.57748326,10730.57748326,92.37487416,0.853509015926413378492423348
1751875200000,2025-07-07 16:00,730.57748326,10730.57748326,92.37487416,0.853509015926413378492423348
1751889600000,2025-07-07 20:00,730.57748326,10730.57748326,92.37487416,0.853509015926413378492423348
1751904000000,2025-07-08 00:00,730.57748326,10730.57748326,92.37487416,0.853509015926413378492423348
1751918400000,2025-07-08 04:00,730.57748326,10730.57748326,92.37487416,0.853509015926413378492423348
1751932800000,2025-07-08 08:00,730.57748326,10730.57748326,92.37487416,0.853509015926413378492423348
1751947200000,2025-07-08 12:00,730.57748326,10730.57748326,92.37487416,0.853509015926413378492423348
1751961600000,2025-07-08 16:00,730.57748326,10730.57748326,92.37487416,0.853509015926413378492423348
1751976000000,2025-07-08 20:00,730.57748326,10730.57748326,92.37487416,0.853509015926413378492423348
1751990400000,2025-07-09 00:00,730.57748326,10730.57748326,92.37487416,0.853509015926413378492423348
1752004800000,2025-07-09 04:00,730.57748326,10730.57748326,92.37487416,0.853509015926413378492423348
1752019200000,2025-07-09 08:00,730.57748326,10730.57748326,92.37487416,0.853509015926413378492423348
1752033600000,2025-07-09 12:00,730.57748326,10730.57748326,92.37487416,0.853509015926413378492423348
1752048000000,2025-07-09 16:00,730.57748326,10730.57748326,92.37487416,0.853509015926413378492423348
1752062400000,2025-07-09 20:00,730.57748326,10730.57748326,92.37487416,0.853509015926413378492423348
1752076800000,2025-07-10 00:00,730.57748326,10730.57748326,92.37487416,0.853509015926413378492423348
1752091200000,2025-07-10 04:00,730.57748326,10730.57748326,92.37487416,0.853509015926413378492423348
1752105600000,2025-07-10 08:00,730.57748326,10730.57748326,92.37487416,0.853509015926413378492423348
1752120000000,2025-07-10 12:00,730.57748326,10730.57748326,92.37487416,0.853509015926413378492423348
1752134400000,2025-07-10 16:00,730.57748326,10730.57748326,92.37487416,0.853509015926413378492423348
1752148800000,2025-07-10 20:00,730.57748326,10730.57748326,92.37487416,0.853509015926413378492423348
1752163200000,2025-07-11 00:00,730.57748326,10730.57748326,92.37487416,0.853509015926413378492423348
1752177600000,2025-07-11 04:00,730.57748326,10730.57748326,92.37487416,0.853509015926413378492423348
1752192000000,2025-07-11 08:00,730.57748326,10730.57748326,92.37487416,0.853509015926413378492423348
1752206400000,2025-07-11 12:00,730.57748326,10730.57748326,92.37487416,0.853509015926413378492423348
1752220800000,2025-07-11 16:00,730.57748326,10730.57748326,92.37487416,0.853509015926413378492423348
1752235200000,2025-07-11 20:00,730.57748326,10730.57748326,92.37487416,0.853509015926413378492423348
1752249600000,2025-07-12 00:00,730.57748326,10730.57748326,92.37487416,0.853509015926413378492423348
1752264000000,2025-07-12 04:00,730.57748326,10730.57748326,92.37487416,0.853509015926413378492423348
1752278400000,2025-07-12 08:00,730.57748326,10730.57748326,92.37487416,0.853509015926413378492423348
1752292800000,2025-07-12 12:00,730.57748326,10730.57748326,92.37487416,0.853509015926413378492423348
1752307200000,2025-07-12 16:00,730.57748326,10730.57748326,92.37487416,0.853509015926413378492423348
1752321600000,2025-07-12 20:00,730.57748326,10730.57748326,92.37487416,0.853509015926413378492423348
1752336000000,2025-07-13 00:00,730.57748326,10730.57748326,92.37487416,0.853509015926413378492423348
1752350400000,2025-07-13 04:00,730.57748326,10730.57748326,92.37487416,0.853509015926413378492423348
1752364800000,2025-07-13 08:00,730.57748326,10730.57748326,92.37487416,0.853509015926413378492423348
1752379200000,2025-07-13 12:00,730.57748326,10730.57748326,92.37487416,0.853509015926413378492423348
1752393600000,2025-07-13 16:00,730.57748326,10730.57748326,92.37487416,0.853509015926413378492423348
1752408000000,2025-07-13 20:00,730.57748326,10730.57748326,92.37487416,0.853509015926413378492423348
1752422400000,2025-07-14 00:00,730.57748326,10730.57748326,92.37487416,0.853509015926413378492423348
1752436800000,2025-07-14 04:00,730.57748326,10730.57748326,92.37487416,0.853509015926413378492423348
1752451200000,2025-07-14 08:00,730.57748326,10730.57748326,92.37487416,0.853509015926413378492423348
1752465600000,2025-07-14 12:00,730.57748326,10730.57748326,92.37487416,0.853509015926413378492423348
1752480000000,2025-07-14 16:00,730.57748326,10730.57748326,92.37487416,0.853509015926413378492423348
1752494400000,2025-07-14 20:00,730.57748326,10730.57748326,92.37487416,0.853509015926413378492423348
1752508800000,2025-07-15 00:00,730.57748326,10730.57748326,92.37487416,0.853509015926413378492423348
1752523200000,2025-07-15 04:00,730.57748326,10730.57748326,92.37487416,0.853509015926413378492423348
1752537600000,2025-07-15 08:00,730.57748326,10730.57748326,92.37487416,0.853509015926413378492423348
1752552000000,2025-07-15 12:00,730.57748326,10730.57748326,92.37487416,0.853509015926413378492423348
1752566400000,2025-07-15 16:00,730.57748326,10730.57748326,92.37487416,0.853509015926413378492423348
1752580800000,2025-07-15 20:00,730.57748326,10730.57748326,92.37487416,0.853509015926413378492423348
1752595200000,2025-07-16 00:00,730.57748326,10730.57748326,92.37487416,0.853509015926413378492423348
1752609600000,2025-07-16 04:00,730.57748326,10730.57748326,92.37487416,0.853509015926413378492423348
1752624000000,2025-07-16 08:00,730.57748326,10730.57748326,92.37487416,0.853509015926413378492423348
1752638400000,2025-07-16 12:00,730.57748326,10730.57748326,92.37487416,0.853509015926413378492423348
1752652800000,2025-07-16 16:00,730.57748326,10730.57748326,92.37487416,0.853509015926413378492423348
1752667200000,2025-07-16 20:00,730.57748326,10730.57748326,92.37487416,0.853509015926413378492423348
1752681600000,2025-07-17 00:00,730.57748326,10730.57748326,92.37487416,0.853509015926413378492423348
1752696000000,2025-07-17 04:00,730.57748326,10730.57748326,92.37487416,0.853509015926413378492423348
1752710400000,2025-07-17 08:00,730.57748326,10730.57748326,92.37487416,0.853509015926413378492423348
1752724800000,2025-07-17 12:00,730.57748326,10730.57748326,92.37487416,0.853509015926413378492423348
1752739200000,2025-07-17 16:00,730.57748326,10730.57748326,92.37487416,0.853509015926413378492423348
1752753600000,2025-07-17 20:00,730.57748326,10730.57748326,92.37487416,0.853509015926413378492423348
1752768000000,2025-07-18 00:00,730.57748326,10730.57748326,92.37487416,0.853509015926413378492423348
1752782400000,2025-07-18 04:00,730.57748326,10730.57748326,92.37487416,0.853509015926413378492423348
1752796800000,2025-07-18 08:00,730.57748326,10730.57748326,92.37487416,0.853509015926413378492423348
1752811200000,2025-07-18 12:00,730.57748326,10730.57748326,92.37487416,0.853509015926413378492423348
1752825600000,2025-07-18 16:00,730.57748326,10730.57748326,92.37487416,0.853509015926413378492423348
1752840000000,2025-07-18 20:00,730.57748326,10730.57748326,92.37487416,0.853509015926413378492423348
1752854400000,2025-07-19 00:00,730.57748326,10730.57748326,92.37487416,0.853509015926413378492423348
1752868800000,2025-07-19 04:00,730.57748326,10730.57748326,92.37487416,0.853509015926413378492423348
1752883200000,2025-07-19 08:00,730.57748326,10730.57748326,92.37487416,0.853509015926413378492423348
1752897600000,2025-07-19 12:00,730.57748326,10730.57748326,92.37487416,0.853509015926413378492423348
1752912000000,2025-07-19 16:00,730.57748326,10730.57748326,92.37487416,0.853509015926413378492423348
1752926400000,2025-07-19 20:00,730.57748326,10730.57748326,92.37487416,0.853509015926413378492423348
1752940800000,2025-07-20 00:00,730.57748326,10730.57748326,92.37487416,0.853509015926413378492423348
1752955200000,2025-07-20 04:00,730.57748326,10730.57748326,92.37487416,0.853509015926413378492423348
1752969600000,2025-07-20 08:00,730.57748326,10730.57748326,92.37487416,0.853509015926413378492423348
1752984000000,2025-07-20 12:00,730.57748326,10730.57748326,92.37487416,0.853509015926413378492423348
1752998400000,2025-07-20 16:00,730.57748326,10730.57748326,92.37487416,0.853509015926413378492423348
1753012800000,2025-07-20 20:00,730.57748326,10730.57748326,92.37487416,0.853509015926413378492423348
1753027200000,2025-07-21 00:00,730.57748326,10730.57748326,92.37487416,0.853509015926413378492423348
1753041600000,2025-07-21 04:00,730.57748326,10730.57748326,92.37487416,0.853509015926413378492423348
1753056000000,2025-07-21 08:00,732.32188578,10732.32188578,90.63047164,0.8373913942055335626600020063
1753070400000,2025-07-21 12:00,732.32188578,10732.32188578,90.63047164,0.8373913942055335626600020063
1753084800000,2025-07-21 16:00,732.32188578,10732.32188578,90.63047164,0.8373913942055335626600020063
1753099200000,2025-07-21 20:00,732.32188578,10732.32188578,90.63047164,0.8373913942055335626600020063
1753113600000,2025-07-22 00:00,732.32188578,10732.32188578,90.63047164,0.8373913942055335626600020063
1753128000000,2025-07-22 04:00,732.32188578,10732.32188578,90.63047164,0.8373913942055335626600020063
1753142400000,2025-07-22 08:00,732.32188578,10732.32188578,90.63047164,0.8373913942055335626600020063
1753156800000,2025-07-22 12:00,732.32188578,10732.32188578,90.63047164,0.8373913942055335626600020063
1753171200000,2025-07-22 16:00,732.32188578,10732.32188578,90.63047164,0.8373913942055335626600020063
1753185600000,2025-07-22 20:00,732.32188578,10732.32188578,90.63047164,0.8373913942055335626600020063
1753200000000,2025-07-23 00:00,732.32188578,10732.32188578,90.63047164,0.8373913942055335626600020063
1753214400000,2025-07-23 04:00,732.32188578,10732.32188578,90.63047164,0.8373913942055335626600020063
1753228800000,2025-07-23 08:00,732.32188578,10732.32188578,90.63047164,0.8373913942055335626600020063
1753243200000,2025-07-23 12:00,732.32188578,10732.32188578,90.63047164,0.8373913942055335626600020063
1753257600000,2025-07-23 16:00,732.32188578,10732.32188578,90.63047164,0.8373913942055335626600020063
1753272000000,2025-07-23 20:00,732.32188578,10732.32188578,90.63047164,0.8373913942055335626600020063
1753286400000,2025-07-24 00:00,732.32188578,10732.32188578,90.63047164,0.8373913942055335626600020063
1753300800000,2025-07-24 04:00,732.32188578,10732.32188578,90.63047164,0.8373913942055335626600020063
1753315200000,2025-07-24 08:00,732.32188578,10732.32188578,90.63047164,0.8373913942055335626600020063
1753329600000,2025-07-24 12:00,732.32188578,10732.32188578,90.63047164,0.8373913942055335626600020063
1753344000000,2025-07-24 16:00,732.32188578,10732.32188578,90.63047164,0.8373913942055335626600020063
1753358400000,2025-07-24 20:00,732.32188578,10732.32188578,90.63047164,0.8373913942055335626600020063
1753372800000,2025-07-25 00:00,732.32188578,10732.32188578,90.63047164,0.8373913942055335626600020063
1753387200000,2025-07-25 04:00,732.32188578,10732.32188578,90.63047164,0.8373913942055335626600020063
1753401600000,2025-07-25 08:00,732.32188578,10732.32188578,90.63047164,0.8373913942055335626600020063
1753416000000,2025-07-25 12:00,732.32188578,10732.32188578,90.63047164,0.8373913942055335626600020063
1753430400000,2025-07-25 16:00,732.32188578,10732.32188578,90.63047164,0.8373913942055335626600020063
1753444800000,2025-07-25 20:00,732.32188578,10732.32188578,90.63047164,0.8373913942055335626600020063
1753459200000,2025-07-26 00:00,732.32188578,10732.32188578,90.63047164,0.8373913942055335626600020063
1753473600000,2025-07-26 04:00,732.32188578,10732.32188578,90.63047164,0.8373913942055335626600020063
1753488000000,2025-07-26 08:00,732.32188578,10732.32188578,90.63047164,0.8373913942055335626600020063
1753502400000,2025-07-26 12:00,732.32188578,10732.32188578,90.63047164,0.8373913942055335626600020063
1753516800000,2025-07-26 16:00,732.32188578,10732.32188578,90.63047164,0.8373913942055335626600020063
1753531200000,2025-07-26 20:00,732.32188578,10732.32188578,90.63047164,0.8373913942055335626600020063
1753545600000,2025-07-27 00:00,732.32188578,10732.32188578,90.63047164,0.8373913942055335626600020063
1753560000000,2025-07-27 04:00,732.32188578,10732.32188578,90.63047164,0.8373913942055335626600020063
1753574400000,2025-07-27 08:00,732.32188578,10732.32188578,90.63047164,0.8373913942055335626600020063
1753588800000,2025-07-27 12:00,732.32188578,10732.32188578,90.63047164,0.8373913942055335626600020063
1753603200000,2025-07-27 16:00,732.32188578,10732.32188578,90.63047164,0.8373913942055335626600020063
1753617600000,2025-07-27 20:00,732.32188578,10732.32188578,90.63047164,0.8373913942055335626600020063
1753632000000,2025-07-28 00:00,634.60531992,10634.60531992,188.3470375,1.74025562785438145639812316
1753646400000,2025-07-28 04:00,634.60531992,10634.60531992,188.3470375,1.74025562785438145639812316
1753660800000,2025-07-28 08:00,634.60531992,10634.60531992,188.3470375,1.74025562785438145639812316
1753675200000,2025-07-28 12:00,634.60531992,10634.60531992,188.3470375,1.74025562785438145639812316
1753689600000,2025-07-28 16:00,634.60531992,10634.60531992,188.3470375,1.74025562785438145639812316
1753704000000,2025-07-28 20:00,634.60531992,10634.60531992,188.3470375,1.74025562785438145639812316
1753718400000,2025-07-29 00:00,634.60531992,10634.60531992,188.3470375,1.74025562785438145639812316
1753732800000,2025-07-29 04:00,634.60531992,10634.60531992,188.3470375,1.74025562785438145639812316
1753747200000,2025-07-29 08:00,634.60531992,10634.60531992,188.3470375,1.74025562785438145639812316
1753761600000,2025-07-29 12:00,634.60531992,10634.60531992,188.3470375,1.74025562785438145639812316
1753776000000,2025-07-29 16:00,634.60531992,10634.60531992,188.3470375,1.74025562785438145639812316
1753790400000,2025-07-29 20:00,634.60531992,10634.60531992,188.3470375,1.74025562785438145639812316
1753804800000,2025-07-30 00:00,634.60531992,10634.60531992,188.3470375,1.74025562785438145639812316
1753819200000,2025-07-30 04:00,634.60531992,10634.60531992,188.3470375,1.74025562785438145639812316
1753833600000,2025-07-30 08:00,634.60531992,10634.60531992,188.3470375,1.74025562785438145639812316
1753848000000,2025-07-30 12:00,634.60531992,10634.60531992,188.3470375,1.74025562785438145639812316
1753862400000,2025-07-30 16:00,634.60531992,10634.60531992,188.3470375,1.74025562785438145639812316
1753876800000,2025-07-30 20:00,634.60531992,10634.60531992,188.3470375,1.74025562785438145639812316
1753891200000,2025-07-31 00:00,634.60531992,10634.60531992,188.3470375,1.74025562785438145639812316
1753905600000,2025-07-31 04:00,634.60531992,10634.60531992,188.3470375,1.74025562785438145639812316
1753920000000,2025-07-31 08:00,636.59324144,10636.59324144,186.35911598,1.721887982369578774946535313
1753934400000,2025-07-31 12:00,636.59324144,10636.59324144,186.35911598,1.721887982369578774946535313
1753948800000,2025-07-31 16:00,636.59324144,10636.59324144,186.35911598,1.721887982369578774946535313
1753963200000,2025-07-31 20:00,636.59324144,10636.59324144,186.35911598,1.721887982369578774946535313
1753977600000,2025-08-01 00:00,636.59324144,10636.59324144,186.35911598,1.721887982369578774946535313
1753992000000,2025-08-01 04:00,636.59324144,10636.59324144,186.35911598,1.721887982369578774946535313
1754006400000,2025-08-01 08:00,636.59324144,10636.59324144,186.35911598,1.721887982369578774946535313
1754020800000,2025-08-01 12:00,636.59324144,10636.59324144,186.35911598,1.721887982369578774946535313
1754035200000,2025-08-01 16:00,636.59324144,10636.59324144,186.35911598,1.721887982369578774946535313
1754049600000,2025-08-01 20:00,636.59324144,10636.59324144,186.35911598,1.721887982369578774946535313
1754064000000,2025-08-02 00:00,636.59324144,10636.59324144,186.35911598,1.721887982369578774946535313
1754078400000,2025-08-02 04:00,636.59324144,10636.59324144,186.35911598,1.721887982369578774946535313
1754092800000,2025-08-02 08:00,636.59324144,10636.59324144,186.35911598,1.721887982369578774946535313
1754107200000,2025-08-02 12:00,636.59324144,10636.59324144,186.35911598,1.721887982369578774946535313
1754121600000,2025-08-02 16:00,636.59324144,10636.59324144,186.35911598,1.721887982369578774946535313
1754136000000,2025-08-02 20:00,636.59324144,10636.59324144,186.35911598,1.721887982369578774946535313
1754150400000,2025-08-03 00:00,636.59324144,10636.59324144,186.35911598,1.721887982369578774946535313
1754164800000,2025-08-03 04:00,636.59324144,10636.59324144,186.35911598,1.721887982369578774946535313
1754179200000,2025-08-03 08:00,636.59324144,10636.59324144,186.35911598,1.721887982369578774946535313
1754193600000,2025-08-03 12:00,636.59324144,10636.59324144,186.35911598,1.721887982369578774946535313
1754208000000,2025-08-03 16:00,636.59324144,10636.59324144,186.35911598,1.721887982369578774946535313
1754222400000,2025-08-03 20:00,636.59324144,10636.59324144,186.35911598,1.721887982369578774946535313
1754236800000,2025-08-04 00:00,636.59324144,10636.59324144,186.35911598,1.721887982369578774946535313
1754251200000,2025-08-04 04:00,636.59324144,10636.59324144,186.35911598,1.721887982369578774946535313
1754265600000,2025-08-04 08:00,636.59324144,10636.59324144,186.35911598,1.721887982369578774946535313
1754280000000,2025-08-04 12:00,636.59324144,10636.59324144,186.35911598,1.721887982369578774946535313
1754294400000,2025-08-04 16:00,636.59324144,10636.59324144,186.35911598,1.721887982369578774946535313
1754308800000,2025-08-04 20:00,636.59324144,10636.59324144,186.35911598,1.721887982369578774946535313
1754323200000,2025-08-05 00:00,636.59324144,10636.59324144,186.35911598,1.721887982369578774946535313
1754337600000,2025-08-05 04:00,636.59324144,10636.59324144,186.35911598,1.721887982369578774946535313
1754352000000,2025-08-05 08:00,636.59324144,10636.59324144,186.35911598,1.721887982369578774946535313
1754366400000,2025-08-05 12:00,636.59324144,10636.59324144,186.35911598,1.721887982369578774946535313
1754380800000,2025-08-05 16:00,636.59324144,10636.59324144,186.35911598,1.721887982369578774946535313
1754395200000,2025-08-05 20:00,636.59324144,10636.59324144,186.35911598,1.721887982369578774946535313
1754409600000,2025-08-06 00:00,636.59324144,10636.59324144,186.35911598,1.721887982369578774946535313
1754424000000,2025-08-06 04:00,636.59324144,10636.59324144,186.35911598,1.721887982369578774946535313
1754438400000,2025-08-06 08:00,636.59324144,10636.59324144,186.35911598,1.721887982369578774946535313
1754452800000,2025-08-06 12:00,636.59324144,10636.59324144,186.35911598,1.721887982369578774946535313
1754467200000,2025-08-06 16:00,636.59324144,10636.59324144,186.35911598,1.721887982369578774946535313
1754481600000,2025-08-06 20:00,636.59324144,10636.59324144,186.35911598,1.721887982369578774946535313
1754496000000,2025-08-07 00:00,636.59324144,10636.59324144,186.35911598,1.721887982369578774946535313
1754510400000,2025-08-07 04:00,636.59324144,10636.59324144,186.35911598,1.721887982369578774946535313
1754524800000,2025-08-07 08:00,636.59324144,10636.59324144,186.35911598,1.721887982369578774946535313
1754539200000,2025-08-07 12:00,636.59324144,10636.59324144,186.35911598,1.721887982369578774946535313
1754553600000,2025-08-07 16:00,636.59324144,10636.59324144,186.35911598,1.721887982369578774946535313
1754568000000,2025-08-07 20:00,636.59324144,10636.59324144,186.35911598,1.721887982369578774946535313
1754582400000,2025-08-08 00:00,636.59324144,10636.59324144,186.35911598,1.721887982369578774946535313
1754596800000,2025-08-08 04:00,636.59324144,10636.59324144,186.35911598,1.721887982369578774946535313
1754611200000,2025-08-08 08:00,636.59324144,10636.59324144,186.35911598,1.721887982369578774946535313
1754625600000,2025-08-08 12:00,636.59324144,10636.59324144,186.35911598,1.721887982369578774946535313
1754640000000,2025-08-08 16:00,636.59324144,10636.59324144,186.35911598,1.721887982369578774946535313
1754654400000,2025-08-08 20:00,636.59324144,10636.59324144,186.35911598,1.721887982369578774946535313
1754668800000,2025-08-09 00:00,636.59324144,10636.59324144,186.35911598,1.721887982369578774946535313
1754683200000,2025-08-09 04:00,636.59324144,10636.59324144,186.35911598,1.721887982369578774946535313
1754697600000,2025-08-09 08:00,636.59324144,10636.59324144,186.35911598,1.721887982369578774946535313
1754712000000,2025-08-09 12:00,636.59324144,10636.59324144,186.35911598,1.721887982369578774946535313
1754726400000,2025-08-09 16:00,636.59324144,10636.59324144,186.35911598,1.721887982369578774946535313
1754740800000,2025-08-09 20:00,636.59324144,10636.59324144,186.35911598,1.721887982369578774946535313
1754755200000,2025-08-10 00:00,636.59324144,10636.59324144,186.35911598,1.721887982369578774946535313
1754769600000,2025-08-10 04:00,636.59324144,10636.59324144,186.35911598,1.721887982369578774946535313
1754784000000,2025-08-10 08:00,636.59324144,10636.59324144,186.35911598,1.721887982369578774946535313
1754798400000,2025-08-10 12:00,636.59324144,10636.59324144,186.35911598,1.721887982369578774946535313
1754812800000,2025-08-10 16:00,636.59324144,10636.59324144,186.35911598,1.721887982369578774946535313
1754827200000,2025-08-10 20:00,636.59324144,10636.59324144,186.35911598,1.721887982369578774946535313
1754841600000,2025-08-11 00:00,636.59324144,10636.59324144,186.35911598,1.721887982369578774946535313
1754856000000,2025-08-11 04:00,636.59324144,10636.59324144,186.35911598,1.721887982369578774946535313
1754870400000,2025-08-11 08:00,636.59324144,10636.59324144,186.35911598,1.721887982369578774946535313
1754884800000,2025-08-11 12:00,636.59324144,10636.59324144,186.35911598,1.721887982369578774946535313
1754899200000,2025-08-11 16:00,636.59324144,10636.59324144,186.35911598,1.721887982369578774946535313
1754913600000,2025-08-11 20:00,636.59324144,10636.59324144,186.35911598,1.721887982369578774946535313
1754928000000,2025-08-12 00:00,636.59324144,10636.59324144,186.35911598,1.721887982369578774946535313
1754942400000,2025-08-12 04:00,636.59324144,10636.59324144,186.35911598,1.721887982369578774946535313
1754956800000,2025-08-12 08:00,636.59324144,10636.59324144,186.35911598,1.721887982369578774946535313
1754971200000,2025-08-12 12:00,636.59324144,10636.59324144,186.35911598,1.721887982369578774946535313
1754985600000,2025-08-12 16:00,636.59324144,10636.59324144,186.35911598,1.721887982369578774946535313
1755000000000,2025-08-12 20:00,636.59324144,10636.59324144,186.35911598,1.721887982369578774946535313
1755014400000,2025-08-13 00:00,636.59324144,10636.59324144,186.35911598,1.721887982369578774946535313
1755028800000,2025-08-13 04:00,636.59324144,10636.59324144,186.35911598,1.721887982369578774946535313
1755043200000,2025-08-13 08:00,636.59324144,10636.59324144,186.35911598,1.721887982369578774946535313
1755057600000,2025-08-13 12:00,636.59324144,10636.59324144,186.35911598,1.721887982369578774946535313
1755072000000,2025-08-13 16:00,636.59324144,10636.59324144,186.35911598,1.721887982369578774946535313
1755086400000,2025-08-13 20:00,636.59324144,10636.59324144,186.35911598,1.721887982369578774946535313
1755100800000,2025-08-14 00:00,636.59324144,10636.59324144,186.35911598,1.721887982369578774946535313
1755115200000,2025-08-14 04:00,636.59324144,10636.59324144,186.35911598,1.721887982369578774946535313
1755129600000,2025-08-14 08:00,636.59324144,10636.59324144,186.35911598,1.721887982369578774946535313
1755144000000,2025-08-14 12:00,636.59324144,10636.59324144,186.35911598,1.721887982369578774946535313
1755158400000,2025-08-14 16:00,636.59324144,10636.59324144,186.35911598,1.721887982369578774946535313
1755172800000,2025-08-14 20:00,636.59324144,10636.59324144,186.35911598,1.721887982369578774946535313
1755187200000,2025-08-15 00:00,636.59324144,10636.59324144,186.35911598,1.721887982369578774946535313
1755201600000,2025-08-15 04:00,636.59324144,10636.59324144,186.35911598,1.721887982369578774946535313
1755216000000,2025-08-15 08:00,636.59324144,10636.59324144,186.35911598,1.721887982369578774946535313
1755230400000,2025-08-15 12:00,636.59324144,10636.59324144,186.35911598,1.721887982369578774946535313
1755244800000,2025-08-15 16:00,636.59324144,10636.59324144,186.35911598,1.721887982369578774946535313
1755259200000,2025-08-15 20:00,636.59324144,10636.59324144,186.35911598,1.721887982369578774946535313
1755273600000,2025-08-16 00:00,636.59324144,10636.59324144,186.35911598,1.721887982369578774946535313
1755288000000,2025-08-16 04:00,636.59324144,10636.59324144,186.35911598,1.721887982369578774946535313
1755302400000,2025-08-16 08:00,636.59324144,10636.59324144,186.35911598,1.721887982369578774946535313
1755316800000,2025-08-16 12:00,636.59324144,10636.59324144,186.35911598,1.721887982369578774946535313
1755331200000,2025-08-16 16:00,636.59324144,10636.59324144,186.35911598,1.721887982369578774946535313
1755345600000,2025-08-16 20:00,636.59324144,10636.59324144,186.35911598,1.721887982369578774946535313
1755360000000,2025-08-17 00:00,636.59324144,10636.59324144,186.35911598,1.721887982369578774946535313
1755374400000,2025-08-17 04:00,636.59324144,10636.59324144,186.35911598,1.721887982369578774946535313
1755388800000,2025-08-17 08:00,636.59324144,10636.59324144,186.35911598,1.721887982369578774946535313
1755403200000,2025-08-17 12:00,636.59324144,10636.59324144,186.35911598,1.721887982369578774946535313
1755417600000,2025-08-17 16:00,636.59324144,10636.59324144,186.35911598,1.721887982369578774946535313
1755432000000,2025-08-17 20:00,636.59324144,10636.59324144,186.35911598,1.721887982369578774946535313
1755446400000,2025-08-18 00:00,636.59324144,10636.59324144,186.35911598,1.721887982369578774946535313
1755460800000,2025-08-18 04:00,636.59324144,10636.59324144,186.35911598,1.721887982369578774946535313
1755475200000,2025-08-18 08:00,636.59324144,10636.59324144,186.35911598,1.721887982369578774946535313
1755489600000,2025-08-18 12:00,636.59324144,10636.59324144,186.35911598,1.721887982369578774946535313
1755504000000,2025-08-18 16:00,636.59324144,10636.59324144,186.35911598,1.721887982369578774946535313
1755518400000,2025-08-18 20:00,636.59324144,10636.59324144,186.35911598,1.721887982369578774946535313
1755532800000,2025-08-19 00:00,732.37695248,10732.37695248,90.57540494,0.8368825986552856917990385652
1755547200000,2025-08-19 04:00,732.37695248,10732.37695248,90.57540494,0.8368825986552856917990385652
1755561600000,2025-08-19 08:00,732.37695248,10732.37695248,90.57540494,0.8368825986552856917990385652
1755576000000,2025-08-19 12:00,732.37695248,10732.37695248,90.57540494,0.8368825986552856917990385652
1755590400000,2025-08-19 16:00,732.37695248,10732.37695248,90.57540494,0.8368825986552856917990385652
1755604800000,2025-08-19 20:00,732.37695248,10732.37695248,90.57540494,0.8368825986552856917990385652
1755619200000,2025-08-20 00:00,732.37695248,10732.37695248,90.57540494,0.8368825986552856917990385652
1755633600000,2025-08-20 04:00,732.37695248,10732.37695248,90.57540494,0.8368825986552856917990385652
1755648000000,2025-08-20 08:00,732.37695248,10732.37695248,90.57540494,0.8368825986552856917990385652
1755662400000,2025-08-20 12:00,732.37695248,10732.37695248,90.57540494,0.8368825986552856917990385652
1755676800000,2025-08-20 16:00,732.37695248,10732.37695248,90.57540494,0.8368825986552856917990385652
1755691200000,2025-08-20 20:00,732.37695248,10732.37695248,90.57540494,0.8368825986552856917990385652
1755705600000,2025-08-21 00:00,732.37695248,10732.37695248,90.57540494,0.8368825986552856917990385652
1755720000000,2025-08-21 04:00,732.37695248,10732.37695248,90.57540494,0.8368825986552856917990385652
1755734400000,2025-08-21 08:00,732.37695248,10732.37695248,90.57540494,0.8368825986552856917990385652
1755748800000,2025-08-21 12:00,732.37695248,10732.37695248,90.57540494,0.8368825986552856917990385652
1755763200000,2025-08-21 16:00,732.37695248,10732.37695248,90.57540494,0.8368825986552856917990385652
1755777600000,2025-08-21 20:00,732.37695248,10732.37695248,90.57540494,0.8368825986552856917990385652
1755792000000,2025-08-22 00:00,732.37695248,10732.37695248,90.57540494,0.8368825986552856917990385652
1755806400000,2025-08-22 04:00,732.37695248,10732.37695248,90.57540494,0.8368825986552856917990385652
1755820800000,2025-08-22 08:00,732.37695248,10732.37695248,90.57540494,0.8368825986552856917990385652
1755835200000,2025-08-22 12:00,732.37695248,10732.37695248,90.57540494,0.8368825986552856917990385652
1755849600000,2025-08-22 16:00,732.37695248,10732.37695248,90.57540494,0.8368825986552856917990385652
1755864000000,2025-08-22 20:00,732.37695248,10732.37695248,90.57540494,0.8368825986552856917990385652
1755878400000,2025-08-23 00:00,732.37695248,10732.37695248,90.57540494,0.8368825986552856917990385652
1755892800000,2025-08-23 04:00,732.37695248,10732.37695248,90.57540494,0.8368825986552856917990385652
1755907200000,2025-08-23 08:00,732.37695248,10732.37695248,90.57540494,0.8368825986552856917990385652
1755921600000,2025-08-23 12:00,732.37695248,10732.37695248,90.57540494,0.8368825986552856917990385652
1755936000000,2025-08-23 16:00,732.37695248,10732.37695248,90.57540494,0.8368825986552856917990385652
1755950400000,2025-08-23 20:00,732.37695248,10732.37695248,90.57540494,0.8368825986552856917990385652
1755964800000,2025-08-24 00:00,732.37695248,10732.37695248,90.57540494,0.8368825986552856917990385652
1755979200000,2025-08-24 04:00,732.37695248,10732.37695248,90.57540494,0.8368825986552856917990385652
1755993600000,2025-08-24 08:00,732.37695248,10732.37695248,90.57540494,0.8368825986552856917990385652
1756008000000,2025-08-24 12:00,732.37695248,10732.37695248,90.57540494,0.8368825986552856917990385652
1756022400000,2025-08-24 16:00,732.37695248,10732.37695248,90.57540494,0.8368825986552856917990385652
1756036800000,2025-08-24 20:00,732.37695248,10732.37695248,90.57540494,0.8368825986552856917990385652
1756051200000,2025-08-25 00:00,732.37695248,10732.37695248,90.57540494,0.8368825986552856917990385652
1756065600000,2025-08-25 04:00,732.37695248,10732.37695248,90.57540494,0.8368825986552856917990385652
1756080000000,2025-08-25 08:00,732.37695248,10732.37695248,90.57540494,0.8368825986552856917990385652
1756094400000,2025-08-25 12:00,732.37695248,10732.37695248,90.57540494,0.8368825986552856917990385652
1756108800000,2025-08-25 16:00,732.37695248,10732.37695248,90.57540494,0.8368825986552856917990385652
1756123200000,2025-08-25 20:00,732.37695248,10732.37695248,90.57540494,0.8368825986552856917990385652
1756137600000,2025-08-26 00:00,732.37695248,10732.37695248,90.57540494,0.8368825986552856917990385652
1756152000000,2025-08-26 04:00,732.37695248,10732.37695248,90.57540494,0.8368825986552856917990385652
1756166400000,2025-08-26 08:00,732.37695248,10732.37695248,90.57540494,0.8368825986552856917990385652
1756180800000,2025-08-26 12:00,732.37695248,10732.37695248,90.57540494,0.8368825986552856917990385652
1756195200000,2025-08-26 16:00,732.37695248,10732.37695248,90.57540494,0.8368825986552856917990385652
1756209600000,2025-08-26 20:00,732.37695248,10732.37695248,90.57540494,0.8368825986552856917990385652
1756224000000,2025-08-27 00:00,732.37695248,10732.37695248,90.57540494,0.8368825986552856917990385652
1756238400000,2025-08-27 04:00,732.37695248,10732.37695248,90.57540494,0.8368825986552856917990385652
1756252800000,2025-08-27 08:00,732.37695248,10732.37695248,90.57540494,0.8368825986552856917990385652
1756267200000,2025-08-27 12:00,732.37695248,10732.37695248,90.57540494,0.8368825986552856917990385652
1756281600000,2025-08-27 16:00,732.37695248,10732.37695248,90.57540494,0.8368825986552856917990385652
1756296000000,2025-08-27 20:00,732.37695248,10732.37695248,90.57540494,0.8368825986552856917990385652
1756310400000,2025-08-28 00:00,732.37695248,10732.37695248,90.57540494,0.8368825986552856917990385652
1756324800000,2025-08-28 04:00,732.37695248,10732.37695248,90.57540494,0.8368825986552856917990385652
1756339200000,2025-08-28 08:00,732.37695248,10732.37695248,90.57540494,0.8368825986552856917990385652
1756353600000,2025-08-28 12:00,732.37695248,10732.37695248,90.57540494,0.8368825986552856917990385652
1756368000000,2025-08-28 16:00,732.37695248,10732.37695248,90.57540494,0.8368825986552856917990385652
1756382400000,2025-08-28 20:00,732.37695248,10732.37695248,90.57540494,0.8368825986552856917990385652
1756396800000,2025-08-29 00:00,732.37695248,10732.37695248,90.57540494,0.8368825986552856917990385652
1756411200000,2025-08-29 04:00,732.37695248,10732.37695248,90.57540494,0.8368825986552856917990385652
1756425600000,2025-08-29 08:00,732.37695248,10732.37695248,90.57540494,0.8368825986552856917990385652
1756440000000,2025-08-29 12:00,732.37695248,10732.37695248,90.57540494,0.8368825986552856917990385652
1756454400000,2025-08-29 16:00,732.37695248,10732.37695248,90.57540494,0.8368825986552856917990385652
1756468800000,2025-08-29 20:00,732.37695248,10732.37695248,90.57540494,0.8368825986552856917990385652
1756483200000,2025-08-30 00:00,732.37695248,10732.37695248,90.57540494,0.8368825986552856917990385652
1756497600000,2025-08-30 04:00,732.37695248,10732.37695248,90.57540494,0.8368825986552856917990385652
1756512000000,2025-08-30 08:00,732.37695248,10732.37695248,90.57540494,0.8368825986552856917990385652
1756526400000,2025-08-30 12:00,732.37695248,10732.37695248,90.57540494,0.8368825986552856917990385652
1756540800000,2025-08-30 16:00,732.37695248,10732.37695248,90.57540494,0.8368825986552856917990385652
1756555200000,2025-08-30 20:00,732.37695248,10732.37695248,90.57540494,0.8368825986552856917990385652
1756569600000,2025-08-31 00:00,732.37695248,10732.37695248,90.57540494,0.8368825986552856917990385652
1756584000000,2025-08-31 04:00,732.37695248,10732.37695248,90.57540494,0.8368825986552856917990385652
1756598400000,2025-08-31 08:00,732.37695248,10732.37695248,90.57540494,0.8368825986552856917990385652
1756612800000,2025-08-31 12:00,732.37695248,10732.37695248,90.57540494,0.8368825986552856917990385652
1756627200000,2025-08-31 16:00,732.37695248,10732.37695248,90.57540494,0.8368825986552856917990385652
1756641600000,2025-08-31 20:00,732.37695248,10732.37695248,90.57540494,0.8368825986552856917990385652
1756656000000,2025-09-01 00:00,732.37695248,10732.37695248,90.57540494,0.8368825986552856917990385652
1756670400000,2025-09-01 04:00,732.37695248,10732.37695248,90.57540494,0.8368825986552856917990385652
1756684800000,2025-09-01 08:00,732.37695248,10732.37695248,90.57540494,0.8368825986552856917990385652
1756699200000,2025-09-01 12:00,732.37695248,10732.37695248,90.57540494,0.8368825986552856917990385652
1756713600000,2025-09-01 16:00,732.37695248,10732.37695248,90.57540494,0.8368825986552856917990385652
1756728000000,2025-09-01 20:00,732.37695248,10732.37695248,90.57540494,0.8368825986552856917990385652
1756742400000,2025-09-02 00:00,732.37695248,10732.37695248,90.57540494,0.8368825986552856917990385652
1756756800000,2025-09-02 04:00,732.37695248,10732.37695248,90.57540494,0.8368825986552856917990385652
1756771200000,2025-09-02 08:00,732.37695248,10732.37695248,90.57540494,0.8368825986552856917990385652
1756785600000,2025-09-02 12:00,732.37695248,10732.37695248,90.57540494,0.8368825986552856917990385652
1756800000000,2025-09-02 16:00,732.37695248,10732.37695248,90.57540494,0.8368825986552856917990385652
1756814400000,2025-09-02 20:00,732.37695248,10732.37695248,90.57540494,0.8368825986552856917990385652
1756828800000,2025-09-03 00:00,732.37695248,10732.37695248,90.57540494,0.8368825986552856917990385652
1756843200000,2025-09-03 04:00,732.37695248,10732.37695248,90.57540494,0.8368825986552856917990385652
1756857600000,2025-09-03 08:00,732.37695248,10732.37695248,90.57540494,0.8368825986552856917990385652
1756872000000,2025-09-03 12:00,732.37695248,10732.37695248,90.57540494,0.8368825986552856917990385652
1756886400000,2025-09-03 16:00,732.37695248,10732.37695248,90.57540494,0.8368825986552856917990385652
1756900800000,2025-09-03 20:00,732.37695248,10732.37695248,90.57540494,0.8368825986552856917990385652
1756915200000,2025-09-04 00:00,732.37695248,10732.37695248,90.57540494,0.8368825986552856917990385652
1756929600000,2025-09-04 04:00,732.37695248,10732.37695248,90.57540494,0.8368825986552856917990385652
1756944000000,2025-09-04 08:00,732.37695248,10732.37695248,90.57540494,0.8368825986552856917990385652
1756958400000,2025-09-04 12:00,732.37695248,10732.37695248,90.57540494,0.8368825986552856917990385652
1756972800000,2025-09-04 16:00,732.37695248,10732.37695248,90.57540494,0.8368825986552856917990385652
1756987200000,2025-09-04 20:00,732.37695248,10732.37695248,90.57540494,0.8368825986552856917990385652
1757001600000,2025-09-05 00:00,732.37695248,10732.37695248,90.57540494,0.8368825986552856917990385652
1757016000000,2025-09-05 04:00,732.37695248,10732.37695248,90.57540494,0.8368825986552856917990385652
1757030400000,2025-09-05 08:00,732.37695248,10732.37695248,90.57540494,0.8368825986552856917990385652
1757044800000,2025-09-05 12:00,732.37695248,10732.37695248,90.57540494,0.8368825986552856917990385652
1757059200000,2025-09-05 16:00,732.37695248,10732.37695248,90.57540494,0.8368825986552856917990385652
1757073600000,2025-09-05 20:00,732.37695248,10732.37695248,90.57540494,0.8368825986552856917990385652
1757088000000,2025-09-06 00:00,732.37695248,10732.37695248,90.57540494,0.8368825986552856917990385652
1757102400000,2025-09-06 04:00,732.37695248,10732.37695248,90.57540494,0.8368825986552856917990385652
1757116800000,2025-09-06 08:00,732.37695248,10732.37695248,90.57540494,0.8368825986552856917990385652
1757131200000,2025-09-06 12:00,732.37695248,10732.37695248,90.57540494,0.8368825986552856917990385652
1757145600000,2025-09-06 16:00,732.37695248,10732.37695248,90.57540494,0.8368825986552856917990385652
1757160000000,2025-09-06 20:00,732.37695248,10732.37695248,90.57540494,0.8368825986552856917990385652
1757174400000,2025-09-07 00:00,732.37695248,10732.37695248,90.57540494,0.8368825986552856917990385652
1757188800000,2025-09-07 04:00,732.37695248,10732.37695248,90.57540494,0.8368825986552856917990385652
1757203200000,2025-09-07 08:00,732.37695248,10732.37695248,90.57540494,0.8368825986552856917990385652
1757217600000,2025-09-07 12:00,732.37695248,10732.37695248,90.57540494,0.8368825986552856917990385652
1757232000000,2025-09-07 16:00,732.37695248,10732.37695248,90.57540494,0.8368825986552856917990385652
1757246400000,2025-09-07 20:00,732.37695248,10732.37695248,90.57540494,0.8368825986552856917990385652
1757260800000,2025-09-08 00:00,732.37695248,10732.37695248,90.57540494,0.8368825986552856917990385652
1757275200000,2025-09-08 04:00,732.37695248,10732.37695248,90.57540494,0.8368825986552856917990385652
1757289600000,2025-09-08 08:00,732.37695248,10732.37695248,90.57540494,0.8368825986552856917990385652
1757304000000,2025-09-08 12:00,732.37695248,10732.37695248,90.57540494,0.8368825986552856917990385652
1757318400000,2025-09-08 16:00,732.37695248,10732.37695248,90.57540494,0.8368825986552856917990385652
1757332800000,2025-09-08 20:00,732.37695248,10732.37695248,90.57540494,0.8368825986552856917990385652
1757347200000,2025-09-09 00:00,732.37695248,10732.37695248,90.57540494,0.8368825986552856917990385652
1757361600000,2025-09-09 04:00,732.37695248,10732.37695248,90.57540494,0.8368825986552856917990385652
1757376000000,2025-09-09 08:00,732.37695248,10732.37695248,90.57540494,0.8368825986552856917990385652
1757390400000,2025-09-09 12:00,732.37695248,10732.37695248,90.57540494,0.8368825986552856917990385652
1757404800000,2025-09-09 16:00,732.37695248,10732.37695248,90.57540494,0.8368825986552856917990385652
1757419200000,2025-09-09 20:00,732.37695248,10732.37695248,90.57540494,0.8368825986552856917990385652
1757433600000,2025-09-10 00:00,732.37695248,10732.37695248,90.57540494,0.8368825986552856917990385652
1757448000000,2025-09-10 04:00,732.37695248,10732.37695248,90.57540494,0.8368825986552856917990385652
1757462400000,2025-09-10 08:00,732.37695248,10732.37695248,90.57540494,0.8368825986552856917990385652
1757476800000,2025-09-10 12:00,732.37695248,10732.37695248,90.57540494,0.8368825986552856917990385652
1757491200000,2025-09-10 16:00,732.37695248,10732.37695248,90.57540494,0.8368825986552856917990385652
1757505600000,2025-09-10 20:00,732.37695248,10732.37695248,90.57540494,0.8368825986552856917990385652
1757520000000,2025-09-11 00:00,732.37695248,10732.37695248,90.57540494,0.8368825986552856917990385652
1757534400000,2025-09-11 04:00,732.37695248,10732.37695248,90.57540494,0.8368825986552856917990385652
1757548800000,2025-09-11 08:00,732.37695248,10732.37695248,90.57540494,0.8368825986552856917990385652
1757563200000,2025-09-11 12:00,732.37695248,10732.37695248,90.57540494,0.8368825986552856917990385652
1757577600000,2025-09-11 16:00,732.37695248,10732.37695248,90.57540494,0.8368825986552856917990385652
1757592000000,2025-09-11 20:00,732.37695248,10732.37695248,90.57540494,0.8368825986552856917990385652
1757606400000,2025-09-12 00:00,732.37695248,10732.37695248,90.57540494,0.8368825986552856917990385652
1757620800000,2025-09-12 04:00,732.37695248,10732.37695248,90.57540494,0.8368825986552856917990385652
1757635200000,2025-09-12 08:00,732.37695248,10732.37695248,90.57540494,0.8368825986552856917990385652
1757649600000,2025-09-12 12:00,732.37695248,10732.37695248,90.57540494,0.8368825986552856917990385652
1757664000000,2025-09-12 16:00,732.37695248,10732.37695248,90.57540494,0.8368825986552856917990385652
1757678400000,2025-09-12 20:00,732.37695248,10732.37695248,90.57540494,0.8368825986552856917990385652
1757692800000,2025-09-13 00:00,732.37695248,10732.37695248,90.57540494,0.8368825986552856917990385652
1757707200000,2025-09-13 04:00,732.37695248,10732.37695248,90.57540494,0.8368825986552856917990385652
1757721600000,2025-09-13 08:00,732.37695248,10732.37695248,90.57540494,0.8368825986552856917990385652
1757736000000,2025-09-13 12:00,732.37695248,10732.37695248,90.57540494,0.8368825986552856917990385652
1757750400000,2025-09-13 16:00,732.37695248,10732.37695248,90.57540494,0.8368825986552856917990385652
1757764800000,2025-09-13 20:00,732.37695248,10732.37695248,90.57540494,0.8368825986552856917990385652
1757779200000,2025-09-14 00:00,732.37695248,10732.37695248,90.57540494,0.8368825986552856917990385652
1757793600000,2025-09-14 04:00,732.37695248,10732.37695248,90.57540494,0.8368825986552856917990385652
1757808000000,2025-09-14 08:00,732.37695248,10732.37695248,90.57540494,0.8368825986552856917990385652
1757822400000,2025-09-14 12:00,732.37695248,10732.37695248,90.57540494,0.8368825986552856917990385652
1757836800000,2025-09-14 16:00,732.37695248,10732.37695248,90.57540494,0.8368825986552856917990385652
1757851200000,2025-09-14 20:00,732.37695248,10732.37695248,90.57540494,0.8368825986552856917990385652
1757865600000,2025-09-15 00:00,732.37695248,10732.37695248,90.57540494,0.8368825986552856917990385652
1757880000000,2025-09-15 04:00,732.37695248,10732.37695248,90.57540494,0.8368825986552856917990385652
1757894400000,2025-09-15 08:00,732.37695248,10732.37695248,90.57540494,0.8368825986552856917990385652
1757908800000,2025-09-15 12:00,732.37695248,10732.37695248,90.57540494,0.8368825986552856917990385652
1757923200000,2025-09-15 16:00,732.37695248,10732.37695248,90.57540494,0.8368825986552856917990385652
1757937600000,2025-09-15 20:00,732.37695248,10732.37695248,90.57540494,0.8368825986552856917990385652
1757952000000,2025-09-16 00:00,732.37695248,10732.37695248,90.57540494,0.8368825986552856917990385652
1757966400000,2025-09-16 04:00,732.37695248,10732.37695248,90.57540494,0.8368825986552856917990385652
1757980800000,2025-09-16 08:00,732.37695248,10732.37695248,90.57540494,0.8368825986552856917990385652
1757995200000,2025-09-16 12:00,732.37695248,10732.37695248,90.57540494,0.8368825986552856917990385652
1758009600000,2025-09-16 16:00,732.37695248,10732.37695248,90.57540494,0.8368825986552856917990385652
1758024000000,2025-09-16 20:00,732.37695248,10732.37695248,90.57540494,0.8368825986552856917990385652
1758038400000,2025-09-17 00:00,732.37695248,10732.37695248,90.57540494,0.8368825986552856917990385652
1758052800000,2025-09-17 04:00,732.37695248,10732.37695248,90.57540494,0.8368825986552856917990385652
1758067200000,2025-09-17 08:00,732.37695248,10732.37695248,90.57540494,0.8368825986552856917990385652
1758081600000,2025-09-17 12:00,732.37695248,10732.37695248,90.57540494,0.8368825986552856917990385652
1758096000000,2025-09-17 16:00,732.37695248,10732.37695248,90.57540494,0.8368825986552856917990385652
1758110400000,2025-09-17 20:00,732.37695248,10732.37695248,90.57540494,0.8368825986552856917990385652
1758124800000,2025-09-18 00:00,732.37695248,10732.37695248,90.57540494,0.8368825986552856917990385652
1758139200000,2025-09-18 04:00,732.37695248,10732.37695248,90.57540494,0.8368825986552856917990385652
1758153600000,2025-09-18 08:00,732.37695248,10732.37695248,90.57540494,0.8368825986552856917990385652
1758168000000,2025-09-18 12:00,732.37695248,10732.37695248,90.57540494,0.8368825986552856917990385652
1758182400000,2025-09-18 16:00,732.37695248,10732.37695248,90.57540494,0.8368825986552856917990385652
1758196800000,2025-09-18 20:00,732.37695248,10732.37695248,90.57540494,0.8368825986552856917990385652
1758211200000,2025-09-19 00:00,732.37695248,10732.37695248,90.57540494,0.8368825986552856917990385652
1758225600000,2025-09-19 04:00,732.37695248,10732.37695248,90.57540494,0.8368825986552856917990385652
1758240000000,2025-09-19 08:00,732.37695248,10732.37695248,90.57540494,0.8368825986552856917990385652
1758254400000,2025-09-19 12:00,732.37695248,10732.37695248,90.57540494,0.8368825986552856917990385652
1758268800000,2025-09-19 16:00,732.37695248,10732.37695248,90.57540494,0.8368825986552856917990385652
1758283200000,2025-09-19 20:00,732.37695248,10732.37695248,90.57540494,0.8368825986552856917990385652
1758297600000,2025-09-20 00:00,732.37695248,10732.37695248,90.57540494,0.8368825986552856917990385652
1758312000000,2025-09-20 04:00,732.37695248,10732.37695248,90.57540494,0.8368825986552856917990385652
1758326400000,2025-09-20 08:00,732.37695248,10732.37695248,90.57540494,0.8368825986552856917990385652
1758340800000,2025-09-20 12:00,732.37695248,10732.37695248,90.57540494,0.8368825986552856917990385652
1758355200000,2025-09-20 16:00,732.37695248,10732.37695248,90.57540494,0.8368825986552856917990385652
1758369600000,2025-09-20 20:00,732.37695248,10732.37695248,90.57540494,0.8368825986552856917990385652
1758384000000,2025-09-21 00:00,732.37695248,10732.37695248,90.57540494,0.8368825986552856917990385652
1758398400000,2025-09-21 04:00,732.37695248,10732.37695248,90.57540494,0.8368825986552856917990385652
1758412800000,2025-09-21 08:00,732.37695248,10732.37695248,90.57540494,0.8368825986552856917990385652
1758427200000,2025-09-21 12:00,732.37695248,10732.37695248,90.57540494,0.8368825986552856917990385652
1758441600000,2025-09-21 16:00,732.37695248,10732.37695248,90.57540494,0.8368825986552856917990385652
1758456000000,2025-09-21 20:00,732.37695248,10732.37695248,90.57540494,0.8368825986552856917990385652
1758470400000,2025-09-22 00:00,732.37695248,10732.37695248,90.57540494,0.8368825986552856917990385652
1758484800000,2025-09-22 04:00,732.37695248,10732.37695248,90.57540494,0.8368825986552856917990385652
1758499200000,2025-09-22 08:00,732.37695248,10732.37695248,90.57540494,0.8368825986552856917990385652
1758513600000,2025-09-22 12:00,732.37695248,10732.37695248,90.57540494,0.8368825986552856917990385652
1758528000000,2025-09-22 16:00,732.37695248,10732.37695248,90.57540494,0.8368825986552856917990385652
1758542400000,2025-09-22 20:00,732.37695248,10732.37695248,90.57540494,0.8368825986552856917990385652
1758556800000,2025-09-23 00:00,732.37695248,10732.37695248,90.57540494,0.8368825986552856917990385652
1758571200000,2025-09-23 04:00,732.37695248,10732.37695248,90.57540494,0.8368825986552856917990385652
1758585600000,2025-09-23 08:00,732.37695248,10732.37695248,90.57540494,0.8368825986552856917990385652
1758600000000,2025-09-23 12:00,732.37695248,10732.37695248,90.57540494,0.8368825986552856917990385652
1758614400000,2025-09-23 16:00,732.37695248,10732.37695248,90.57540494,0.8368825986552856917990385652
1758628800000,2025-09-23 20:00,732.37695248,10732.37695248,90.57540494,0.8368825986552856917990385652
1758643200000,2025-09-24 00:00,732.37695248,10732.37695248,90.57540494,0.8368825986552856917990385652
1758657600000,2025-09-24 04:00,732.37695248,10732.37695248,90.57540494,0.8368825986552856917990385652
1758672000000,2025-09-24 08:00,732.37695248,10732.37695248,90.57540494,0.8368825986552856917990385652
1758686400000,2025-09-24 12:00,732.37695248,10732.37695248,90.57540494,0.8368825986552856917990385652
1758700800000,2025-09-24 16:00,732.37695248,10732.37695248,90.57540494,0.8368825986552856917990385652
1758715200000,2025-09-24 20:00,732.37695248,10732.37695248,90.57540494,0.8368825986552856917990385652
1758729600000,2025-09-25 00:00,732.37695248,10732.37695248,90.57540494,0.8368825986552856917990385652
1758744000000,2025-09-25 04:00,732.37695248,10732.37695248,90.57540494,0.8368825986552856917990385652
1758758400000,2025-09-25 08:00,732.37695248,10732.37695248,90.57540494,0.8368825986552856917990385652
1758772800000,2025-09-25 12:00,732.37695248,10732.37695248,90.57540494,0.8368825986552856917990385652
1758787200000,2025-09-25 16:00,732.37695248,10732.37695248,90.57540494,0.8368825986552856917990385652
1758801600000,2025-09-25 20:00,732.37695248,10732.37695248,90.57540494,0.8368825986552856917990385652
1758816000000,2025-09-26 00:00,732.37695248,10732.37695248,90.57540494,0.8368825986552856917990385652
1758830400000,2025-09-26 04:00,732.37695248,10732.37695248,90.57540494,0.8368825986552856917990385652
1758844800000,2025-09-26 08:00,732.37695248,10732.37695248,90.57540494,0.8368825986552856917990385652
1758859200000,2025-09-26 12:00,732.37695248,10732.37695248,90.57540494,0.8368825986552856917990385652
1758873600000,2025-09-26 16:00,732.37695248,10732.37695248,90.57540494,0.8368825986552856917990385652
1758888000000,2025-09-26 20:00,732.37695248,10732.37695248,90.57540494,0.8368825986552856917990385652
1758902400000,2025-09-27 00:00,732.37695248,10732.37695248,90.57540494,0.8368825986552856917990385652
1758916800000,2025-09-27 04:00,732.37695248,10732.37695248,90.57540494,0.8368825986552856917990385652
1758931200000,2025-09-27 08:00,732.37695248,10732.37695248,90.57540494,0.8368825986552856917990385652
1758945600000,2025-09-27 12:00,732.37695248,10732.37695248,90.57540494,0.8368825986552856917990385652
1758960000000,2025-09-27 16:00,732.37695248,10732.37695248,90.57540494,0.8368825986552856917990385652
1758974400000,2025-09-27 20:00,732.37695248,10732.37695248,90.57540494,0.8368825986552856917990385652
1758988800000,2025-09-28 00:00,732.37695248,10732.37695248,90.57540494,0.8368825986552856917990385652
1759003200000,2025-09-28 04:00,732.37695248,10732.37695248,90.57540494,0.8368825986552856917990385652
1759017600000,2025-09-28 08:00,732.37695248,10732.37695248,90.57540494,0.8368825986552856917990385652
1759032000000,2025-09-28 12:00,732.37695248,10732.37695248,90.57540494,0.8368825986552856917990385652
1759046400000,2025-09-28 16:00,732.37695248,10732.37695248,90.57540494,0.8368825986552856917990385652
1759060800000,2025-09-28 20:00,732.37695248,10732.37695248,90.57540494,0.8368825986552856917990385652
1759075200000,2025-09-29 00:00,732.37695248,10732.37695248,90.57540494,0.8368825986552856917990385652
1759089600000,2025-09-29 04:00,732.37695248,10732.37695248,90.57540494,0.8368825986552856917990385652
1759104000000,2025-09-29 08:00,732.37695248,10732.37695248,90.57540494,0.8368825986552856917990385652
1759118400000,2025-09-29 12:00,732.37695248,10732.37695248,90.57540494,0.8368825986552856917990385652
1759132800000,2025-09-29 16:00,732.37695248,10732.37695248,90.57540494,0.8368825986552856917990385652
1759147200000,2025-09-29 20:00,732.37695248,10732.37695248,90.57540494,0.8368825986552856917990385652
1759161600000,2025-09-30 00:00,732.37695248,10732.37695248,90.57540494,0.8368825986552856917990385652
1759176000000,2025-09-30 04:00,732.37695248,10732.37695248,90.57540494,0.8368825986552856917990385652
1759190400000,2025-09-30 08:00,732.37695248,10732.37695248,90.57540494,0.8368825986552856917990385652
1759204800000,2025-09-30 12:00,732.37695248,10732.37695248,90.57540494,0.8368825986552856917990385652
1759219200000,2025-09-30 16:00,732.37695248,10732.37695248,90.57540494,0.8368825986552856917990385652
1759233600000,2025-09-30 20:00,732.37695248,10732.37695248,90.57540494,0.8368825986552856917990385652
1759248000000,2025-10-01 00:00,732.37695248,10732.37695248,90.57540494,0.8368825986552856917990385652
1759262400000,2025-10-01 04:00,732.37695248,10732.37695248,90.57540494,0.8368825986552856917990385652
1759276800000,2025-10-01 08:00,732.37695248,10732.37695248,90.57540494,0.8368825986552856917990385652
1759291200000,2025-10-01 12:00,732.37695248,10732.37695248,90.57540494,0.8368825986552856917990385652
1759305600000,2025-10-01 16:00,732.37695248,10732.37695248,90.57540494,0.8368825986552856917990385652
1759320000000,2025-10-01 20:00,732.37695248,10732.37695248,90.57540494,0.8368825986552856917990385652
1759334400000,2025-10-02 00:00,732.37695248,10732.37695248,90.57540494,0.8368825986552856917990385652
1759348800000,2025-10-02 04:00,732.37695248,10732.37695248,90.57540494,0.8368825986552856917990385652
1759363200000,2025-10-02 08:00,732.37695248,10732.37695248,90.57540494,0.8368825986552856917990385652
1759377600000,2025-10-02 12:00,732.37695248,10732.37695248,90.57540494,0.8368825986552856917990385652
1759392000000,2025-10-02 16:00,732.37695248,10732.37695248,90.57540494,0.8368825986552856917990385652
1759406400000,2025-10-02 20:00,732.37695248,10732.37695248,90.57540494,0.8368825986552856917990385652
1759420800000,2025-10-03 00:00,732.37695248,10732.37695248,90.57540494,0.8368825986552856917990385652
1759435200000,2025-10-03 04:00,732.37695248,10732.37695248,90.57540494,0.8368825986552856917990385652
1759449600000,2025-10-03 08:00,732.37695248,10732.37695248,90.57540494,0.8368825986552856917990385652
1759464000000,2025-10-03 12:00,732.37695248,10732.37695248,90.57540494,0.8368825986552856917990385652
1759478400000,2025-10-03 16:00,732.37695248,10732.37695248,90.57540494,0.8368825986552856917990385652
1759492800000,2025-10-03 20:00,732.37695248,10732.37695248,90.57540494,0.8368825986552856917990385652
1759507200000,2025-10-04 00:00,732.37695248,10732.37695248,90.57540494,0.8368825986552856917990385652
1759521600000,2025-10-04 04:00,732.37695248,10732.37695248,90.57540494,0.8368825986552856917990385652
1759536000000,2025-10-04 08:00,732.37695248,10732.37695248,90.57540494,0.8368825986552856917990385652
1759550400000,2025-10-04 12:00,732.37695248,10732.37695248,90.57540494,0.8368825986552856917990385652
1759564800000,2025-10-04 16:00,732.37695248,10732.37695248,90.57540494,0.8368825986552856917990385652
1759579200000,2025-10-04 20:00,732.37695248,10732.37695248,90.57540494,0.8368825986552856917990385652
1759593600000,2025-10-05 00:00,732.37695248,10732.37695248,90.57540494,0.8368825986552856917990385652
1759608000000,2025-10-05 04:00,732.37695248,10732.37695248,90.57540494,0.8368825986552856917990385652
1759622400000,2025-10-05 08:00,732.37695248,10732.37695248,90.57540494,0.8368825986552856917990385652
1759636800000,2025-10-05 12:00,732.37695248,10732.37695248,90.57540494,0.8368825986552856917990385652
1759651200000,2025-10-05 16:00,732.37695248,10732.37695248,90.57540494,0.8368825986552856917990385652
1759665600000,2025-10-05 20:00,732.37695248,10732.37695248,90.57540494,0.8368825986552856917990385652
1759680000000,2025-10-06 00:00,732.37695248,10732.37695248,90.57540494,0.8368825986552856917990385652
1759694400000,2025-10-06 04:00,732.37695248,10732.37695248,90.57540494,0.8368825986552856917990385652
1759708800000,2025-10-06 08:00,732.37695248,10732.37695248,90.57540494,0.8368825986552856917990385652
1759723200000,2025-10-06 12:00,732.37695248,10732.37695248,90.57540494,0.8368825986552856917990385652
1759737600000,2025-10-06 16:00,732.37695248,10732.37695248,90.57540494,0.8368825986552856917990385652
1759752000000,2025-10-06 20:00,732.37695248,10732.37695248,90.57540494,0.8368825986552856917990385652
1759766400000,2025-10-07 00:00,732.37695248,10732.37695248,90.57540494,0.8368825986552856917990385652
1759780800000,2025-10-07 04:00,732.37695248,10732.37695248,90.57540494,0.8368825986552856917990385652
1759795200000,2025-10-07 08:00,732.37695248,10732.37695248,90.57540494,0.8368825986552856917990385652
1759809600000,2025-10-07 12:00,732.37695248,10732.37695248,90.57540494,0.8368825986552856917990385652
1759824000000,2025-10-07 16:00,732.37695248,10732.37695248,90.57540494,0.8368825986552856917990385652
1759838400000,2025-10-07 20:00,732.37695248,10732.37695248,90.57540494,0.8368825986552856917990385652
1759852800000,2025-10-08 00:00,732.37695248,10732.37695248,90.57540494,0.8368825986552856917990385652
1759867200000,2025-10-08 04:00,732.37695248,10732.37695248,90.57540494,0.8368825986552856917990385652
1759881600000,2025-10-08 08:00,732.37695248,10732.37695248,90.57540494,0.8368825986552856917990385652
1759896000000,2025-10-08 12:00,732.37695248,10732.37695248,90.57540494,0.8368825986552856917990385652
1759910400000,2025-10-08 16:00,732.37695248,10732.37695248,90.57540494,0.8368825986552856917990385652
1759924800000,2025-10-08 20:00,732.37695248,10732.37695248,90.57540494,0.8368825986552856917990385652
1759939200000,2025-10-09 00:00,732.37695248,10732.37695248,90.57540494,0.8368825986552856917990385652
1759953600000,2025-10-09 04:00,732.37695248,10732.37695248,90.57540494,0.8368825986552856917990385652
1759968000000,2025-10-09 08:00,732.37695248,10732.37695248,90.57540494,0.8368825986552856917990385652
1759982400000,2025-10-09 12:00,732.37695248,10732.37695248,90.57540494,0.8368825986552856917990385652
1759996800000,2025-10-09 16:00,732.37695248,10732.37695248,90.57540494,0.8368825986552856917990385652
1760011200000,2025-10-09 20:00,732.37695248,10732.37695248,90.57540494,0.8368825986552856917990385652
1760025600000,2025-10-10 00:00,732.37695248,10732.37695248,90.57540494,0.8368825986552856917990385652
1760040000000,2025-10-10 04:00,732.37695248,10732.37695248,90.57540494,0.8368825986552856917990385652
1760054400000,2025-10-10 08:00,732.37695248,10732.37695248,90.57540494,0.8368825986552856917990385652
1760068800000,2025-10-10 12:00,732.37695248,10732.37695248,90.57540494,0.8368825986552856917990385652
1760083200000,2025-10-10 16:00,732.37695248,10732.37695248,90.57540494,0.8368825986552856917990385652
1760097600000,2025-10-10 20:00,732.37695248,10732.37695248,90.57540494,0.8368825986552856917990385652
1760112000000,2025-10-11 00:00,732.37695248,10732.37695248,90.57540494,0.8368825986552856917990385652
1760126400000,2025-10-11 04:00,1483.25950418,11483.25950418,0,0
1760140800000,2025-10-11 08:00,1483.25950418,11483.25950418,0,0
1760155200000,2025-10-11 12:00,1483.25950418,11483.25950418,0,0
1760169600000,2025-10-11 16:00,1483.25950418,11483.25950418,0,0
1760184000000,2025-10-11 20:00,1483.25950418,11483.25950418,0,0
1760198400000,2025-10-12 00:00,1483.25950418,11483.25950418,0,0
1760212800000,2025-10-12 04:00,1483.25950418,11483.25950418,0,0
1760227200000,2025-10-12 08:00,1483.25950418,11483.25950418,0,0
1760241600000,2025-10-12 12:00,1483.25950418,11483.25950418,0,0
1760256000000,2025-10-12 16:00,1483.25950418,11483.25950418,0,0
1760270400000,2025-10-12 20:00,1483.25950418,11483.25950418,0,0
1760284800000,2025-10-13 00:00,1483.25950418,11483.25950418,0,0
1760299200000,2025-10-13 04:00,1483.25950418,11483.25950418,0,0
1760313600000,2025-10-13 08:00,1483.25950418,11483.25950418,0,0
1760328000000,2025-10-13 12:00,1483.25950418,11483.25950418,0,0
1760342400000,2025-10-13 16:00,1483.25950418,11483.25950418,0,0
1760356800000,2025-10-13 20:00,1483.25950418,11483.25950418,0,0
1760371200000,2025-10-14 00:00,1483.25950418,11483.25950418,0,0
1760385600000,2025-10-14 04:00,1483.25950418,11483.25950418,0,0
1760400000000,2025-10-14 08:00,1483.25950418,11483.25950418,0,0
1760414400000,2025-10-14 12:00,1483.25950418,11483.25950418,0,0
1760428800000,2025-10-14 16:00,1483.25950418,11483.25950418,0,0
1760443200000,2025-10-14 20:00,1483.25950418,11483.25950418,0,0
1760457600000,2025-10-15 00:00,1483.25950418,11483.25950418,0,0
1760472000000,2025-10-15 04:00,1483.25950418,11483.25950418,0,0
1760486400000,2025-10-15 08:00,1483.25950418,11483.25950418,0,0
1760500800000,2025-10-15 12:00,1483.25950418,11483.25950418,0,0
1760515200000,2025-10-15 16:00,1483.25950418,11483.25950418,0,0
1760529600000,2025-10-15 20:00,1483.25950418,11483.25950418,0,0
1760544000000,2025-10-16 00:00,1483.25950418,11483.25950418,0,0
1760558400000,2025-10-16 04:00,1483.25950418,11483.25950418,0,0
1760572800000,2025-10-16 08:00,1483.25950418,11483.25950418,0,0
1760587200000,2025-10-16 12:00,1483.25950418,11483.25950418,0,0
1760601600000,2025-10-16 16:00,1483.25950418,11483.25950418,0,0
1760616000000,2025-10-16 20:00,1483.25950418,11483.25950418,0,0
1760630400000,2025-10-17 00:00,1483.25950418,11483.25950418,0,0
1760644800000,2025-10-17 04:00,1483.25950418,11483.25950418,0,0
1760659200000,2025-10-17 08:00,1483.25950418,11483.25950418,0,0
1760673600000,2025-10-17 12:00,1483.25950418,11483.25950418,0,0
1760688000000,2025-10-17 16:00,1483.25950418,11483.25950418,0,0
1760702400000,2025-10-17 20:00,1483.25950418,11483.25950418,0,0
1760716800000,2025-10-18 00:00,1483.25950418,11483.25950418,0,0
1760731200000,2025-10-18 04:00,1483.25950418,11483.25950418,0,0
1760745600000,2025-10-18 08:00,1483.25950418,11483.25950418,0,0
1760760000000,2025-10-18 12:00,1483.25950418,11483.25950418,0,0
1760774400000,2025-10-18 16:00,1483.25950418,11483.25950418,0,0
1760788800000,2025-10-18 20:00,1483.25950418,11483.25950418,0,0
1760803200000,2025-10-19 00:00,1483.25950418,11483.25950418,0,0
1760817600000,2025-10-19 04:00,1483.25950418,11483.25950418,0,0
1760832000000,2025-10-19 08:00,1483.25950418,11483.25950418,0,0
1760846400000,2025-10-19 12:00,1483.25950418,11483.25950418,0,0
1760860800000,2025-10-19 16:00,1483.25950418,11483.25950418,0,0
1760875200000,2025-10-19 20:00,1483.25950418,11483.25950418,0,0
1760889600000,2025-10-20 00:00,1483.25950418,11483.25950418,0,0
1760904000000,2025-10-20 04:00,1483.25950418,11483.25950418,0,0
1760918400000,2025-10-20 08:00,1483.25950418,11483.25950418,0,0
1760932800000,2025-10-20 12:00,1483.25950418,11483.25950418,0,0
1760947200000,2025-10-20 16:00,1483.25950418,11483.25950418,0,0
1760961600000,2025-10-20 20:00,1483.25950418,11483.25950418,0,0
1760976000000,2025-10-21 00:00,1483.25950418,11483.25950418,0,0
1760990400000,2025-10-21 04:00,1483.25950418,11483.25950418,0,0
1761004800000,2025-10-21 08:00,1483.25950418,11483.25950418,0,0
1761019200000,2025-10-21 12:00,1483.25950418,11483.25950418,0,0
1761033600000,2025-10-21 16:00,1483.25950418,11483.25950418,0,0
1761048000000,2025-10-21 20:00,1483.25950418,11483.25950418,0,0
1761062400000,2025-10-22 00:00,1483.25950418,11483.25950418,0,0
1761076800000,2025-10-22 04:00,1483.25950418,11483.25950418,0,0
1761091200000,2025-10-22 08:00,1483.25950418,11483.25950418,0,0
1761105600000,2025-10-22 12:00,1483.25950418,11483.25950418,0,0
1761120000000,2025-10-22 16:00,1483.25950418,11483.25950418,0,0
1761134400000,2025-10-22 20:00,1483.25950418,11483.25950418,0,0
1761148800000,2025-10-23 00:00,1483.25950418,11483.25950418,0,0
1761163200000,2025-10-23 04:00,1483.25950418,11483.25950418,0,0
1761177600000,2025-10-23 08:00,1483.25950418,11483.25950418,0,0
1761192000000,2025-10-23 12:00,1483.25950418,11483.25950418,0,0
1761206400000,2025-10-23 16:00,1483.25950418,11483.25950418,0,0
1761220800000,2025-10-23 20:00,1483.25950418,11483.25950418,0,0
1761235200000,2025-10-24 00:00,1394.87384838,11394.87384838,88.3856558,0.7696913560807965831985483113
1761249600000,2025-10-24 04:00,1394.87384838,11394.87384838,88.3856558,0.7696913560807965831985483113
1761264000000,2025-10-24 08:00,1394.87384838,11394.87384838,88.3856558,0.7696913560807965831985483113
1761278400000,2025-10-24 12:00,1394.87384838,11394.87384838,88.3856558,0.7696913560807965831985483113
1761292800000,2025-10-24 16:00,1394.87384838,11394.87384838,88.3856558,0.7696913560807965831985483113
1761307200000,2025-10-24 20:00,1394.87384838,11394.87384838,88.3856558,0.7696913560807965831985483113
1761321600000,2025-10-25 00:00,1394.87384838,11394.87384838,88.3856558,0.7696913560807965831985483113
1761336000000,2025-10-25 04:00,1394.87384838,11394.87384838,88.3856558,0.7696913560807965831985483113
1761350400000,2025-10-25 08:00,1394.87384838,11394.87384838,88.3856558,0.7696913560807965831985483113
1761364800000,2025-10-25 12:00,1394.87384838,11394.87384838,88.3856558,0.7696913560807965831985483113
1761379200000,2025-10-25 16:00,1394.87384838,11394.87384838,88.3856558,0.7696913560807965831985483113
1761393600000,2025-10-25 20:00,1394.87384838,11394.87384838,88.3856558,0.7696913560807965831985483113
1761408000000,2025-10-26 00:00,1394.87384838,11394.87384838,88.3856558,0.7696913560807965831985483113
1761422400000,2025-10-26 04:00,1394.87384838,11394.87384838,88.3856558,0.7696913560807965831985483113
1761436800000,2025-10-26 08:00,1394.87384838,11394.87384838,88.3856558,0.7696913560807965831985483113
1761451200000,2025-10-26 12:00,1394.87384838,11394.87384838,88.3856558,0.7696913560807965831985483113
1761465600000,2025-10-26 16:00,1394.87384838,11394.87384838,88.3856558,0.7696913560807965831985483113
1761480000000,2025-10-26 20:00,1394.87384838,11394.87384838,88.3856558,0.7696913560807965831985483113
1761494400000,2025-10-27 00:00,1394.87384838,11394.87384838,88.3856558,0.7696913560807965831985483113
1761508800000,2025-10-27 04:00,1394.87384838,11394.87384838,88.3856558,0.7696913560807965831985483113
1761523200000,2025-10-27 08:00,1394.87384838,11394.87384838,88.3856558,0.7696913560807965831985483113
1761537600000,2025-10-27 12:00,1394.87384838,11394.87384838,88.3856558,0.7696913560807965831985483113
1761552000000,2025-10-27 16:00,1394.87384838,11394.87384838,88.3856558,0.7696913560807965831985483113
1761566400000,2025-10-27 20:00,1394.87384838,11394.87384838,88.3856558,0.7696913560807965831985483113
1761580800000,2025-10-28 00:00,1394.87384838,11394.87384838,88.3856558,0.7696913560807965831985483113
1761595200000,2025-10-28 04:00,1394.87384838,11394.87384838,88.3856558,0.7696913560807965831985483113
1761609600000,2025-10-28 08:00,1394.87384838,11394.87384838,88.3856558,0.7696913560807965831985483113
1761624000000,2025-10-28 12:00,1394.87384838,11394.87384838,88.3856558,0.7696913560807965831985483113
1761638400000,2025-10-28 16:00,1394.87384838,11394.87384838,88.3856558,0.7696913560807965831985483113
1761652800000,2025-10-28 20:00,1394.87384838,11394.87384838,88.3856558,0.7696913560807965831985483113
1761667200000,2025-10-29 00:00,1394.87384838,11394.87384838,88.3856558,0.7696913560807965831985483113
1761681600000,2025-10-29 04:00,1394.87384838,11394.87384838,88.3856558,0.7696913560807965831985483113
1761696000000,2025-10-29 08:00,1394.87384838,11394.87384838,88.3856558,0.7696913560807965831985483113
1761710400000,2025-10-29 12:00,1394.87384838,11394.87384838,88.3856558,0.7696913560807965831985483113
1761724800000,2025-10-29 16:00,1394.87384838,11394.87384838,88.3856558,0.7696913560807965831985483113
1761739200000,2025-10-29 20:00,1394.87384838,11394.87384838,88.3856558,0.7696913560807965831985483113
1761753600000,2025-10-30 00:00,1394.87384838,11394.87384838,88.3856558,0.7696913560807965831985483113
1761768000000,2025-10-30 04:00,1394.87384838,11394.87384838,88.3856558,0.7696913560807965831985483113
1761782400000,2025-10-30 08:00,1394.87384838,11394.87384838,88.3856558,0.7696913560807965831985483113
1761796800000,2025-10-30 12:00,1394.87384838,11394.87384838,88.3856558,0.7696913560807965831985483113
1761811200000,2025-10-30 16:00,1394.87384838,11394.87384838,88.3856558,0.7696913560807965831985483113
1761825600000,2025-10-30 20:00,1394.87384838,11394.87384838,88.3856558,0.7696913560807965831985483113
1761840000000,2025-10-31 00:00,1394.87384838,11394.87384838,88.3856558,0.7696913560807965831985483113
1761854400000,2025-10-31 04:00,1394.87384838,11394.87384838,88.3856558,0.7696913560807965831985483113
1761868800000,2025-10-31 08:00,1394.87384838,11394.87384838,88.3856558,0.7696913560807965831985483113
1761883200000,2025-10-31 12:00,1394.87384838,11394.87384838,88.3856558,0.7696913560807965831985483113
1761897600000,2025-10-31 16:00,1394.87384838,11394.87384838,88.3856558,0.7696913560807965831985483113
1761912000000,2025-10-31 20:00,1394.87384838,11394.87384838,88.3856558,0.7696913560807965831985483113
1761926400000,2025-11-01 00:00,1394.87384838,11394.87384838,88.3856558,0.7696913560807965831985483113
1761940800000,2025-11-01 04:00,1394.87384838,11394.87384838,88.3856558,0.7696913560807965831985483113
1761955200000,2025-11-01 08:00,1394.87384838,11394.87384838,88.3856558,0.7696913560807965831985483113
1761969600000,2025-11-01 12:00,1394.87384838,11394.87384838,88.3856558,0.7696913560807965831985483113
1761984000000,2025-11-01 16:00,1394.87384838,11394.87384838,88.3856558,0.7696913560807965831985483113
1761998400000,2025-11-01 20:00,1394.87384838,11394.87384838,88.3856558,0.7696913560807965831985483113
1762012800000,2025-11-02 00:00,1394.87384838,11394.87384838,88.3856558,0.7696913560807965831985483113
1762027200000,2025-11-02 04:00,1394.87384838,11394.87384838,88.3856558,0.7696913560807965831985483113
1762041600000,2025-11-02 08:00,1394.87384838,11394.87384838,88.3856558,0.7696913560807965831985483113
1762056000000,2025-11-02 12:00,1394.87384838,11394.87384838,88.3856558,0.7696913560807965831985483113
1762070400000,2025-11-02 16:00,1394.87384838,11394.87384838,88.3856558,0.7696913560807965831985483113
1762084800000,2025-11-02 20:00,1394.87384838,11394.87384838,88.3856558,0.7696913560807965831985483113
1762099200000,2025-11-03 00:00,1394.87384838,11394.87384838,88.3856558,0.7696913560807965831985483113
1762113600000,2025-11-03 04:00,1394.87384838,11394.87384838,88.3856558,0.7696913560807965831985483113
1762128000000,2025-11-03 08:00,1394.87384838,11394.87384838,88.3856558,0.7696913560807965831985483113
1762142400000,2025-11-03 12:00,1394.87384838,11394.87384838,88.3856558,0.7696913560807965831985483113
1762156800000,2025-11-03 16:00,1394.87384838,11394.87384838,88.3856558,0.7696913560807965831985483113
1762171200000,2025-11-03 20:00,1394.87384838,11394.87384838,88.3856558,0.7696913560807965831985483113
1762185600000,2025-11-04 00:00,1475.84800522,11475.84800522,7.41149896,0.0645417701942741432071559544
1762200000000,2025-11-04 04:00,1475.84800522,11475.84800522,7.41149896,0.0645417701942741432071559544
1762214400000,2025-11-04 08:00,1475.84800522,11475.84800522,7.41149896,0.0645417701942741432071559544
1762228800000,2025-11-04 12:00,1475.84800522,11475.84800522,7.41149896,0.0645417701942741432071559544
1762243200000,2025-11-04 16:00,1475.84800522,11475.84800522,7.41149896,0.0645417701942741432071559544
1762257600000,2025-11-04 20:00,1475.84800522,11475.84800522,7.41149896,0.0645417701942741432071559544
1762272000000,2025-11-05 00:00,1475.84800522,11475.84800522,7.41149896,0.0645417701942741432071559544
1762286400000,2025-11-05 04:00,1475.84800522,11475.84800522,7.41149896,0.0645417701942741432071559544
1762300800000,2025-11-05 08:00,1475.84800522,11475.84800522,7.41149896,0.0645417701942741432071559544
1762315200000,2025-11-05 12:00,1475.84800522,11475.84800522,7.41149896,0.0645417701942741432071559544
1762329600000,2025-11-05 16:00,1475.84800522,11475.84800522,7.41149896,0.0645417701942741432071559544
1762344000000,2025-11-05 20:00,1475.84800522,11475.84800522,7.41149896,0.0645417701942741432071559544
1762358400000,2025-11-06 00:00,1475.84800522,11475.84800522,7.41149896,0.0645417701942741432071559544
1762372800000,2025-11-06 04:00,1475.84800522,11475.84800522,7.41149896,0.0645417701942741432071559544
1762387200000,2025-11-06 08:00,1475.84800522,11475.84800522,7.41149896,0.0645417701942741432071559544
1762401600000,2025-11-06 12:00,1475.84800522,11475.84800522,7.41149896,0.0645417701942741432071559544
1762416000000,2025-11-06 16:00,1475.84800522,11475.84800522,7.41149896,0.0645417701942741432071559544
1762430400000,2025-11-06 20:00,1475.84800522,11475.84800522,7.41149896,0.0645417701942741432071559544
1762444800000,2025-11-07 00:00,1475.84800522,11475.84800522,7.41149896,0.0645417701942741432071559544
1762459200000,2025-11-07 04:00,1475.84800522,11475.84800522,7.41149896,0.0645417701942741432071559544
1762473600000,2025-11-07 08:00,1475.84800522,11475.84800522,7.41149896,0.0645417701942741432071559544
1762488000000,2025-11-07 12:00,1475.84800522,11475.84800522,7.41149896,0.0645417701942741432071559544
1762502400000,2025-11-07 16:00,1475.84800522,11475.84800522,7.41149896,0.0645417701942741432071559544
1762516800000,2025-11-07 20:00,1475.84800522,11475.84800522,7.41149896,0.0645417701942741432071559544
1762531200000,2025-11-08 00:00,1475.84800522,11475.84800522,7.41149896,0.0645417701942741432071559544
1762545600000,2025-11-08 04:00,1475.84800522,11475.84800522,7.41149896,0.0645417701942741432071559544
1762560000000,2025-11-08 08:00,1475.84800522,11475.84800522,7.41149896,0.0645417701942741432071559544
1762574400000,2025-11-08 12:00,1475.84800522,11475.84800522,7.41149896,0.0645417701942741432071559544
1762588800000,2025-11-08 16:00,1475.84800522,11475.84800522,7.41149896,0.0645417701942741432071559544
1762603200000,2025-11-08 20:00,1475.84800522,11475.84800522,7.41149896,0.0645417701942741432071559544
1762617600000,2025-11-09 00:00,1475.84800522,11475.84800522,7.41149896,0.0645417701942741432071559544
1762632000000,2025-11-09 04:00,1475.84800522,11475.84800522,7.41149896,0.0645417701942741432071559544
1762646400000,2025-11-09 08:00,1475.84800522,11475.84800522,7.41149896,0.0645417701942741432071559544
1762660800000,2025-11-09 12:00,1475.84800522,11475.84800522,7.41149896,0.0645417701942741432071559544
1762675200000,2025-11-09 16:00,1475.84800522,11475.84800522,7.41149896,0.0645417701942741432071559544
1762689600000,2025-11-09 20:00,1475.84800522,11475.84800522,7.41149896,0.0645417701942741432071559544
1762704000000,2025-11-10 00:00,1475.84800522,11475.84800522,7.41149896,0.0645417701942741432071559544
1762718400000,2025-11-10 04:00,1475.84800522,11475.84800522,7.41149896,0.0645417701942741432071559544
1762732800000,2025-11-10 08:00,1475.84800522,11475.84800522,7.41149896,0.0645417701942741432071559544
1762747200000,2025-11-10 12:00,1475.84800522,11475.84800522,7.41149896,0.0645417701942741432071559544
1762761600000,2025-11-10 16:00,1475.84800522,11475.84800522,7.41149896,0.0645417701942741432071559544
1762776000000,2025-11-10 20:00,1475.84800522,11475.84800522,7.41149896,0.0645417701942741432071559544
1762790400000,2025-11-11 00:00,1475.84800522,11475.84800522,7.41149896,0.0645417701942741432071559544
1762804800000,2025-11-11 04:00,1475.84800522,11475.84800522,7.41149896,0.0645417701942741432071559544
1762819200000,2025-11-11 08:00,1475.84800522,11475.84800522,7.41149896,0.0645417701942741432071559544
1762833600000,2025-11-11 12:00,1475.84800522,11475.84800522,7.41149896,0.0645417701942741432071559544
1762848000000,2025-11-11 16:00,1475.84800522,11475.84800522,7.41149896,0.0645417701942741432071559544
1762862400000,2025-11-11 20:00,1475.84800522,11475.84800522,7.41149896,0.0645417701942741432071559544
1762876800000,2025-11-12 00:00,1475.84800522,11475.84800522,7.41149896,0.0645417701942741432071559544
1762891200000,2025-11-12 04:00,1475.84800522,11475.84800522,7.41149896,0.0645417701942741432071559544
1762905600000,2025-11-12 08:00,1475.84800522,11475.84800522,7.41149896,0.0645417701942741432071559544
1762920000000,2025-11-12 12:00,1475.84800522,11475.84800522,7.41149896,0.0645417701942741432071559544
1762934400000,2025-11-12 16:00,1475.84800522,11475.84800522,7.41149896,0.0645417701942741432071559544
1762948800000,2025-11-12 20:00,1475.84800522,11475.84800522,7.41149896,0.0645417701942741432071559544
1762963200000,2025-11-13 00:00,1475.84800522,11475.84800522,7.41149896,0.0645417701942741432071559544
1762977600000,2025-11-13 04:00,1475.84800522,11475.84800522,7.41149896,0.0645417701942741432071559544
1762992000000,2025-11-13 08:00,1475.84800522,11475.84800522,7.41149896,0.0645417701942741432071559544
1763006400000,2025-11-13 12:00,1475.84800522,11475.84800522,7.41149896,0.0645417701942741432071559544
1763020800000,2025-11-13 16:00,1475.84800522,11475.84800522,7.41149896,0.0645417701942741432071559544
1763035200000,2025-11-13 20:00,1475.84800522,11475.84800522,7.41149896,0.0645417701942741432071559544
1763049600000,2025-11-14 00:00,1475.84800522,11475.84800522,7.41149896,0.0645417701942741432071559544
1763064000000,2025-11-14 04:00,1475.84800522,11475.84800522,7.41149896,0.0645417701942741432071559544
1763078400000,2025-11-14 08:00,1475.84800522,11475.84800522,7.41149896,0.0645417701942741432071559544
1763092800000,2025-11-14 12:00,1475.84800522,11475.84800522,7.41149896,0.0645417701942741432071559544
1763107200000,2025-11-14 16:00,1475.84800522,11475.84800522,7.41149896,0.0645417701942741432071559544
1763121600000,2025-11-14 20:00,1475.84800522,11475.84800522,7.41149896,0.0645417701942741432071559544
1763136000000,2025-11-15 00:00,1475.84800522,11475.84800522,7.41149896,0.0645417701942741432071559544
1763150400000,2025-11-15 04:00,1475.84800522,11475.84800522,7.41149896,0.0645417701942741432071559544
1763164800000,2025-11-15 08:00,1475.84800522,11475.84800522,7.41149896,0.0645417701942741432071559544
1763179200000,2025-11-15 12:00,1475.84800522,11475.84800522,7.41149896,0.0645417701942741432071559544
1763193600000,2025-11-15 16:00,1475.84800522,11475.84800522,7.41149896,0.0645417701942741432071559544
1763208000000,2025-11-15 20:00,1475.84800522,11475.84800522,7.41149896,0.0645417701942741432071559544
1763222400000,2025-11-16 00:00,1475.84800522,11475.84800522,7.41149896,0.0645417701942741432071559544
1763236800000,2025-11-16 04:00,1475.84800522,11475.84800522,7.41149896,0.0645417701942741432071559544
1763251200000,2025-11-16 08:00,1475.84800522,11475.84800522,7.41149896,0.0645417701942741432071559544
1763265600000,2025-11-16 12:00,1475.84800522,11475.84800522,7.41149896,0.0645417701942741432071559544
1763280000000,2025-11-16 16:00,1475.84800522,11475.84800522,7.41149896,0.0645417701942741432071559544
1763294400000,2025-11-16 20:00,1475.84800522,11475.84800522,7.41149896,0.0645417701942741432071559544
1763308800000,2025-11-17 00:00,1475.84800522,11475.84800522,7.41149896,0.0645417701942741432071559544
1763323200000,2025-11-17 04:00,1475.84800522,11475.84800522,7.41149896,0.0645417701942741432071559544
1763337600000,2025-11-17 08:00,1475.84800522,11475.84800522,7.41149896,0.0645417701942741432071559544
1763352000000,2025-11-17 12:00,1757.81669367,11757.81669367,0,0
1763366400000,2025-11-17 16:00,1757.81669367,11757.81669367,0,0
1763380800000,2025-11-17 20:00,1757.81669367,11757.81669367,0,0
1763395200000,2025-11-18 00:00,1757.81669367,11757.81669367,0,0
1763409600000,2025-11-18 04:00,1757.81669367,11757.81669367,0,0
1763424000000,2025-11-18 08:00,1757.81669367,11757.81669367,0,0
1763438400000,2025-11-18 12:00,1757.81669367,11757.81669367,0,0
1763452800000,2025-11-18 16:00,1757.81669367,11757.81669367,0,0
1763467200000,2025-11-18 20:00,1757.81669367,11757.81669367,0,0
1763481600000,2025-11-19 00:00,1757.81669367,11757.81669367,0,0
1763496000000,2025-11-19 04:00,1757.81669367,11757.81669367,0,0
1763510400000,2025-11-19 08:00,1757.81669367,11757.81669367,0,0
1763524800000,2025-11-19 12:00,1757.81669367,11757.81669367,0,0
1763539200000,2025-11-19 16:00,1757.81669367,11757.81669367,0,0
1763553600000,2025-11-19 20:00,1757.81669367,11757.81669367,0,0
1763568000000,2025-11-20 00:00,1757.81669367,11757.81669367,0,0
1763582400000,2025-11-20 04:00,1757.81669367,11757.81669367,0,0
1763596800000,2025-11-20 08:00,1757.81669367,11757.81669367,0,0
1763611200000,2025-11-20 12:00,1757.81669367,11757.81669367,0,0
1763625600000,2025-11-20 16:00,1757.81669367,11757.81669367,0,0
1763640000000,2025-11-20 20:00,1757.81669367,11757.81669367,0,0
1763654400000,2025-11-21 00:00,1757.81669367,11757.81669367,0,0
1763668800000,2025-11-21 04:00,1757.81669367,11757.81669367,0,0
1763683200000,2025-11-21 08:00,1757.81669367,11757.81669367,0,0
1763697600000,2025-11-21 12:00,1757.81669367,11757.81669367,0,0
1763712000000,2025-11-21 16:00,1757.81669367,11757.81669367,0,0
1763726400000,2025-11-21 20:00,1757.81669367,11757.81669367,0,0
1763740800000,2025-11-22 00:00,1757.81669367,11757.81669367,0,0
1763755200000,2025-11-22 04:00,1757.81669367,11757.81669367,0,0
1763769600000,2025-11-22 08:00,1757.81669367,11757.81669367,0,0
1763784000000,2025-11-22 12:00,1757.81669367,11757.81669367,0,0
1763798400000,2025-11-22 16:00,1757.81669367,11757.81669367,0,0
1763812800000,2025-11-22 20:00,1757.81669367,11757.81669367,0,0
1763827200000,2025-11-23 00:00,1757.81669367,11757.81669367,0,0
1763841600000,2025-11-23 04:00,1757.81669367,11757.81669367,0,0
1763856000000,2025-11-23 08:00,1757.81669367,11757.81669367,0,0
1763870400000,2025-11-23 12:00,1757.81669367,11757.81669367,0,0
1763884800000,2025-11-23 16:00,1757.81669367,11757.81669367,0,0
1763899200000,2025-11-23 20:00,1757.81669367,11757.81669367,0,0
1763913600000,2025-11-24 00:00,1757.81669367,11757.81669367,0,0
1763928000000,2025-11-24 04:00,1757.81669367,11757.81669367,0,0
1763942400000,2025-11-24 08:00,1757.81669367,11757.81669367,0,0
1763956800000,2025-11-24 12:00,1757.81669367,11757.81669367,0,0
1763971200000,2025-11-24 16:00,1757.81669367,11757.81669367,0,0
1763985600000,2025-11-24 20:00,1757.81669367,11757.81669367,0,0
1764000000000,2025-11-25 00:00,1757.81669367,11757.81669367,0,0
1764014400000,2025-11-25 04:00,1757.81669367,11757.81669367,0,0
1764028800000,2025-11-25 08:00,1757.81669367,11757.81669367,0,0
1764043200000,2025-11-25 12:00,1757.81669367,11757.81669367,0,0
1764057600000,2025-11-25 16:00,1757.81669367,11757.81669367,0,0
1764072000000,2025-11-25 20:00,1757.81669367,11757.81669367,0,0
1764086400000,2025-11-26 00:00,1757.81669367,11757.81669367,0,0
1764100800000,2025-11-26 04:00,1757.81669367,11757.81669367,0,0
1764115200000,2025-11-26 08:00,1757.81669367,11757.81669367,0,0
1764129600000,2025-11-26 12:00,1757.81669367,11757.81669367,0,0
1764144000000,2025-11-26 16:00,1757.81669367,11757.81669367,0,0
1764158400000,2025-11-26 20:00,1757.81669367,11757.81669367,0,0
1764172800000,2025-11-27 00:00,1757.81669367,11757.81669367,0,0
1764187200000,2025-11-27 04:00,1757.81669367,11757.81669367,0,0
1764201600000,2025-11-27 08:00,1757.81669367,11757.81669367,0,0
1764216000000,2025-11-27 12:00,1757.81669367,11757.81669367,0,0
1764230400000,2025-11-27 16:00,1757.81669367,11757.81669367,0,0
1764244800000,2025-11-27 20:00,1757.81669367,11757.81669367,0,0
1764259200000,2025-11-28 00:00,1757.81669367,11757.81669367,0,0
1764273600000,2025-11-28 04:00,1757.81669367,11757.81669367,0,0
1764288000000,2025-11-28 08:00,1757.81669367,11757.81669367,0,0
1764302400000,2025-11-28 12:00,1757.81669367,11757.81669367,0,0
1764316800000,2025-11-28 16:00,1757.81669367,11757.81669367,0,0
1764331200000,2025-11-28 20:00,1757.81669367,11757.81669367,0,0
1764345600000,2025-11-29 00:00,1757.81669367,11757.81669367,0,0
1764360000000,2025-11-29 04:00,1757.81669367,11757.81669367,0,0
1764374400000,2025-11-29 08:00,1757.81669367,11757.81669367,0,0
1764388800000,2025-11-29 12:00,1757.81669367,11757.81669367,0,0
1764403200000,2025-11-29 16:00,1757.81669367,11757.81669367,0,0
1764417600000,2025-11-29 20:00,1757.81669367,11757.81669367,0,0
1764432000000,2025-11-30 00:00,1757.81669367,11757.81669367,0,0
1764446400000,2025-11-30 04:00,1757.81669367,11757.81669367,0,0
1764460800000,2025-11-30 08:00,1757.81669367,11757.81669367,0,0
1764475200000,2025-11-30 12:00,1757.81669367,11757.81669367,0,0
1764489600000,2025-11-30 16:00,1757.81669367,11757.81669367,0,0
1764504000000,2025-11-30 20:00,1757.81669367,11757.81669367,0,0
1764518400000,2025-12-01 00:00,1757.81669367,11757.81669367,0,0
1764532800000,2025-12-01 04:00,1757.81669367,11757.81669367,0,0
1764547200000,2025-12-01 08:00,1757.81669367,11757.81669367,0,0
1764561600000,2025-12-01 12:00,1757.81669367,11757.81669367,0,0
1764576000000,2025-12-01 16:00,1757.81669367,11757.81669367,0,0
1764590400000,2025-12-01 20:00,1757.81669367,11757.81669367,0,0
1764604800000,2025-12-02 00:00,1757.81669367,11757.81669367,0,0
1764619200000,2025-12-02 04:00,1757.81669367,11757.81669367,0,0
1764633600000,2025-12-02 08:00,1757.81669367,11757.81669367,0,0
1764648000000,2025-12-02 12:00,1757.81669367,11757.81669367,0,0
1764662400000,2025-12-02 16:00,1757.81669367,11757.81669367,0,0
1764676800000,2025-12-02 20:00,1757.81669367,11757.81669367,0,0
1764691200000,2025-12-03 00:00,1757.81669367,11757.81669367,0,0
1764705600000,2025-12-03 04:00,1757.81669367,11757.81669367,0,0
1764720000000,2025-12-03 08:00,1757.81669367,11757.81669367,0,0
1764734400000,2025-12-03 12:00,1757.81669367,11757.81669367,0,0
1764748800000,2025-12-03 16:00,1757.81669367,11757.81669367,0,0
1764763200000,2025-12-03 20:00,1757.81669367,11757.81669367,0,0
1764777600000,2025-12-04 00:00,1757.81669367,11757.81669367,0,0
1764792000000,2025-12-04 04:00,1757.81669367,11757.81669367,0,0
1764806400000,2025-12-04 08:00,1757.81669367,11757.81669367,0,0
1764820800000,2025-12-04 12:00,1757.81669367,11757.81669367,0,0
1764835200000,2025-12-04 16:00,1757.81669367,11757.81669367,0,0
1764849600000,2025-12-04 20:00,1757.81669367,11757.81669367,0,0
1764864000000,2025-12-05 00:00,1757.81669367,11757.81669367,0,0
1764878400000,2025-12-05 04:00,1757.81669367,11757.81669367,0,0
1764892800000,2025-12-05 08:00,1757.81669367,11757.81669367,0,0
1764907200000,2025-12-05 12:00,1757.81669367,11757.81669367,0,0
1764921600000,2025-12-05 16:00,1757.81669367,11757.81669367,0,0
1764936000000,2025-12-05 20:00,1757.81669367,11757.81669367,0,0
1764950400000,2025-12-06 00:00,1757.81669367,11757.81669367,0,0
1764964800000,2025-12-06 04:00,1757.81669367,11757.81669367,0,0
1764979200000,2025-12-06 08:00,1757.81669367,11757.81669367,0,0
1764993600000,2025-12-06 12:00,1757.81669367,11757.81669367,0,0
1765008000000,2025-12-06 16:00,1757.81669367,11757.81669367,0,0
1765022400000,2025-12-06 20:00,1757.81669367,11757.81669367,0,0
1765036800000,2025-12-07 00:00,1757.81669367,11757.81669367,0,0
1765051200000,2025-12-07 04:00,1757.81669367,11757.81669367,0,0
1765065600000,2025-12-07 08:00,1757.81669367,11757.81669367,0,0
1765080000000,2025-12-07 12:00,1757.81669367,11757.81669367,0,0
1765094400000,2025-12-07 16:00,1757.81669367,11757.81669367,0,0
1765108800000,2025-12-07 20:00,1757.81669367,11757.81669367,0,0
1765123200000,2025-12-08 00:00,1757.81669367,11757.81669367,0,0
1765137600000,2025-12-08 04:00,1757.81669367,11757.81669367,0,0
1765152000000,2025-12-08 08:00,1757.81669367,11757.81669367,0,0
1765166400000,2025-12-08 12:00,1757.81669367,11757.81669367,0,0
1765180800000,2025-12-08 16:00,1757.81669367,11757.81669367,0,0
1765195200000,2025-12-08 20:00,1757.81669367,11757.81669367,0,0
1765209600000,2025-12-09 00:00,1757.81669367,11757.81669367,0,0
1765224000000,2025-12-09 04:00,1757.81669367,11757.81669367,0,0
1765238400000,2025-12-09 08:00,1757.81669367,11757.81669367,0,0
1765252800000,2025-12-09 12:00,1757.81669367,11757.81669367,0,0
1765267200000,2025-12-09 16:00,1757.81669367,11757.81669367,0,0
1765281600000,2025-12-09 20:00,1757.81669367,11757.81669367,0,0
1765296000000,2025-12-10 00:00,1757.81669367,11757.81669367,0,0
1765310400000,2025-12-10 04:00,1757.81669367,11757.81669367,0,0
1765324800000,2025-12-10 08:00,1757.81669367,11757.81669367,0,0
1765339200000,2025-12-10 12:00,1757.81669367,11757.81669367,0,0
1765353600000,2025-12-10 16:00,1757.81669367,11757.81669367,0,0
1765368000000,2025-12-10 20:00,1757.81669367,11757.81669367,0,0
1765382400000,2025-12-11 00:00,1757.81669367,11757.81669367,0,0
1765396800000,2025-12-11 04:00,1757.81669367,11757.81669367,0,0
1765411200000,2025-12-11 08:00,1757.81669367,11757.81669367,0,0
1765425600000,2025-12-11 12:00,1757.81669367,11757.81669367,0,0
1765440000000,2025-12-11 16:00,1757.81669367,11757.81669367,0,0
1765454400000,2025-12-11 20:00,1757.81669367,11757.81669367,0,0
1765468800000,2025-12-12 00:00,1757.81669367,11757.81669367,0,0
1765483200000,2025-12-12 04:00,1668.92044167,11668.92044167,88.896252,0.7560608769131317849903310875
1765497600000,2025-12-12 08:00,1668.92044167,11668.92044167,88.896252,0.7560608769131317849903310875
1765512000000,2025-12-12 12:00,1668.92044167,11668.92044167,88.896252,0.7560608769131317849903310875
1765526400000,2025-12-12 16:00,1668.92044167,11668.92044167,88.896252,0.7560608769131317849903310875
1765540800000,2025-12-12 20:00,1668.92044167,11668.92044167,88.896252,0.7560608769131317849903310875
1765555200000,2025-12-13 00:00,1668.92044167,11668.92044167,88.896252,0.7560608769131317849903310875
1765569600000,2025-12-13 04:00,1668.92044167,11668.92044167,88.896252,0.7560608769131317849903310875
1765584000000,2025-12-13 08:00,1668.92044167,11668.92044167,88.896252,0.7560608769131317849903310875
1765598400000,2025-12-13 12:00,1668.92044167,11668.92044167,88.896252,0.7560608769131317849903310875
1765612800000,2025-12-13 16:00,1668.92044167,11668.92044167,88.896252,0.7560608769131317849903310875
1765627200000,2025-12-13 20:00,1668.92044167,11668.92044167,88.896252,0.7560608769131317849903310875
1765641600000,2025-12-14 00:00,1668.92044167,11668.92044167,88.896252,0.7560608769131317849903310875
1765656000000,2025-12-14 04:00,1668.92044167,11668.92044167,88.896252,0.7560608769131317849903310875
1765670400000,2025-12-14 08:00,1668.92044167,11668.92044167,88.896252,0.7560608769131317849903310875
1765684800000,2025-12-14 12:00,1668.92044167,11668.92044167,88.896252,0.7560608769131317849903310875
1765699200000,2025-12-14 16:00,1668.92044167,11668.92044167,88.896252,0.7560608769131317849903310875
1765713600000,2025-12-14 20:00,1668.92044167,11668.92044167,88.896252,0.7560608769131317849903310875
1765728000000,2025-12-15 00:00,1668.92044167,11668.92044167,88.896252,0.7560608769131317849903310875
1765742400000,2025-12-15 04:00,1668.92044167,11668.92044167,88.896252,0.7560608769131317849903310875
1765756800000,2025-12-15 08:00,1668.92044167,11668.92044167,88.896252,0.7560608769131317849903310875
1765771200000,2025-12-15 12:00,1668.92044167,11668.92044167,88.896252,0.7560608769131317849903310875
1765785600000,2025-12-15 16:00,1668.92044167,11668.92044167,88.896252,0.7560608769131317849903310875
1765800000000,2025-12-15 20:00,1668.92044167,11668.92044167,88.896252,0.7560608769131317849903310875
1765814400000,2025-12-16 00:00,1668.92044167,11668.92044167,88.896252,0.7560608769131317849903310875
1765828800000,2025-12-16 04:00,1668.92044167,11668.92044167,88.896252,0.7560608769131317849903310875
1765843200000,2025-12-16 08:00,1668.92044167,11668.92044167,88.896252,0.7560608769131317849903310875
1765857600000,2025-12-16 12:00,1851.71464872,11851.71464872,0,0
1765872000000,2025-12-16 16:00,1851.71464872,11851.71464872,0,0
1765886400000,2025-12-16 20:00,1851.71464872,11851.71464872,0,0
1765900800000,2025-12-17 00:00,1851.71464872,11851.71464872,0,0
1765915200000,2025-12-17 04:00,1851.71464872,11851.71464872,0,0
1765929600000,2025-12-17 08:00,1851.71464872,11851.71464872,0,0
1765944000000,2025-12-17 12:00,1851.71464872,11851.71464872,0,0
1765958400000,2025-12-17 16:00,1851.71464872,11851.71464872,0,0
1765972800000,2025-12-17 20:00,1851.71464872,11851.71464872,0,0
1765987200000,2025-12-18 00:00,1851.71464872,11851.71464872,0,0
1766001600000,2025-12-18 04:00,1851.71464872,11851.71464872,0,0
1766016000000,2025-12-18 08:00,1851.71464872,11851.71464872,0,0
1766030400000,2025-12-18 12:00,1851.71464872,11851.71464872,0,0
1766044800000,2025-12-18 16:00,1851.71464872,11851.71464872,0,0
1766059200000,2025-12-18 20:00,1851.71464872,11851.71464872,0,0
1766073600000,2025-12-19 00:00,1851.71464872,11851.71464872,0,0
1766088000000,2025-12-19 04:00,1851.71464872,11851.71464872,0,0
1766102400000,2025-12-19 08:00,1851.71464872,11851.71464872,0,0
1766116800000,2025-12-19 12:00,1851.71464872,11851.71464872,0,0
1766131200000,2025-12-19 16:00,1851.71464872,11851.71464872,0,0
1766145600000,2025-12-19 20:00,1851.71464872,11851.71464872,0,0
1766160000000,2025-12-20 00:00,1851.71464872,11851.71464872,0,0
1766174400000,2025-12-20 04:00,1851.71464872,11851.71464872,0,0
1766188800000,2025-12-20 08:00,1851.71464872,11851.71464872,0,0
1766203200000,2025-12-20 12:00,1851.71464872,11851.71464872,0,0
1766217600000,2025-12-20 16:00,1851.71464872,11851.71464872,0,0
1766232000000,2025-12-20 20:00,1851.71464872,11851.71464872,0,0
1766246400000,2025-12-21 00:00,1851.71464872,11851.71464872,0,0
1766260800000,2025-12-21 04:00,1851.71464872,11851.71464872,0,0
1766275200000,2025-12-21 08:00,1851.71464872,11851.71464872,0,0
1766289600000,2025-12-21 12:00,1851.71464872,11851.71464872,0,0
1766304000000,2025-12-21 16:00,1851.71464872,11851.71464872,0,0
1766318400000,2025-12-21 20:00,1851.71464872,11851.71464872,0,0
1766332800000,2025-12-22 00:00,1851.71464872,11851.71464872,0,0
1766347200000,2025-12-22 04:00,1851.71464872,11851.71464872,0,0
1766361600000,2025-12-22 08:00,1851.71464872,11851.71464872,0,0
1766376000000,2025-12-22 12:00,1851.71464872,11851.71464872,0,0
1766390400000,2025-12-22 16:00,1851.71464872,11851.71464872,0,0
1766404800000,2025-12-22 20:00,1851.71464872,11851.71464872,0,0
1766419200000,2025-12-23 00:00,1851.71464872,11851.71464872,0,0
1766433600000,2025-12-23 04:00,1851.71464872,11851.71464872,0,0
1766448000000,2025-12-23 08:00,1851.71464872,11851.71464872,0,0
1766462400000,2025-12-23 12:00,1851.71464872,11851.71464872,0,0
1766476800000,2025-12-23 16:00,1851.71464872,11851.71464872,0,0
1766491200000,2025-12-23 20:00,1851.71464872,11851.71464872,0,0
1766505600000,2025-12-24 00:00,1851.71464872,11851.71464872,0,0
1766520000000,2025-12-24 04:00,1851.71464872,11851.71464872,0,0
1766534400000,2025-12-24 08:00,1851.71464872,11851.71464872,0,0
1766548800000,2025-12-24 12:00,1851.71464872,11851.71464872,0,0
1766563200000,2025-12-24 16:00,1851.71464872,11851.71464872,0,0
1766577600000,2025-12-24 20:00,1851.71464872,11851.71464872,0,0
1766592000000,2025-12-25 00:00,1851.71464872,11851.71464872,0,0
1766606400000,2025-12-25 04:00,1851.71464872,11851.71464872,0,0
1766620800000,2025-12-25 08:00,1851.71464872,11851.71464872,0,0
1766635200000,2025-12-25 12:00,1851.71464872,11851.71464872,0,0
1766649600000,2025-12-25 16:00,1851.71464872,11851.71464872,0,0
1766664000000,2025-12-25 20:00,1851.71464872,11851.71464872,0,0
1766678400000,2025-12-26 00:00,1851.71464872,11851.71464872,0,0
1766692800000,2025-12-26 04:00,1851.71464872,11851.71464872,0,0
1766707200000,2025-12-26 08:00,1748.32354736,11748.32354736,103.39110136,0.8723725167578715558638661277
1766721600000,2025-12-26 12:00,1748.32354736,11748.32354736,103.39110136,0.8723725167578715558638661277
1766736000000,2025-12-26 16:00,1748.32354736,11748.32354736,103.39110136,0.8723725167578715558638661277
1766750400000,2025-12-26 20:00,1748.32354736,11748.32354736,103.39110136,0.8723725167578715558638661277
1766764800000,2025-12-27 00:00,1748.32354736,11748.32354736,103.39110136,0.8723725167578715558638661277
1766779200000,2025-12-27 04:00,1748.32354736,11748.32354736,103.39110136,0.8723725167578715558638661277
1766793600000,2025-12-27 08:00,1748.32354736,11748.32354736,103.39110136,0.8723725167578715558638661277
1766808000000,2025-12-27 12:00,1748.32354736,11748.32354736,103.39110136,0.8723725167578715558638661277
1766822400000,2025-12-27 16:00,1748.32354736,11748.32354736,103.39110136,0.8723725167578715558638661277
1766836800000,2025-12-27 20:00,1748.32354736,11748.32354736,103.39110136,0.8723725167578715558638661277
1766851200000,2025-12-28 00:00,1748.32354736,11748.32354736,103.39110136,0.8723725167578715558638661277
1766865600000,2025-12-28 04:00,1748.32354736,11748.32354736,103.39110136,0.8723725167578715558638661277
1766880000000,2025-12-28 08:00,1748.32354736,11748.32354736,103.39110136,0.8723725167578715558638661277
1766894400000,2025-12-28 12:00,1748.32354736,11748.32354736,103.39110136,0.8723725167578715558638661277
1766908800000,2025-12-28 16:00,1748.32354736,11748.32354736,103.39110136,0.8723725167578715558638661277
1766923200000,2025-12-28 20:00,1748.32354736,11748.32354736,103.39110136,0.8723725167578715558638661277
1766937600000,2025-12-29 00:00,1748.32354736,11748.32354736,103.39110136,0.8723725167578715558638661277
1766952000000,2025-12-29 04:00,1748.32354736,11748.32354736,103.39110136,0.8723725167578715558638661277
1766966400000,2025-12-29 08:00,1748.32354736,11748.32354736,103.39110136,0.8723725167578715558638661277
1766980800000,2025-12-29 12:00,1748.32354736,11748.32354736,103.39110136,0.8723725167578715558638661277
1766995200000,2025-12-29 16:00,1748.32354736,11748.32354736,103.39110136,0.8723725167578715558638661277
1767009600000,2025-12-29 20:00,1748.32354736,11748.32354736,103.39110136,0.8723725167578715558638661277
1767024000000,2025-12-30 00:00,1748.32354736,11748.32354736,103.39110136,0.8723725167578715558638661277
1767038400000,2025-12-30 04:00,1748.32354736,11748.32354736,103.39110136,0.8723725167578715558638661277
1767052800000,2025-12-30 08:00,1748.32354736,11748.32354736,103.39110136,0.8723725167578715558638661277
1767067200000,2025-12-30 12:00,1748.32354736,11748.32354736,103.39110136,0.8723725167578715558638661277
1767081600000,2025-12-30 16:00,1748.32354736,11748.32354736,103.39110136,0.8723725167578715558638661277
1767096000000,2025-12-30 20:00,1748.32354736,11748.32354736,103.39110136,0.8723725167578715558638661277
1767110400000,2025-12-31 00:00,1748.32354736,11748.32354736,103.39110136,0.8723725167578715558638661277
1767124800000,2025-12-31 04:00,1748.32354736,11748.32354736,103.39110136,0.8723725167578715558638661277
1767139200000,2025-12-31 08:00,1748.32354736,11748.32354736,103.39110136,0.8723725167578715558638661277
1767153600000,2025-12-31 12:00,1748.32354736,11748.32354736,103.39110136,0.8723725167578715558638661277
1767168000000,2025-12-31 16:00,1748.32354736,11748.32354736,103.39110136,0.8723725167578715558638661277
1767182400000,2025-12-31 20:00,1748.32354736,11748.32354736,103.39110136,0.8723725167578715558638661277
1767196800000,2026-01-01 00:00,1748.32354736,11748.32354736,103.39110136,0.8723725167578715558638661277
1767211200000,2026-01-01 04:00,1748.32354736,11748.32354736,103.39110136,0.8723725167578715558638661277
1767225600000,2026-01-01 08:00,1748.32354736,11748.32354736,103.39110136,0.8723725167578715558638661277
1767240000000,2026-01-01 12:00,1748.32354736,11748.32354736,103.39110136,0.8723725167578715558638661277
1767254400000,2026-01-01 16:00,1748.32354736,11748.32354736,103.39110136,0.8723725167578715558638661277
1767268800000,2026-01-01 20:00,1748.32354736,11748.32354736,103.39110136,0.8723725167578715558638661277
1767283200000,2026-01-02 00:00,1748.32354736,11748.32354736,103.39110136,0.8723725167578715558638661277
1767297600000,2026-01-02 04:00,1748.32354736,11748.32354736,103.39110136,0.8723725167578715558638661277
1767312000000,2026-01-02 08:00,1748.32354736,11748.32354736,103.39110136,0.8723725167578715558638661277
1767326400000,2026-01-02 12:00,1748.32354736,11748.32354736,103.39110136,0.8723725167578715558638661277
1767340800000,2026-01-02 16:00,1748.32354736,11748.32354736,103.39110136,0.8723725167578715558638661277
1767355200000,2026-01-02 20:00,1748.32354736,11748.32354736,103.39110136,0.8723725167578715558638661277
1767369600000,2026-01-03 00:00,1748.32354736,11748.32354736,103.39110136,0.8723725167578715558638661277
1767384000000,2026-01-03 04:00,1748.32354736,11748.32354736,103.39110136,0.8723725167578715558638661277
1767398400000,2026-01-03 08:00,1748.32354736,11748.32354736,103.39110136,0.8723725167578715558638661277
1767412800000,2026-01-03 12:00,1748.32354736,11748.32354736,103.39110136,0.8723725167578715558638661277
1767427200000,2026-01-03 16:00,1748.32354736,11748.32354736,103.39110136,0.8723725167578715558638661277
1767441600000,2026-01-03 20:00,1748.32354736,11748.32354736,103.39110136,0.8723725167578715558638661277
1767456000000,2026-01-04 00:00,1748.32354736,11748.32354736,103.39110136,0.8723725167578715558638661277
1767470400000,2026-01-04 04:00,1748.32354736,11748.32354736,103.39110136,0.8723725167578715558638661277
1767484800000,2026-01-04 08:00,1748.32354736,11748.32354736,103.39110136,0.8723725167578715558638661277
1767499200000,2026-01-04 12:00,1748.32354736,11748.32354736,103.39110136,0.8723725167578715558638661277
1767513600000,2026-01-04 16:00,1748.32354736,11748.32354736,103.39110136,0.8723725167578715558638661277
1767528000000,2026-01-04 20:00,1748.32354736,11748.32354736,103.39110136,0.8723725167578715558638661277
1767542400000,2026-01-05 00:00,1748.32354736,11748.32354736,103.39110136,0.8723725167578715558638661277
1767556800000,2026-01-05 04:00,1748.32354736,11748.32354736,103.39110136,0.8723725167578715558638661277
1767571200000,2026-01-05 08:00,1748.32354736,11748.32354736,103.39110136,0.8723725167578715558638661277
1767585600000,2026-01-05 12:00,1748.32354736,11748.32354736,103.39110136,0.8723725167578715558638661277
1767600000000,2026-01-05 16:00,1748.32354736,11748.32354736,103.39110136,0.8723725167578715558638661277
1767614400000,2026-01-05 20:00,1748.32354736,11748.32354736,103.39110136,0.8723725167578715558638661277
1767628800000,2026-01-06 00:00,1748.32354736,11748.32354736,103.39110136,0.8723725167578715558638661277
1767643200000,2026-01-06 04:00,1748.32354736,11748.32354736,103.39110136,0.8723725167578715558638661277
1767657600000,2026-01-06 08:00,1748.32354736,11748.32354736,103.39110136,0.8723725167578715558638661277
1767672000000,2026-01-06 12:00,1748.32354736,11748.32354736,103.39110136,0.8723725167578715558638661277
1767686400000,2026-01-06 16:00,1748.32354736,11748.32354736,103.39110136,0.8723725167578715558638661277
1767700800000,2026-01-06 20:00,1748.32354736,11748.32354736,103.39110136,0.8723725167578715558638661277
1767715200000,2026-01-07 00:00,1748.32354736,11748.32354736,103.39110136,0.8723725167578715558638661277
1767729600000,2026-01-07 04:00,1748.32354736,11748.32354736,103.39110136,0.8723725167578715558638661277
1767744000000,2026-01-07 08:00,1748.32354736,11748.32354736,103.39110136,0.8723725167578715558638661277
1767758400000,2026-01-07 12:00,1748.32354736,11748.32354736,103.39110136,0.8723725167578715558638661277
1767772800000,2026-01-07 16:00,1748.32354736,11748.32354736,103.39110136,0.8723725167578715558638661277
1767787200000,2026-01-07 20:00,1748.32354736,11748.32354736,103.39110136,0.8723725167578715558638661277
1767801600000,2026-01-08 00:00,1748.32354736,11748.32354736,103.39110136,0.8723725167578715558638661277
1767816000000,2026-01-08 04:00,1748.32354736,11748.32354736,103.39110136,0.8723725167578715558638661277
1767830400000,2026-01-08 08:00,1748.32354736,11748.32354736,103.39110136,0.8723725167578715558638661277
1767844800000,2026-01-08 12:00,1748.32354736,11748.32354736,103.39110136,0.8723725167578715558638661277
1767859200000,2026-01-08 16:00,1748.32354736,11748.32354736,103.39110136,0.8723725167578715558638661277
1767873600000,2026-01-08 20:00,1748.32354736,11748.32354736,103.39110136,0.8723725167578715558638661277
1767888000000,2026-01-09 00:00,1748.32354736,11748.32354736,103.39110136,0.8723725167578715558638661277
1767902400000,2026-01-09 04:00,1748.32354736,11748.32354736,103.39110136,0.8723725167578715558638661277
1767916800000,2026-01-09 08:00,1748.32354736,11748.32354736,103.39110136,0.8723725167578715558638661277
1767931200000,2026-01-09 12:00,1748.32354736,11748.32354736,103.39110136,0.8723725167578715558638661277
1767945600000,2026-01-09 16:00,1748.32354736,11748.32354736,103.39110136,0.8723725167578715558638661277
1767960000000,2026-01-09 20:00,1748.32354736,11748.32354736,103.39110136,0.8723725167578715558638661277
1767974400000,2026-01-10 00:00,1748.32354736,11748.32354736,103.39110136,0.8723725167578715558638661277
1767988800000,2026-01-10 04:00,1748.32354736,11748.32354736,103.39110136,0.8723725167578715558638661277
1768003200000,2026-01-10 08:00,1748.32354736,11748.32354736,103.39110136,0.8723725167578715558638661277
1768017600000,2026-01-10 12:00,1748.32354736,11748.32354736,103.39110136,0.8723725167578715558638661277
1768032000000,2026-01-10 16:00,1748.32354736,11748.32354736,103.39110136,0.8723725167578715558638661277
1768046400000,2026-01-10 20:00,1748.32354736,11748.32354736,103.39110136,0.8723725167578715558638661277
1768060800000,2026-01-11 00:00,1748.32354736,11748.32354736,103.39110136,0.8723725167578715558638661277
1768075200000,2026-01-11 04:00,1748.32354736,11748.32354736,103.39110136,0.8723725167578715558638661277
1768089600000,2026-01-11 08:00,1748.32354736,11748.32354736,103.39110136,0.8723725167578715558638661277
1768104000000,2026-01-11 12:00,1748.32354736,11748.32354736,103.39110136,0.8723725167578715558638661277
1768118400000,2026-01-11 16:00,1748.32354736,11748.32354736,103.39110136,0.8723725167578715558638661277
1768132800000,2026-01-11 20:00,1748.32354736,11748.32354736,103.39110136,0.8723725167578715558638661277
1768147200000,2026-01-12 00:00,1748.32354736,11748.32354736,103.39110136,0.8723725167578715558638661277
1768161600000,2026-01-12 04:00,1748.32354736,11748.32354736,103.39110136,0.8723725167578715558638661277
1768176000000,2026-01-12 08:00,1644.58615602,11644.58615602,207.1284927,1.747666889046895304552411409
1768190400000,2026-01-12 12:00,1644.58615602,11644.58615602,207.1284927,1.747666889046895304552411409
1768204800000,2026-01-12 16:00,1644.58615602,11644.58615602,207.1284927,1.747666889046895304552411409
1768219200000,2026-01-12 20:00,1644.58615602,11644.58615602,207.1284927,1.747666889046895304552411409
1768233600000,2026-01-13 00:00,1644.58615602,11644.58615602,207.1284927,1.747666889046895304552411409
1768248000000,2026-01-13 04:00,1644.58615602,11644.58615602,207.1284927,1.747666889046895304552411409
1768262400000,2026-01-13 08:00,1644.58615602,11644.58615602,207.1284927,1.747666889046895304552411409
1768276800000,2026-01-13 12:00,1644.58615602,11644.58615602,207.1284927,1.747666889046895304552411409
1768291200000,2026-01-13 16:00,1644.58615602,11644.58615602,207.1284927,1.747666889046895304552411409
1768305600000,2026-01-13 20:00,1644.58615602,11644.58615602,207.1284927,1.747666889046895304552411409
1768320000000,2026-01-14 00:00,1644.58615602,11644.58615602,207.1284927,1.747666889046895304552411409
1768334400000,2026-01-14 04:00,1644.58615602,11644.58615602,207.1284927,1.747666889046895304552411409
1768348800000,2026-01-14 08:00,1644.58615602,11644.58615602,207.1284927,1.747666889046895304552411409
1768363200000,2026-01-14 12:00,1644.58615602,11644.58615602,207.1284927,1.747666889046895304552411409
1768377600000,2026-01-14 16:00,1644.58615602,11644.58615602,207.1284927,1.747666889046895304552411409
1768392000000,2026-01-14 20:00,1644.58615602,11644.58615602,207.1284927,1.747666889046895304552411409
1768406400000,2026-01-15 00:00,1644.58615602,11644.58615602,207.1284927,1.747666889046895304552411409
1768420800000,2026-01-15 04:00,1644.58615602,11644.58615602,207.1284927,1.747666889046895304552411409
1768435200000,2026-01-15 08:00,1644.58615602,11644.58615602,207.1284927,1.747666889046895304552411409
1768449600000,2026-01-15 12:00,1644.58615602,11644.58615602,207.1284927,1.747666889046895304552411409
1768464000000,2026-01-15 16:00,1644.58615602,11644.58615602,207.1284927,1.747666889046895304552411409
1768478400000,2026-01-15 20:00,1644.58615602,11644.58615602,207.1284927,1.747666889046895304552411409
1768492800000,2026-01-16 00:00,1644.58615602,11644.58615602,207.1284927,1.747666889046895304552411409
1768507200000,2026-01-16 04:00,1644.58615602,11644.58615602,207.1284927,1.747666889046895304552411409
1768521600000,2026-01-16 08:00,1644.58615602,11644.58615602,207.1284927,1.747666889046895304552411409
1768536000000,2026-01-16 12:00,1644.58615602,11644.58615602,207.1284927,1.747666889046895304552411409
1768550400000,2026-01-16 16:00,1644.58615602,11644.58615602,207.1284927,1.747666889046895304552411409
1768564800000,2026-01-16 20:00,1644.58615602,11644.58615602,207.1284927,1.747666889046895304552411409
1768579200000,2026-01-17 00:00,1644.58615602,11644.58615602,207.1284927,1.747666889046895304552411409
1768593600000,2026-01-17 04:00,1644.58615602,11644.58615602,207.1284927,1.747666889046895304552411409
1768608000000,2026-01-17 08:00,1644.58615602,11644.58615602,207.1284927,1.747666889046895304552411409
1768622400000,2026-01-17 12:00,1644.58615602,11644.58615602,207.1284927,1.747666889046895304552411409
1768636800000,2026-01-17 16:00,1644.58615602,11644.58615602,207.1284927,1.747666889046895304552411409
1768651200000,2026-01-17 20:00,1644.58615602,11644.58615602,207.1284927,1.747666889046895304552411409
1768665600000,2026-01-18 00:00,1644.58615602,11644.58615602,207.1284927,1.747666889046895304552411409
1768680000000,2026-01-18 04:00,1644.58615602,11644.58615602,207.1284927,1.747666889046895304552411409
1768694400000,2026-01-18 08:00,1644.58615602,11644.58615602,207.1284927,1.747666889046895304552411409
1768708800000,2026-01-18 12:00,1644.58615602,11644.58615602,207.1284927,1.747666889046895304552411409
1768723200000,2026-01-18 16:00,1644.58615602,11644.58615602,207.1284927,1.747666889046895304552411409
1768737600000,2026-01-18 20:00,1644.58615602,11644.58615602,207.1284927,1.747666889046895304552411409
1768752000000,2026-01-19 00:00,1644.58615602,11644.58615602,207.1284927,1.747666889046895304552411409
1768766400000,2026-01-19 04:00,1644.58615602,11644.58615602,207.1284927,1.747666889046895304552411409
1768780800000,2026-01-19 08:00,1644.58615602,11644.58615602,207.1284927,1.747666889046895304552411409
1768795200000,2026-01-19 12:00,1644.58615602,11644.58615602,207.1284927,1.747666889046895304552411409
1768809600000,2026-01-19 16:00,1644.58615602,11644.58615602,207.1284927,1.747666889046895304552411409
1768824000000,2026-01-19 20:00,1644.58615602,11644.58615602,207.1284927,1.747666889046895304552411409
1768838400000,2026-01-20 00:00,1644.58615602,11644.58615602,207.1284927,1.747666889046895304552411409
1768852800000,2026-01-20 04:00,1644.58615602,11644.58615602,207.1284927,1.747666889046895304552411409
1768867200000,2026-01-20 08:00,1644.58615602,11644.58615602,207.1284927,1.747666889046895304552411409
1768881600000,2026-01-20 12:00,1644.58615602,11644.58615602,207.1284927,1.747666889046895304552411409
1768896000000,2026-01-20 16:00,1644.58615602,11644.58615602,207.1284927,1.747666889046895304552411409
1768910400000,2026-01-20 20:00,1644.58615602,11644.58615602,207.1284927,1.747666889046895304552411409
1768924800000,2026-01-21 00:00,1644.58615602,11644.58615602,207.1284927,1.747666889046895304552411409
1768939200000,2026-01-21 04:00,1644.58615602,11644.58615602,207.1284927,1.747666889046895304552411409
1768953600000,2026-01-21 08:00,1644.58615602,11644.58615602,207.1284927,1.747666889046895304552411409
1768968000000,2026-01-21 12:00,1644.58615602,11644.58615602,207.1284927,1.747666889046895304552411409
1768982400000,2026-01-21 16:00,1644.58615602,11644.58615602,207.1284927,1.747666889046895304552411409
1768996800000,2026-01-21 20:00,1644.58615602,11644.58615602,207.1284927,1.747666889046895304552411409
1769011200000,2026-01-22 00:00,1644.58615602,11644.58615602,207.1284927,1.747666889046895304552411409
1769025600000,2026-01-22 04:00,1644.58615602,11644.58615602,207.1284927,1.747666889046895304552411409
1769040000000,2026-01-22 08:00,1644.58615602,11644.58615602,207.1284927,1.747666889046895304552411409
1769054400000,2026-01-22 12:00,1644.58615602,11644.58615602,207.1284927,1.747666889046895304552411409
1769068800000,2026-01-22 16:00,1644.58615602,11644.58615602,207.1284927,1.747666889046895304552411409
1769083200000,2026-01-22 20:00,1644.58615602,11644.58615602,207.1284927,1.747666889046895304552411409
1769097600000,2026-01-23 00:00,1644.58615602,11644.58615602,207.1284927,1.747666889046895304552411409
1769112000000,2026-01-23 04:00,1644.58615602,11644.58615602,207.1284927,1.747666889046895304552411409
1769126400000,2026-01-23 08:00,1644.58615602,11644.58615602,207.1284927,1.747666889046895304552411409
1769140800000,2026-01-23 12:00,1644.58615602,11644.58615602,207.1284927,1.747666889046895304552411409
1769155200000,2026-01-23 16:00,1644.58615602,11644.58615602,207.1284927,1.747666889046895304552411409
1769169600000,2026-01-23 20:00,1644.58615602,11644.58615602,207.1284927,1.747666889046895304552411409
1769184000000,2026-01-24 00:00,1644.58615602,11644.58615602,207.1284927,1.747666889046895304552411409
1769198400000,2026-01-24 04:00,1644.58615602,11644.58615602,207.1284927,1.747666889046895304552411409
1769212800000,2026-01-24 08:00,1644.58615602,11644.58615602,207.1284927,1.747666889046895304552411409
1769227200000,2026-01-24 12:00,1644.58615602,11644.58615602,207.1284927,1.747666889046895304552411409
1769241600000,2026-01-24 16:00,1644.58615602,11644.58615602,207.1284927,1.747666889046895304552411409
1769256000000,2026-01-24 20:00,1644.58615602,11644.58615602,207.1284927,1.747666889046895304552411409
1769270400000,2026-01-25 00:00,1644.58615602,11644.58615602,207.1284927,1.747666889046895304552411409
1769284800000,2026-01-25 04:00,1644.58615602,11644.58615602,207.1284927,1.747666889046895304552411409
1769299200000,2026-01-25 08:00,1644.58615602,11644.58615602,207.1284927,1.747666889046895304552411409
1769313600000,2026-01-25 12:00,1644.58615602,11644.58615602,207.1284927,1.747666889046895304552411409
1769328000000,2026-01-25 16:00,1644.58615602,11644.58615602,207.1284927,1.747666889046895304552411409
1769342400000,2026-01-25 20:00,1644.58615602,11644.58615602,207.1284927,1.747666889046895304552411409
1769356800000,2026-01-26 00:00,1644.58615602,11644.58615602,207.1284927,1.747666889046895304552411409
1769371200000,2026-01-26 04:00,1644.58615602,11644.58615602,207.1284927,1.747666889046895304552411409
1769385600000,2026-01-26 08:00,1644.58615602,11644.58615602,207.1284927,1.747666889046895304552411409
1769400000000,2026-01-26 12:00,1644.58615602,11644.58615602,207.1284927,1.747666889046895304552411409
1769414400000,2026-01-26 16:00,1644.58615602,11644.58615602,207.1284927,1.747666889046895304552411409
1769428800000,2026-01-26 20:00,1644.58615602,11644.58615602,207.1284927,1.747666889046895304552411409
1769443200000,2026-01-27 00:00,1644.58615602,11644.58615602,207.1284927,1.747666889046895304552411409
1769457600000,2026-01-27 04:00,1644.58615602,11644.58615602,207.1284927,1.747666889046895304552411409
1769472000000,2026-01-27 08:00,1644.58615602,11644.58615602,207.1284927,1.747666889046895304552411409
1769486400000,2026-01-27 12:00,1644.58615602,11644.58615602,207.1284927,1.747666889046895304552411409
1769500800000,2026-01-27 16:00,1644.58615602,11644.58615602,207.1284927,1.747666889046895304552411409
1769515200000,2026-01-27 20:00,1644.58615602,11644.58615602,207.1284927,1.747666889046895304552411409
1769529600000,2026-01-28 00:00,1644.58615602,11644.58615602,207.1284927,1.747666889046895304552411409
1769544000000,2026-01-28 04:00,1644.58615602,11644.58615602,207.1284927,1.747666889046895304552411409
1769558400000,2026-01-28 08:00,1644.58615602,11644.58615602,207.1284927,1.747666889046895304552411409
1769572800000,2026-01-28 12:00,1644.58615602,11644.58615602,207.1284927,1.747666889046895304552411409
1769587200000,2026-01-28 16:00,1644.58615602,11644.58615602,207.1284927,1.747666889046895304552411409
1769601600000,2026-01-28 20:00,1644.58615602,11644.58615602,207.1284927,1.747666889046895304552411409
1769616000000,2026-01-29 00:00,1644.58615602,11644.58615602,207.1284927,1.747666889046895304552411409
1769630400000,2026-01-29 04:00,1644.58615602,11644.58615602,207.1284927,1.747666889046895304552411409
1769644800000,2026-01-29 08:00,1644.58615602,11644.58615602,207.1284927,1.747666889046895304552411409
1769659200000,2026-01-29 12:00,1644.58615602,11644.58615602,207.1284927,1.747666889046895304552411409
1769673600000,2026-01-29 16:00,1644.58615602,11644.58615602,207.1284927,1.747666889046895304552411409
1769688000000,2026-01-29 20:00,1644.58615602,11644.58615602,207.1284927,1.747666889046895304552411409
1769702400000,2026-01-30 00:00,1644.58615602,11644.58615602,207.1284927,1.747666889046895304552411409
1769716800000,2026-01-30 04:00,1644.58615602,11644.58615602,207.1284927,1.747666889046895304552411409
1769731200000,2026-01-30 08:00,1644.58615602,11644.58615602,207.1284927,1.747666889046895304552411409
1769745600000,2026-01-30 12:00,1644.58615602,11644.58615602,207.1284927,1.747666889046895304552411409
1769760000000,2026-01-30 16:00,1644.58615602,11644.58615602,207.1284927,1.747666889046895304552411409
1769774400000,2026-01-30 20:00,1644.58615602,11644.58615602,207.1284927,1.747666889046895304552411409
1769788800000,2026-01-31 00:00,1644.58615602,11644.58615602,207.1284927,1.747666889046895304552411409
1769803200000,2026-01-31 04:00,1644.58615602,11644.58615602,207.1284927,1.747666889046895304552411409
1769817600000,2026-01-31 08:00,1644.58615602,11644.58615602,207.1284927,1.747666889046895304552411409
1769832000000,2026-01-31 12:00,1644.58615602,11644.58615602,207.1284927,1.747666889046895304552411409
1769846400000,2026-01-31 16:00,1644.58615602,11644.58615602,207.1284927,1.747666889046895304552411409
1769860800000,2026-01-31 20:00,1644.58615602,11644.58615602,207.1284927,1.747666889046895304552411409
1769875200000,2026-02-01 00:00,1644.58615602,11644.58615602,207.1284927,1.747666889046895304552411409
1769889600000,2026-02-01 04:00,1644.58615602,11644.58615602,207.1284927,1.747666889046895304552411409
1769904000000,2026-02-01 08:00,1644.58615602,11644.58615602,207.1284927,1.747666889046895304552411409
1769918400000,2026-02-01 12:00,1644.58615602,11644.58615602,207.1284927,1.747666889046895304552411409
1769932800000,2026-02-01 16:00,1644.58615602,11644.58615602,207.1284927,1.747666889046895304552411409
1769947200000,2026-02-01 20:00,1644.58615602,11644.58615602,207.1284927,1.747666889046895304552411409
1769961600000,2026-02-02 00:00,1644.58615602,11644.58615602,207.1284927,1.747666889046895304552411409
1769976000000,2026-02-02 04:00,1644.58615602,11644.58615602,207.1284927,1.747666889046895304552411409
1769990400000,2026-02-02 08:00,1644.58615602,11644.58615602,207.1284927,1.747666889046895304552411409
1770004800000,2026-02-02 12:00,1644.58615602,11644.58615602,207.1284927,1.747666889046895304552411409
1770019200000,2026-02-02 16:00,1644.58615602,11644.58615602,207.1284927,1.747666889046895304552411409
1770033600000,2026-02-02 20:00,1644.58615602,11644.58615602,207.1284927,1.747666889046895304552411409
1770048000000,2026-02-03 00:00,1644.58615602,11644.58615602,207.1284927,1.747666889046895304552411409
1770062400000,2026-02-03 04:00,1644.58615602,11644.58615602,207.1284927,1.747666889046895304552411409
1770076800000,2026-02-03 08:00,1644.58615602,11644.58615602,207.1284927,1.747666889046895304552411409
1770091200000,2026-02-03 12:00,1644.58615602,11644.58615602,207.1284927,1.747666889046895304552411409
1770105600000,2026-02-03 16:00,1644.58615602,11644.58615602,207.1284927,1.747666889046895304552411409
1770120000000,2026-02-03 20:00,1644.58615602,11644.58615602,207.1284927,1.747666889046895304552411409
1770134400000,2026-02-04 00:00,1644.58615602,11644.58615602,207.1284927,1.747666889046895304552411409
1770148800000,2026-02-04 04:00,1644.58615602,11644.58615602,207.1284927,1.747666889046895304552411409
1770163200000,2026-02-04 08:00,1644.58615602,11644.58615602,207.1284927,1.747666889046895304552411409
1770177600000,2026-02-04 12:00,1644.58615602,11644.58615602,207.1284927,1.747666889046895304552411409
1770192000000,2026-02-04 16:00,1644.58615602,11644.58615602,207.1284927,1.747666889046895304552411409
1770206400000,2026-02-04 20:00,1644.58615602,11644.58615602,207.1284927,1.747666889046895304552411409
1770220800000,2026-02-05 00:00,1644.58615602,11644.58615602,207.1284927,1.747666889046895304552411409
1770235200000,2026-02-05 04:00,1644.58615602,11644.58615602,207.1284927,1.747666889046895304552411409
1770249600000,2026-02-05 08:00,1644.58615602,11644.58615602,207.1284927,1.747666889046895304552411409
1770264000000,2026-02-05 12:00,1644.58615602,11644.58615602,207.1284927,1.747666889046895304552411409
1770278400000,2026-02-05 16:00,1644.58615602,11644.58615602,207.1284927,1.747666889046895304552411409
1770292800000,2026-02-05 20:00,1644.58615602,11644.58615602,207.1284927,1.747666889046895304552411409
1770307200000,2026-02-06 00:00,1644.58615602,11644.58615602,207.1284927,1.747666889046895304552411409
1770321600000,2026-02-06 04:00,1644.58615602,11644.58615602,207.1284927,1.747666889046895304552411409
1770336000000,2026-02-06 08:00,1644.58615602,11644.58615602,207.1284927,1.747666889046895304552411409
1770350400000,2026-02-06 12:00,1644.58615602,11644.58615602,207.1284927,1.747666889046895304552411409
1770364800000,2026-02-06 16:00,1644.58615602,11644.58615602,207.1284927,1.747666889046895304552411409
1770379200000,2026-02-06 20:00,1644.58615602,11644.58615602,207.1284927,1.747666889046895304552411409
1770393600000,2026-02-07 00:00,1644.58615602,11644.58615602,207.1284927,1.747666889046895304552411409
1770408000000,2026-02-07 04:00,1644.58615602,11644.58615602,207.1284927,1.747666889046895304552411409
1770422400000,2026-02-07 08:00,1644.58615602,11644.58615602,207.1284927,1.747666889046895304552411409
1770436800000,2026-02-07 12:00,1644.58615602,11644.58615602,207.1284927,1.747666889046895304552411409
1770451200000,2026-02-07 16:00,1644.58615602,11644.58615602,207.1284927,1.747666889046895304552411409
1770465600000,2026-02-07 20:00,1644.58615602,11644.58615602,207.1284927,1.747666889046895304552411409
1770480000000,2026-02-08 00:00,1644.58615602,11644.58615602,207.1284927,1.747666889046895304552411409
1770494400000,2026-02-08 04:00,1644.58615602,11644.58615602,207.1284927,1.747666889046895304552411409
1770508800000,2026-02-08 08:00,1644.58615602,11644.58615602,207.1284927,1.747666889046895304552411409
1770523200000,2026-02-08 12:00,1644.58615602,11644.58615602,207.1284927,1.747666889046895304552411409
1770537600000,2026-02-08 16:00,1644.58615602,11644.58615602,207.1284927,1.747666889046895304552411409
1770552000000,2026-02-08 20:00,1644.58615602,11644.58615602,207.1284927,1.747666889046895304552411409
1770566400000,2026-02-09 00:00,1644.58615602,11644.58615602,207.1284927,1.747666889046895304552411409
1770580800000,2026-02-09 04:00,1644.58615602,11644.58615602,207.1284927,1.747666889046895304552411409
1770595200000,2026-02-09 08:00,1644.58615602,11644.58615602,207.1284927,1.747666889046895304552411409
1770609600000,2026-02-09 12:00,1644.58615602,11644.58615602,207.1284927,1.747666889046895304552411409
1770624000000,2026-02-09 16:00,1644.58615602,11644.58615602,207.1284927,1.747666889046895304552411409
1770638400000,2026-02-09 20:00,1644.58615602,11644.58615602,207.1284927,1.747666889046895304552411409
1770652800000,2026-02-10 00:00,1644.58615602,11644.58615602,207.1284927,1.747666889046895304552411409
1770667200000,2026-02-10 04:00,1644.58615602,11644.58615602,207.1284927,1.747666889046895304552411409
1770681600000,2026-02-10 08:00,1644.58615602,11644.58615602,207.1284927,1.747666889046895304552411409
1770696000000,2026-02-10 12:00,1644.58615602,11644.58615602,207.1284927,1.747666889046895304552411409
1770710400000,2026-02-10 16:00,1644.58615602,11644.58615602,207.1284927,1.747666889046895304552411409
1770724800000,2026-02-10 20:00,1644.58615602,11644.58615602,207.1284927,1.747666889046895304552411409
1770739200000,2026-02-11 00:00,1644.58615602,11644.58615602,207.1284927,1.747666889046895304552411409
1770753600000,2026-02-11 04:00,1644.58615602,11644.58615602,207.1284927,1.747666889046895304552411409
1770768000000,2026-02-11 08:00,1644.58615602,11644.58615602,207.1284927,1.747666889046895304552411409
1770782400000,2026-02-11 12:00,1644.58615602,11644.58615602,207.1284927,1.747666889046895304552411409
1770796800000,2026-02-11 16:00,1644.58615602,11644.58615602,207.1284927,1.747666889046895304552411409
1770811200000,2026-02-11 20:00,1644.58615602,11644.58615602,207.1284927,1.747666889046895304552411409
1770825600000,2026-02-12 00:00,1644.58615602,11644.58615602,207.1284927,1.747666889046895304552411409
1770840000000,2026-02-12 04:00,1644.58615602,11644.58615602,207.1284927,1.747666889046895304552411409
1770854400000,2026-02-12 08:00,1644.58615602,11644.58615602,207.1284927,1.747666889046895304552411409
1770868800000,2026-02-12 12:00,1644.58615602,11644.58615602,207.1284927,1.747666889046895304552411409
1770883200000,2026-02-12 16:00,1644.58615602,11644.58615602,207.1284927,1.747666889046895304552411409
1770897600000,2026-02-12 20:00,1644.58615602,11644.58615602,207.1284927,1.747666889046895304552411409
1770912000000,2026-02-13 00:00,1644.58615602,11644.58615602,207.1284927,1.747666889046895304552411409
1770926400000,2026-02-13 04:00,1644.58615602,11644.58615602,207.1284927,1.747666889046895304552411409
1770940800000,2026-02-13 08:00,1644.58615602,11644.58615602,207.1284927,1.747666889046895304552411409
1770955200000,2026-02-13 12:00,1644.58615602,11644.58615602,207.1284927,1.747666889046895304552411409
1770969600000,2026-02-13 16:00,1644.58615602,11644.58615602,207.1284927,1.747666889046895304552411409
1770984000000,2026-02-13 20:00,1644.58615602,11644.58615602,207.1284927,1.747666889046895304552411409
1770998400000,2026-02-14 00:00,1644.58615602,11644.58615602,207.1284927,1.747666889046895304552411409
1771012800000,2026-02-14 04:00,1644.58615602,11644.58615602,207.1284927,1.747666889046895304552411409
1771027200000,2026-02-14 08:00,1644.58615602,11644.58615602,207.1284927,1.747666889046895304552411409
1771041600000,2026-02-14 12:00,1644.58615602,11644.58615602,207.1284927,1.747666889046895304552411409
1771056000000,2026-02-14 16:00,1644.58615602,11644.58615602,207.1284927,1.747666889046895304552411409
1771070400000,2026-02-14 20:00,1644.58615602,11644.58615602,207.1284927,1.747666889046895304552411409
1771084800000,2026-02-15 00:00,1644.58615602,11644.58615602,207.1284927,1.747666889046895304552411409
1771099200000,2026-02-15 04:00,1644.58615602,11644.58615602,207.1284927,1.747666889046895304552411409
1771113600000,2026-02-15 08:00,1644.58615602,11644.58615602,207.1284927,1.747666889046895304552411409
1771128000000,2026-02-15 12:00,1644.58615602,11644.58615602,207.1284927,1.747666889046895304552411409
1771142400000,2026-02-15 16:00,1644.58615602,11644.58615602,207.1284927,1.747666889046895304552411409
1771156800000,2026-02-15 20:00,1644.58615602,11644.58615602,207.1284927,1.747666889046895304552411409
1771171200000,2026-02-16 00:00,1644.58615602,11644.58615602,207.1284927,1.747666889046895304552411409
1771185600000,2026-02-16 04:00,1644.58615602,11644.58615602,207.1284927,1.747666889046895304552411409
1771200000000,2026-02-16 08:00,1644.58615602,11644.58615602,207.1284927,1.747666889046895304552411409
1771214400000,2026-02-16 12:00,1644.58615602,11644.58615602,207.1284927,1.747666889046895304552411409
1771228800000,2026-02-16 16:00,1644.58615602,11644.58615602,207.1284927,1.747666889046895304552411409
1771243200000,2026-02-16 20:00,1644.58615602,11644.58615602,207.1284927,1.747666889046895304552411409
1771257600000,2026-02-17 00:00,1644.58615602,11644.58615602,207.1284927,1.747666889046895304552411409
1771272000000,2026-02-17 04:00,1644.58615602,11644.58615602,207.1284927,1.747666889046895304552411409
1771286400000,2026-02-17 08:00,1644.58615602,11644.58615602,207.1284927,1.747666889046895304552411409
1771300800000,2026-02-17 12:00,1644.58615602,11644.58615602,207.1284927,1.747666889046895304552411409
1771315200000,2026-02-17 16:00,1644.58615602,11644.58615602,207.1284927,1.747666889046895304552411409
1771329600000,2026-02-17 20:00,1644.58615602,11644.58615602,207.1284927,1.747666889046895304552411409
1771344000000,2026-02-18 00:00,1644.58615602,11644.58615602,207.1284927,1.747666889046895304552411409
1771358400000,2026-02-18 04:00,1644.58615602,11644.58615602,207.1284927,1.747666889046895304552411409
1771372800000,2026-02-18 08:00,1644.58615602,11644.58615602,207.1284927,1.747666889046895304552411409
1771387200000,2026-02-18 12:00,1644.58615602,11644.58615602,207.1284927,1.747666889046895304552411409
1771401600000,2026-02-18 16:00,1644.58615602,11644.58615602,207.1284927,1.747666889046895304552411409
1771416000000,2026-02-18 20:00,1645.5937874,11645.5937874,206.12086132,1.739164900854757844941372263
1771430400000,2026-02-19 00:00,1645.5937874,11645.5937874,206.12086132,1.739164900854757844941372263
1771444800000,2026-02-19 04:00,1645.5937874,11645.5937874,206.12086132,1.739164900854757844941372263
1771459200000,2026-02-19 08:00,1645.5937874,11645.5937874,206.12086132,1.739164900854757844941372263
1771473600000,2026-02-19 12:00,1645.5937874,11645.5937874,206.12086132,1.739164900854757844941372263
1771488000000,2026-02-19 16:00,1645.5937874,11645.5937874,206.12086132,1.739164900854757844941372263
1771502400000,2026-02-19 20:00,1645.5937874,11645.5937874,206.12086132,1.739164900854757844941372263
1771516800000,2026-02-20 00:00,1645.5937874,11645.5937874,206.12086132,1.739164900854757844941372263
1771531200000,2026-02-20 04:00,1645.5937874,11645.5937874,206.12086132,1.739164900854757844941372263
1771545600000,2026-02-20 08:00,1645.5937874,11645.5937874,206.12086132,1.739164900854757844941372263
1771560000000,2026-02-20 12:00,1645.5937874,11645.5937874,206.12086132,1.739164900854757844941372263
1771574400000,2026-02-20 16:00,1645.5937874,11645.5937874,206.12086132,1.739164900854757844941372263
1771588800000,2026-02-20 20:00,1645.5937874,11645.5937874,206.12086132,1.739164900854757844941372263
1771603200000,2026-02-21 00:00,1645.5937874,11645.5937874,206.12086132,1.739164900854757844941372263
1771617600000,2026-02-21 04:00,1645.5937874,11645.5937874,206.12086132,1.739164900854757844941372263
1771632000000,2026-02-21 08:00,1645.5937874,11645.5937874,206.12086132,1.739164900854757844941372263
1771646400000,2026-02-21 12:00,1645.5937874,11645.5937874,206.12086132,1.739164900854757844941372263
1771660800000,2026-02-21 16:00,1645.5937874,11645.5937874,206.12086132,1.739164900854757844941372263
1771675200000,2026-02-21 20:00,1645.5937874,11645.5937874,206.12086132,1.739164900854757844941372263
1771689600000,2026-02-22 00:00,1645.5937874,11645.5937874,206.12086132,1.739164900854757844941372263
1771704000000,2026-02-22 04:00,1645.5937874,11645.5937874,206.12086132,1.739164900854757844941372263
1771718400000,2026-02-22 08:00,1645.5937874,11645.5937874,206.12086132,1.739164900854757844941372263
1771732800000,2026-02-22 12:00,1645.5937874,11645.5937874,206.12086132,1.739164900854757844941372263
1771747200000,2026-02-22 16:00,1645.5937874,11645.5937874,206.12086132,1.739164900854757844941372263
1771761600000,2026-02-22 20:00,1645.5937874,11645.5937874,206.12086132,1.739164900854757844941372263
1771776000000,2026-02-23 00:00,1645.5937874,11645.5937874,206.12086132,1.739164900854757844941372263
1771790400000,2026-02-23 04:00,1645.5937874,11645.5937874,206.12086132,1.739164900854757844941372263
1771804800000,2026-02-23 08:00,1645.5937874,11645.5937874,206.12086132,1.739164900854757844941372263
1771819200000,2026-02-23 12:00,1645.5937874,11645.5937874,206.12086132,1.739164900854757844941372263
1771833600000,2026-02-23 16:00,1645.5937874,11645.5937874,206.12086132,1.739164900854757844941372263
1771848000000,2026-02-23 20:00,1645.5937874,11645.5937874,206.12086132,1.739164900854757844941372263
1771862400000,2026-02-24 00:00,1645.5937874,11645.5937874,206.12086132,1.739164900854757844941372263
1771876800000,2026-02-24 04:00,1645.5937874,11645.5937874,206.12086132,1.739164900854757844941372263
1771891200000,2026-02-24 08:00,1645.5937874,11645.5937874,206.12086132,1.739164900854757844941372263
1771905600000,2026-02-24 12:00,1645.5937874,11645.5937874,206.12086132,1.739164900854757844941372263
1771920000000,2026-02-24 16:00,1645.5937874,11645.5937874,206.12086132,1.739164900854757844941372263
1771934400000,2026-02-24 20:00,1645.5937874,11645.5937874,206.12086132,1.739164900854757844941372263
1771948800000,2026-02-25 00:00,1645.5937874,11645.5937874,206.12086132,1.739164900854757844941372263
1771963200000,2026-02-25 04:00,1645.5937874,11645.5937874,206.12086132,1.739164900854757844941372263
1771977600000,2026-02-25 08:00,1645.5937874,11645.5937874,206.12086132,1.739164900854757844941372263
1771992000000,2026-02-25 12:00,1645.5937874,11645.5937874,206.12086132,1.739164900854757844941372263
1772006400000,2026-02-25 16:00,1645.5937874,11645.5937874,206.12086132,1.739164900854757844941372263
1772020800000,2026-02-25 20:00,1645.5937874,11645.5937874,206.12086132,1.739164900854757844941372263
1772035200000,2026-02-26 00:00,1645.5937874,11645.5937874,206.12086132,1.739164900854757844941372263
1772049600000,2026-02-26 04:00,1645.5937874,11645.5937874,206.12086132,1.739164900854757844941372263
1772064000000,2026-02-26 08:00,1645.5937874,11645.5937874,206.12086132,1.739164900854757844941372263
1772078400000,2026-02-26 12:00,1645.5937874,11645.5937874,206.12086132,1.739164900854757844941372263
1772092800000,2026-02-26 16:00,1645.5937874,11645.5937874,206.12086132,1.739164900854757844941372263
1772107200000,2026-02-26 20:00,1645.5937874,11645.5937874,206.12086132,1.739164900854757844941372263
1772121600000,2026-02-27 00:00,1645.5937874,11645.5937874,206.12086132,1.739164900854757844941372263
1772136000000,2026-02-27 04:00,1645.5937874,11645.5937874,206.12086132,1.739164900854757844941372263
1772150400000,2026-02-27 08:00,1645.5937874,11645.5937874,206.12086132,1.739164900854757844941372263
1772164800000,2026-02-27 12:00,1645.5937874,11645.5937874,206.12086132,1.739164900854757844941372263
1772179200000,2026-02-27 16:00,1645.5937874,11645.5937874,206.12086132,1.739164900854757844941372263
1772193600000,2026-02-27 20:00,1645.5937874,11645.5937874,206.12086132,1.739164900854757844941372263
1772208000000,2026-02-28 00:00,1645.5937874,11645.5937874,206.12086132,1.739164900854757844941372263
1772222400000,2026-02-28 04:00,1645.5937874,11645.5937874,206.12086132,1.739164900854757844941372263
1772236800000,2026-02-28 08:00,1645.5937874,11645.5937874,206.12086132,1.739164900854757844941372263
1772251200000,2026-02-28 12:00,1645.5937874,11645.5937874,206.12086132,1.739164900854757844941372263
1772265600000,2026-02-28 16:00,1645.5937874,11645.5937874,206.12086132,1.739164900854757844941372263
1772280000000,2026-02-28 20:00,1645.5937874,11645.5937874,206.12086132,1.739164900854757844941372263
1772294400000,2026-03-01 00:00,1645.5937874,11645.5937874,206.12086132,1.739164900854757844941372263
1772308800000,2026-03-01 04:00,1645.5937874,11645.5937874,206.12086132,1.739164900854757844941372263
1772323200000,2026-03-01 08:00,1645.5937874,11645.5937874,206.12086132,1.739164900854757844941372263
1772337600000,2026-03-01 12:00,1645.5937874,11645.5937874,206.12086132,1.739164900854757844941372263
1772352000000,2026-03-01 16:00,1645.5937874,11645.5937874,206.12086132,1.739164900854757844941372263
1772366400000,2026-03-01 20:00,1645.5937874,11645.5937874,206.12086132,1.739164900854757844941372263
1772380800000,2026-03-02 00:00,1645.5937874,11645.5937874,206.12086132,1.739164900854757844941372263
1772395200000,2026-03-02 04:00,1645.5937874,11645.5937874,206.12086132,1.739164900854757844941372263
1772409600000,2026-03-02 08:00,1645.5937874,11645.5937874,206.12086132,1.739164900854757844941372263
1772424000000,2026-03-02 12:00,1645.5937874,11645.5937874,206.12086132,1.739164900854757844941372263
1772438400000,2026-03-02 16:00,1645.5937874,11645.5937874,206.12086132,1.739164900854757844941372263
1772452800000,2026-03-02 20:00,1645.5937874,11645.5937874,206.12086132,1.739164900854757844941372263
1772467200000,2026-03-03 00:00,1645.5937874,11645.5937874,206.12086132,1.739164900854757844941372263
1772481600000,2026-03-03 04:00,1645.5937874,11645.5937874,206.12086132,1.739164900854757844941372263
1772496000000,2026-03-03 08:00,1645.5937874,11645.5937874,206.12086132,1.739164900854757844941372263
1772510400000,2026-03-03 12:00,1645.5937874,11645.5937874,206.12086132,1.739164900854757844941372263
1772524800000,2026-03-03 16:00,1645.5937874,11645.5937874,206.12086132,1.739164900854757844941372263
1772539200000,2026-03-03 20:00,1645.5937874,11645.5937874,206.12086132,1.739164900854757844941372263
1772553600000,2026-03-04 00:00,1645.5937874,11645.5937874,206.12086132,1.739164900854757844941372263
1772568000000,2026-03-04 04:00,1645.5937874,11645.5937874,206.12086132,1.739164900854757844941372263
1772582400000,2026-03-04 08:00,1645.5937874,11645.5937874,206.12086132,1.739164900854757844941372263
1772596800000,2026-03-04 12:00,1645.5937874,11645.5937874,206.12086132,1.739164900854757844941372263
1772611200000,2026-03-04 16:00,1645.5937874,11645.5937874,206.12086132,1.739164900854757844941372263
1772625600000,2026-03-04 20:00,1645.5937874,11645.5937874,206.12086132,1.739164900854757844941372263
1772640000000,2026-03-05 00:00,1645.5937874,11645.5937874,206.12086132,1.739164900854757844941372263
1772654400000,2026-03-05 04:00,1645.5937874,11645.5937874,206.12086132,1.739164900854757844941372263
1772668800000,2026-03-05 08:00,1645.5937874,11645.5937874,206.12086132,1.739164900854757844941372263
1772683200000,2026-03-05 12:00,1645.5937874,11645.5937874,206.12086132,1.739164900854757844941372263
1772697600000,2026-03-05 16:00,1645.5937874,11645.5937874,206.12086132,1.739164900854757844941372263
1772712000000,2026-03-05 20:00,1645.5937874,11645.5937874,206.12086132,1.739164900854757844941372263
1772726400000,2026-03-06 00:00,1645.5937874,11645.5937874,206.12086132,1.739164900854757844941372263
1772740800000,2026-03-06 04:00,1645.5937874,11645.5937874,206.12086132,1.739164900854757844941372263
1772755200000,2026-03-06 08:00,1645.5937874,11645.5937874,206.12086132,1.739164900854757844941372263
1772769600000,2026-03-06 12:00,1645.5937874,11645.5937874,206.12086132,1.739164900854757844941372263
1772784000000,2026-03-06 16:00,1645.5937874,11645.5937874,206.12086132,1.739164900854757844941372263
1772798400000,2026-03-06 20:00,1645.5937874,11645.5937874,206.12086132,1.739164900854757844941372263
1772812800000,2026-03-07 00:00,1645.5937874,11645.5937874,206.12086132,1.739164900854757844941372263
1772827200000,2026-03-07 04:00,1645.5937874,11645.5937874,206.12086132,1.739164900854757844941372263
1772841600000,2026-03-07 08:00,1645.5937874,11645.5937874,206.12086132,1.739164900854757844941372263
1772856000000,2026-03-07 12:00,1645.5937874,11645.5937874,206.12086132,1.739164900854757844941372263
1772870400000,2026-03-07 16:00,1645.5937874,11645.5937874,206.12086132,1.739164900854757844941372263
1772884800000,2026-03-07 20:00,1645.5937874,11645.5937874,206.12086132,1.739164900854757844941372263
1772899200000,2026-03-08 00:00,1645.5937874,11645.5937874,206.12086132,1.739164900854757844941372263
1772913600000,2026-03-08 04:00,1645.5937874,11645.5937874,206.12086132,1.739164900854757844941372263
1772928000000,2026-03-08 08:00,1645.5937874,11645.5937874,206.12086132,1.739164900854757844941372263
1772942400000,2026-03-08 12:00,1645.5937874,11645.5937874,206.12086132,1.739164900854757844941372263
1772956800000,2026-03-08 16:00,1645.5937874,11645.5937874,206.12086132,1.739164900854757844941372263
1772971200000,2026-03-08 20:00,1645.5937874,11645.5937874,206.12086132,1.739164900854757844941372263
1772985600000,2026-03-09 00:00,1645.5937874,11645.5937874,206.12086132,1.739164900854757844941372263
1773000000000,2026-03-09 04:00,1645.5937874,11645.5937874,206.12086132,1.739164900854757844941372263
1773014400000,2026-03-09 08:00,1645.5937874,11645.5937874,206.12086132,1.739164900854757844941372263
1773028800000,2026-03-09 12:00,1645.5937874,11645.5937874,206.12086132,1.739164900854757844941372263
1773043200000,2026-03-09 16:00,1645.5937874,11645.5937874,206.12086132,1.739164900854757844941372263
1773057600000,2026-03-09 20:00,1546.18297415,11546.18297415,305.53167457,2.57795334789804277689975389
1773072000000,2026-03-10 00:00,1546.18297415,11546.18297415,305.53167457,2.57795334789804277689975389
1773086400000,2026-03-10 04:00,1546.18297415,11546.18297415,305.53167457,2.57795334789804277689975389
1773100800000,2026-03-10 08:00,1546.18297415,11546.18297415,305.53167457,2.57795334789804277689975389
1773115200000,2026-03-10 12:00,1546.18297415,11546.18297415,305.53167457,2.57795334789804277689975389
1773129600000,2026-03-10 16:00,1546.18297415,11546.18297415,305.53167457,2.57795334789804277689975389
1773144000000,2026-03-10 20:00,1546.18297415,11546.18297415,305.53167457,2.57795334789804277689975389
1773158400000,2026-03-11 00:00,1546.18297415,11546.18297415,305.53167457,2.57795334789804277689975389
1773172800000,2026-03-11 04:00,1546.18297415,11546.18297415,305.53167457,2.57795334789804277689975389
1773187200000,2026-03-11 08:00,1546.18297415,11546.18297415,305.53167457,2.57795334789804277689975389
1773201600000,2026-03-11 12:00,1546.18297415,11546.18297415,305.53167457,2.57795334789804277689975389
1773216000000,2026-03-11 16:00,1546.18297415,11546.18297415,305.53167457,2.57795334789804277689975389
1773230400000,2026-03-11 20:00,1546.18297415,11546.18297415,305.53167457,2.57795334789804277689975389
1773244800000,2026-03-12 00:00,1546.18297415,11546.18297415,305.53167457,2.57795334789804277689975389
1773259200000,2026-03-12 04:00,1546.18297415,11546.18297415,305.53167457,2.57795334789804277689975389
1773273600000,2026-03-12 08:00,1546.18297415,11546.18297415,305.53167457,2.57795334789804277689975389
1773288000000,2026-03-12 12:00,1546.18297415,11546.18297415,305.53167457,2.57795334789804277689975389
1773302400000,2026-03-12 16:00,1546.18297415,11546.18297415,305.53167457,2.57795334789804277689975389
1773316800000,2026-03-12 20:00,1546.18297415,11546.18297415,305.53167457,2.57795334789804277689975389
1773331200000,2026-03-13 00:00,1546.18297415,11546.18297415,305.53167457,2.57795334789804277689975389
1773345600000,2026-03-13 04:00,1546.18297415,11546.18297415,305.53167457,2.57795334789804277689975389
1773360000000,2026-03-13 08:00,1546.18297415,11546.18297415,305.53167457,2.57795334789804277689975389
1773374400000,2026-03-13 12:00,1546.18297415,11546.18297415,305.53167457,2.57795334789804277689975389
1773388800000,2026-03-13 16:00,1546.18297415,11546.18297415,305.53167457,2.57795334789804277689975389
1773403200000,2026-03-13 20:00,1546.18297415,11546.18297415,305.53167457,2.57795334789804277689975389
1773417600000,2026-03-14 00:00,1546.18297415,11546.18297415,305.53167457,2.57795334789804277689975389
1773432000000,2026-03-14 04:00,1546.18297415,11546.18297415,305.53167457,2.57795334789804277689975389
1773446400000,2026-03-14 08:00,1546.18297415,11546.18297415,305.53167457,2.57795334789804277689975389
1773460800000,2026-03-14 12:00,1546.18297415,11546.18297415,305.53167457,2.57795334789804277689975389
1773475200000,2026-03-14 16:00,1546.18297415,11546.18297415,305.53167457,2.57795334789804277689975389
1773489600000,2026-03-14 20:00,1546.18297415,11546.18297415,305.53167457,2.57795334789804277689975389
1773504000000,2026-03-15 00:00,1546.18297415,11546.18297415,305.53167457,2.57795334789804277689975389
1773518400000,2026-03-15 04:00,1546.18297415,11546.18297415,305.53167457,2.57795334789804277689975389
1773532800000,2026-03-15 08:00,1546.18297415,11546.18297415,305.53167457,2.57795334789804277689975389
1773547200000,2026-03-15 12:00,1546.18297415,11546.18297415,305.53167457,2.57795334789804277689975389
1773561600000,2026-03-15 16:00,1546.18297415,11546.18297415,305.53167457,2.57795334789804277689975389
1773576000000,2026-03-15 20:00,1546.18297415,11546.18297415,305.53167457,2.57795334789804277689975389
1773590400000,2026-03-16 00:00,1546.18297415,11546.18297415,305.53167457,2.57795334789804277689975389
1773604800000,2026-03-16 04:00,1546.18297415,11546.18297415,305.53167457,2.57795334789804277689975389
1773619200000,2026-03-16 08:00,1546.18297415,11546.18297415,305.53167457,2.57795334789804277689975389
1773633600000,2026-03-16 12:00,1546.18297415,11546.18297415,305.53167457,2.57795334789804277689975389
1773648000000,2026-03-16 16:00,1546.18297415,11546.18297415,305.53167457,2.57795334789804277689975389
1773662400000,2026-03-16 20:00,1546.18297415,11546.18297415,305.53167457,2.57795334789804277689975389
1773676800000,2026-03-17 00:00,1546.18297415,11546.18297415,305.53167457,2.57795334789804277689975389
1773691200000,2026-03-17 04:00,1546.18297415,11546.18297415,305.53167457,2.57795334789804277689975389
1773705600000,2026-03-17 08:00,1546.18297415,11546.18297415,305.53167457,2.57795334789804277689975389
1773720000000,2026-03-17 12:00,1546.18297415,11546.18297415,305.53167457,2.57795334789804277689975389
1773734400000,2026-03-17 16:00,1546.18297415,11546.18297415,305.53167457,2.57795334789804277689975389
1773748800000,2026-03-17 20:00,1546.18297415,11546.18297415,305.53167457,2.57795334789804277689975389
1773763200000,2026-03-18 00:00,1546.18297415,11546.18297415,305.53167457,2.57795334789804277689975389
1773777600000,2026-03-18 04:00,1546.18297415,11546.18297415,305.53167457,2.57795334789804277689975389
1773792000000,2026-03-18 08:00,1546.18297415,11546.18297415,305.53167457,2.57795334789804277689975389
1773806400000,2026-03-18 12:00,1546.18297415,11546.18297415,305.53167457,2.57795334789804277689975389
1773820800000,2026-03-18 16:00,1546.18297415,11546.18297415,305.53167457,2.57795334789804277689975389
1773835200000,2026-03-18 20:00,1546.18297415,11546.18297415,305.53167457,2.57795334789804277689975389
1773849600000,2026-03-19 00:00,1546.18297415,11546.18297415,305.53167457,2.57795334789804277689975389
1773864000000,2026-03-19 04:00,1546.18297415,11546.18297415,305.53167457,2.57795334789804277689975389
1773878400000,2026-03-19 08:00,1546.18297415,11546.18297415,305.53167457,2.57795334789804277689975389
1773892800000,2026-03-19 12:00,1546.18297415,11546.18297415,305.53167457,2.57795334789804277689975389
1773907200000,2026-03-19 16:00,1546.18297415,11546.18297415,305.53167457,2.57795334789804277689975389
1773921600000,2026-03-19 20:00,1546.18297415,11546.18297415,305.53167457,2.57795334789804277689975389
1773936000000,2026-03-20 00:00,1546.18297415,11546.18297415,305.53167457,2.57795334789804277689975389
1773950400000,2026-03-20 04:00,1546.18297415,11546.18297415,305.53167457,2.57795334789804277689975389
1773964800000,2026-03-20 08:00,1546.18297415,11546.18297415,305.53167457,2.57795334789804277689975389
1773979200000,2026-03-20 12:00,1546.18297415,11546.18297415,305.53167457,2.57795334789804277689975389
1773993600000,2026-03-20 16:00,1546.18297415,11546.18297415,305.53167457,2.57795334789804277689975389
1774008000000,2026-03-20 20:00,1546.18297415,11546.18297415,305.53167457,2.57795334789804277689975389
1774022400000,2026-03-21 00:00,1546.18297415,11546.18297415,305.53167457,2.57795334789804277689975389
1774036800000,2026-03-21 04:00,1546.18297415,11546.18297415,305.53167457,2.57795334789804277689975389
1774051200000,2026-03-21 08:00,1546.18297415,11546.18297415,305.53167457,2.57795334789804277689975389
1774065600000,2026-03-21 12:00,1546.18297415,11546.18297415,305.53167457,2.57795334789804277689975389
1774080000000,2026-03-21 16:00,1546.18297415,11546.18297415,305.53167457,2.57795334789804277689975389
1774094400000,2026-03-21 20:00,1546.18297415,11546.18297415,305.53167457,2.57795334789804277689975389
1774108800000,2026-03-22 00:00,1546.18297415,11546.18297415,305.53167457,2.57795334789804277689975389
1774123200000,2026-03-22 04:00,1546.18297415,11546.18297415,305.53167457,2.57795334789804277689975389
1774137600000,2026-03-22 08:00,1546.18297415,11546.18297415,305.53167457,2.57795334789804277689975389
1774152000000,2026-03-22 12:00,1546.18297415,11546.18297415,305.53167457,2.57795334789804277689975389
1774166400000,2026-03-22 16:00,1546.18297415,11546.18297415,305.53167457,2.57795334789804277689975389
1774180800000,2026-03-22 20:00,1546.18297415,11546.18297415,305.53167457,2.57795334789804277689975389
1774195200000,2026-03-23 00:00,1546.18297415,11546.18297415,305.53167457,2.57795334789804277689975389
1774209600000,2026-03-23 04:00,1546.18297415,11546.18297415,305.53167457,2.57795334789804277689975389
1774224000000,2026-03-23 08:00,1546.18297415,11546.18297415,305.53167457,2.57795334789804277689975389
1774238400000,2026-03-23 12:00,1546.18297415,11546.18297415,305.53167457,2.57795334789804277689975389
1774252800000,2026-03-23 16:00,1641.85742309,11641.85742309,209.85722563,1.770690839680862909974929621
1774267200000,2026-03-23 20:00,1641.85742309,11641.85742309,209.85722563,1.770690839680862909974929621
1774281600000,2026-03-24 00:00,1641.85742309,11641.85742309,209.85722563,1.770690839680862909974929621
1774296000000,2026-03-24 04:00,1641.85742309,11641.85742309,209.85722563,1.770690839680862909974929621
1774310400000,2026-03-24 08:00,1641.85742309,11641.85742309,209.85722563,1.770690839680862909974929621
1774324800000,2026-03-24 12:00,1641.85742309,11641.85742309,209.85722563,1.770690839680862909974929621
1774339200000,2026-03-24 16:00,1641.85742309,11641.85742309,209.85722563,1.770690839680862909974929621
1774353600000,2026-03-24 20:00,1641.85742309,11641.85742309,209.85722563,1.770690839680862909974929621
1774368000000,2026-03-25 00:00,1641.85742309,11641.85742309,209.85722563,1.770690839680862909974929621
1774382400000,2026-03-25 04:00,1641.85742309,11641.85742309,209.85722563,1.770690839680862909974929621
1774396800000,2026-03-25 08:00,1641.85742309,11641.85742309,209.85722563,1.770690839680862909974929621
1774411200000,2026-03-25 12:00,1641.85742309,11641.85742309,209.85722563,1.770690839680862909974929621
1774425600000,2026-03-25 16:00,1641.85742309,11641.85742309,209.85722563,1.770690839680862909974929621
1774440000000,2026-03-25 20:00,1641.85742309,11641.85742309,209.85722563,1.770690839680862909974929621
1774454400000,2026-03-26 00:00,1641.85742309,11641.85742309,209.85722563,1.770690839680862909974929621
1774468800000,2026-03-26 04:00,1641.85742309,11641.85742309,209.85722563,1.770690839680862909974929621
1774483200000,2026-03-26 08:00,1641.85742309,11641.85742309,209.85722563,1.770690839680862909974929621
1774497600000,2026-03-26 12:00,1641.85742309,11641.85742309,209.85722563,1.770690839680862909974929621
1774512000000,2026-03-26 16:00,1641.85742309,11641.85742309,209.85722563,1.770690839680862909974929621
1774526400000,2026-03-26 20:00,1641.85742309,11641.85742309,209.85722563,1.770690839680862909974929621
1774540800000,2026-03-27 00:00,1641.85742309,11641.85742309,209.85722563,1.770690839680862909974929621
1774555200000,2026-03-27 04:00,1641.85742309,11641.85742309,209.85722563,1.770690839680862909974929621
1774569600000,2026-03-27 08:00,1641.85742309,11641.85742309,209.85722563,1.770690839680862909974929621
1774584000000,2026-03-27 12:00,1641.85742309,11641.85742309,209.85722563,1.770690839680862909974929621
1774598400000,2026-03-27 16:00,1641.85742309,11641.85742309,209.85722563,1.770690839680862909974929621
1774612800000,2026-03-27 20:00,1641.85742309,11641.85742309,209.85722563,1.770690839680862909974929621
1774627200000,2026-03-28 00:00,1641.85742309,11641.85742309,209.85722563,1.770690839680862909974929621
1774641600000,2026-03-28 04:00,1641.85742309,11641.85742309,209.85722563,1.770690839680862909974929621
1774656000000,2026-03-28 08:00,1641.85742309,11641.85742309,209.85722563,1.770690839680862909974929621
1774670400000,2026-03-28 12:00,1641.85742309,11641.85742309,209.85722563,1.770690839680862909974929621
1774684800000,2026-03-28 16:00,1641.85742309,11641.85742309,209.85722563,1.770690839680862909974929621
1774699200000,2026-03-28 20:00,1641.85742309,11641.85742309,209.85722563,1.770690839680862909974929621
1774713600000,2026-03-29 00:00,1641.85742309,11641.85742309,209.85722563,1.770690839680862909974929621
1774728000000,2026-03-29 04:00,1641.85742309,11641.85742309,209.85722563,1.770690839680862909974929621
1774742400000,2026-03-29 08:00,1641.85742309,11641.85742309,209.85722563,1.770690839680862909974929621
1774756800000,2026-03-29 12:00,1641.85742309,11641.85742309,209.85722563,1.770690839680862909974929621
1774771200000,2026-03-29 16:00,1641.85742309,11641.85742309,209.85722563,1.770690839680862909974929621
1774785600000,2026-03-29 20:00,1641.85742309,11641.85742309,209.85722563,1.770690839680862909974929621
1774800000000,2026-03-30 00:00,1641.85742309,11641.85742309,209.85722563,1.770690839680862909974929621
1774814400000,2026-03-30 04:00,1641.85742309,11641.85742309,209.85722563,1.770690839680862909974929621
1774828800000,2026-03-30 08:00,1641.85742309,11641.85742309,209.85722563,1.770690839680862909974929621
1774843200000,2026-03-30 12:00,1641.85742309,11641.85742309,209.85722563,1.770690839680862909974929621
1774857600000,2026-03-30 16:00,1641.85742309,11641.85742309,209.85722563,1.770690839680862909974929621
1774872000000,2026-03-30 20:00,1641.85742309,11641.85742309,209.85722563,1.770690839680862909974929621
1774886400000,2026-03-31 00:00,1641.85742309,11641.85742309,209.85722563,1.770690839680862909974929621
1774900800000,2026-03-31 04:00,1641.85742309,11641.85742309,209.85722563,1.770690839680862909974929621
1774915200000,2026-03-31 08:00,1641.85742309,11641.85742309,209.85722563,1.770690839680862909974929621
1774929600000,2026-03-31 12:00,1641.85742309,11641.85742309,209.85722563,1.770690839680862909974929621
1774944000000,2026-03-31 16:00,1641.85742309,11641.85742309,209.85722563,1.770690839680862909974929621
1774958400000,2026-03-31 20:00,1641.85742309,11641.85742309,209.85722563,1.770690839680862909974929621
1774972800000,2026-04-01 00:00,1641.85742309,11641.85742309,209.85722563,1.770690839680862909974929621
1774987200000,2026-04-01 04:00,1641.85742309,11641.85742309,209.85722563,1.770690839680862909974929621
1775001600000,2026-04-01 08:00,1641.85742309,11641.85742309,209.85722563,1.770690839680862909974929621
1775016000000,2026-04-01 12:00,1641.85742309,11641.85742309,209.85722563,1.770690839680862909974929621
1775030400000,2026-04-01 16:00,1641.85742309,11641.85742309,209.85722563,1.770690839680862909974929621
1775044800000,2026-04-01 20:00,1641.85742309,11641.85742309,209.85722563,1.770690839680862909974929621
1775059200000,2026-04-02 00:00,1641.85742309,11641.85742309,209.85722563,1.770690839680862909974929621
1775073600000,2026-04-02 04:00,1641.85742309,11641.85742309,209.85722563,1.770690839680862909974929621
1775088000000,2026-04-02 08:00,1641.85742309,11641.85742309,209.85722563,1.770690839680862909974929621
1775102400000,2026-04-02 12:00,1641.85742309,11641.85742309,209.85722563,1.770690839680862909974929621
1775116800000,2026-04-02 16:00,1641.85742309,11641.85742309,209.85722563,1.770690839680862909974929621
1775131200000,2026-04-02 20:00,1641.85742309,11641.85742309,209.85722563,1.770690839680862909974929621
1775145600000,2026-04-03 00:00,1641.85742309,11641.85742309,209.85722563,1.770690839680862909974929621
1775160000000,2026-04-03 04:00,1641.85742309,11641.85742309,209.85722563,1.770690839680862909974929621
1775174400000,2026-04-03 08:00,1641.85742309,11641.85742309,209.85722563,1.770690839680862909974929621
1775188800000,2026-04-03 12:00,1641.85742309,11641.85742309,209.85722563,1.770690839680862909974929621
1775203200000,2026-04-03 16:00,1641.85742309,11641.85742309,209.85722563,1.770690839680862909974929621
1775217600000,2026-04-03 20:00,1641.85742309,11641.85742309,209.85722563,1.770690839680862909974929621
1775232000000,2026-04-04 00:00,1641.85742309,11641.85742309,209.85722563,1.770690839680862909974929621
1775246400000,2026-04-04 04:00,1641.85742309,11641.85742309,209.85722563,1.770690839680862909974929621
1775260800000,2026-04-04 08:00,1641.85742309,11641.85742309,209.85722563,1.770690839680862909974929621
1775275200000,2026-04-04 12:00,1641.85742309,11641.85742309,209.85722563,1.770690839680862909974929621
1775289600000,2026-04-04 16:00,1641.85742309,11641.85742309,209.85722563,1.770690839680862909974929621
1775304000000,2026-04-04 20:00,1641.85742309,11641.85742309,209.85722563,1.770690839680862909974929621
1775318400000,2026-04-05 00:00,1641.85742309,11641.85742309,209.85722563,1.770690839680862909974929621
1775332800000,2026-04-05 04:00,1641.85742309,11641.85742309,209.85722563,1.770690839680862909974929621
1775347200000,2026-04-05 08:00,1641.85742309,11641.85742309,209.85722563,1.770690839680862909974929621
1775361600000,2026-04-05 12:00,1641.85742309,11641.85742309,209.85722563,1.770690839680862909974929621
1775376000000,2026-04-05 16:00,1641.85742309,11641.85742309,209.85722563,1.770690839680862909974929621
1775390400000,2026-04-05 20:00,1540.58434547,11540.58434547,311.13030325,2.625192324248225650204776811
1775404800000,2026-04-06 00:00,1540.58434547,11540.58434547,311.13030325,2.625192324248225650204776811
1775419200000,2026-04-06 04:00,1540.58434547,11540.58434547,311.13030325,2.625192324248225650204776811
1775433600000,2026-04-06 08:00,1540.58434547,11540.58434547,311.13030325,2.625192324248225650204776811
1775448000000,2026-04-06 12:00,1540.58434547,11540.58434547,311.13030325,2.625192324248225650204776811
1775462400000,2026-04-06 16:00,1540.58434547,11540.58434547,311.13030325,2.625192324248225650204776811
1775476800000,2026-04-06 20:00,1540.58434547,11540.58434547,311.13030325,2.625192324248225650204776811
1775491200000,2026-04-07 00:00,1540.58434547,11540.58434547,311.13030325,2.625192324248225650204776811
1775505600000,2026-04-07 04:00,1540.58434547,11540.58434547,311.13030325,2.625192324248225650204776811
1775520000000,2026-04-07 08:00,1540.58434547,11540.58434547,311.13030325,2.625192324248225650204776811
1775534400000,2026-04-07 12:00,1540.58434547,11540.58434547,311.13030325,2.625192324248225650204776811
1775548800000,2026-04-07 16:00,1540.58434547,11540.58434547,311.13030325,2.625192324248225650204776811
1775563200000,2026-04-07 20:00,1540.58434547,11540.58434547,311.13030325,2.625192324248225650204776811
1775577600000,2026-04-08 00:00,1540.58434547,11540.58434547,311.13030325,2.625192324248225650204776811
1775592000000,2026-04-08 04:00,1540.58434547,11540.58434547,311.13030325,2.625192324248225650204776811
1775606400000,2026-04-08 08:00,1540.58434547,11540.58434547,311.13030325,2.625192324248225650204776811
1775620800000,2026-04-08 12:00,1540.58434547,11540.58434547,311.13030325,2.625192324248225650204776811
1775635200000,2026-04-08 16:00,1540.58434547,11540.58434547,311.13030325,2.625192324248225650204776811
1775649600000,2026-04-08 20:00,1540.58434547,11540.58434547,311.13030325,2.625192324248225650204776811
1775664000000,2026-04-09 00:00,1540.58434547,11540.58434547,311.13030325,2.625192324248225650204776811
1775678400000,2026-04-09 04:00,1540.58434547,11540.58434547,311.13030325,2.625192324248225650204776811
1775692800000,2026-04-09 08:00,1540.58434547,11540.58434547,311.13030325,2.625192324248225650204776811
1775707200000,2026-04-09 12:00,1540.58434547,11540.58434547,311.13030325,2.625192324248225650204776811
1775721600000,2026-04-09 16:00,1540.58434547,11540.58434547,311.13030325,2.625192324248225650204776811
1775736000000,2026-04-09 20:00,1540.58434547,11540.58434547,311.13030325,2.625192324248225650204776811
1775750400000,2026-04-10 00:00,1540.58434547,11540.58434547,311.13030325,2.625192324248225650204776811
1775764800000,2026-04-10 04:00,1540.58434547,11540.58434547,311.13030325,2.625192324248225650204776811
1775779200000,2026-04-10 08:00,1540.58434547,11540.58434547,311.13030325,2.625192324248225650204776811
1775793600000,2026-04-10 12:00,1540.58434547,11540.58434547,311.13030325,2.625192324248225650204776811
1775808000000,2026-04-10 16:00,1540.58434547,11540.58434547,311.13030325,2.625192324248225650204776811
1775822400000,2026-04-10 20:00,1540.58434547,11540.58434547,311.13030325,2.625192324248225650204776811
1775836800000,2026-04-11 00:00,1540.58434547,11540.58434547,311.13030325,2.625192324248225650204776811
1775851200000,2026-04-11 04:00,1540.58434547,11540.58434547,311.13030325,2.625192324248225650204776811
1775865600000,2026-04-11 08:00,1540.58434547,11540.58434547,311.13030325,2.625192324248225650204776811
1775880000000,2026-04-11 12:00,1540.58434547,11540.58434547,311.13030325,2.625192324248225650204776811
1775894400000,2026-04-11 16:00,1540.58434547,11540.58434547,311.13030325,2.625192324248225650204776811
1775908800000,2026-04-11 20:00,1540.58434547,11540.58434547,311.13030325,2.625192324248225650204776811
1775923200000,2026-04-12 00:00,1540.58434547,11540.58434547,311.13030325,2.625192324248225650204776811
1775937600000,2026-04-12 04:00,1540.58434547,11540.58434547,311.13030325,2.625192324248225650204776811
1775952000000,2026-04-12 08:00,1540.58434547,11540.58434547,311.13030325,2.625192324248225650204776811
1775966400000,2026-04-12 12:00,1540.58434547,11540.58434547,311.13030325,2.625192324248225650204776811
1775980800000,2026-04-12 16:00,1540.58434547,11540.58434547,311.13030325,2.625192324248225650204776811
1775995200000,2026-04-12 20:00,1540.58434547,11540.58434547,311.13030325,2.625192324248225650204776811
1776009600000,2026-04-13 00:00,1540.58434547,11540.58434547,311.13030325,2.625192324248225650204776811
1776024000000,2026-04-13 04:00,1540.58434547,11540.58434547,311.13030325,2.625192324248225650204776811
1776038400000,2026-04-13 08:00,1540.58434547,11540.58434547,311.13030325,2.625192324248225650204776811
1776052800000,2026-04-13 12:00,1540.58434547,11540.58434547,311.13030325,2.625192324248225650204776811
1776067200000,2026-04-13 16:00,1540.58434547,11540.58434547,311.13030325,2.625192324248225650204776811
1776081600000,2026-04-13 20:00,1540.58434547,11540.58434547,311.13030325,2.625192324248225650204776811
1776096000000,2026-04-14 00:00,1540.58434547,11540.58434547,311.13030325,2.625192324248225650204776811
1776110400000,2026-04-14 04:00,1540.58434547,11540.58434547,311.13030325,2.625192324248225650204776811
1776124800000,2026-04-14 08:00,1540.58434547,11540.58434547,311.13030325,2.625192324248225650204776811
1776139200000,2026-04-14 12:00,1540.58434547,11540.58434547,311.13030325,2.625192324248225650204776811
1776153600000,2026-04-14 16:00,1540.58434547,11540.58434547,311.13030325,2.625192324248225650204776811
1776168000000,2026-04-14 20:00,1540.58434547,11540.58434547,311.13030325,2.625192324248225650204776811
1776182400000,2026-04-15 00:00,1540.58434547,11540.58434547,311.13030325,2.625192324248225650204776811
1776196800000,2026-04-15 04:00,1540.58434547,11540.58434547,311.13030325,2.625192324248225650204776811
1776211200000,2026-04-15 08:00,1540.58434547,11540.58434547,311.13030325,2.625192324248225650204776811
1776225600000,2026-04-15 12:00,1540.58434547,11540.58434547,311.13030325,2.625192324248225650204776811
1776240000000,2026-04-15 16:00,1540.58434547,11540.58434547,311.13030325,2.625192324248225650204776811
1776254400000,2026-04-15 20:00,1540.58434547,11540.58434547,311.13030325,2.625192324248225650204776811
1776268800000,2026-04-16 00:00,1540.58434547,11540.58434547,311.13030325,2.625192324248225650204776811
1776283200000,2026-04-16 04:00,1540.58434547,11540.58434547,311.13030325,2.625192324248225650204776811
1776297600000,2026-04-16 08:00,1540.58434547,11540.58434547,311.13030325,2.625192324248225650204776811
1776312000000,2026-04-16 12:00,1540.58434547,11540.58434547,311.13030325,2.625192324248225650204776811
1776326400000,2026-04-16 16:00,1540.58434547,11540.58434547,311.13030325,2.625192324248225650204776811
1776340800000,2026-04-16 20:00,1540.58434547,11540.58434547,311.13030325,2.625192324248225650204776811
1776355200000,2026-04-17 00:00,1540.58434547,11540.58434547,311.13030325,2.625192324248225650204776811
1776369600000,2026-04-17 04:00,1540.58434547,11540.58434547,311.13030325,2.625192324248225650204776811
1776384000000,2026-04-17 08:00,1540.58434547,11540.58434547,311.13030325,2.625192324248225650204776811
1776398400000,2026-04-17 12:00,1540.58434547,11540.58434547,311.13030325,2.625192324248225650204776811
1776412800000,2026-04-17 16:00,1540.58434547,11540.58434547,311.13030325,2.625192324248225650204776811
1776427200000,2026-04-17 20:00,1540.58434547,11540.58434547,311.13030325,2.625192324248225650204776811
1776441600000,2026-04-18 00:00,1540.58434547,11540.58434547,311.13030325,2.625192324248225650204776811
1776456000000,2026-04-18 04:00,1540.58434547,11540.58434547,311.13030325,2.625192324248225650204776811
1776470400000,2026-04-18 08:00,1540.58434547,11540.58434547,311.13030325,2.625192324248225650204776811
1776484800000,2026-04-18 12:00,1540.58434547,11540.58434547,311.13030325,2.625192324248225650204776811
1776499200000,2026-04-18 16:00,1540.58434547,11540.58434547,311.13030325,2.625192324248225650204776811
1776513600000,2026-04-18 20:00,1540.58434547,11540.58434547,311.13030325,2.625192324248225650204776811
1776528000000,2026-04-19 00:00,1540.58434547,11540.58434547,311.13030325,2.625192324248225650204776811
1776542400000,2026-04-19 04:00,1540.58434547,11540.58434547,311.13030325,2.625192324248225650204776811
1776556800000,2026-04-19 08:00,1540.58434547,11540.58434547,311.13030325,2.625192324248225650204776811
1776571200000,2026-04-19 12:00,1540.58434547,11540.58434547,311.13030325,2.625192324248225650204776811
1776585600000,2026-04-19 16:00,1540.58434547,11540.58434547,311.13030325,2.625192324248225650204776811
1776600000000,2026-04-19 20:00,1540.58434547,11540.58434547,311.13030325,2.625192324248225650204776811
1776614400000,2026-04-20 00:00,1540.58434547,11540.58434547,311.13030325,2.625192324248225650204776811
1776628800000,2026-04-20 04:00,1540.58434547,11540.58434547,311.13030325,2.625192324248225650204776811
1776643200000,2026-04-20 08:00,1540.58434547,11540.58434547,311.13030325,2.625192324248225650204776811
1776657600000,2026-04-20 12:00,1540.58434547,11540.58434547,311.13030325,2.625192324248225650204776811
1776672000000,2026-04-20 16:00,1540.58434547,11540.58434547,311.13030325,2.625192324248225650204776811
1776686400000,2026-04-20 20:00,1540.58434547,11540.58434547,311.13030325,2.625192324248225650204776811
1776700800000,2026-04-21 00:00,1540.58434547,11540.58434547,311.13030325,2.625192324248225650204776811
1776715200000,2026-04-21 04:00,1540.58434547,11540.58434547,311.13030325,2.625192324248225650204776811
1776729600000,2026-04-21 08:00,1540.58434547,11540.58434547,311.13030325,2.625192324248225650204776811
1776744000000,2026-04-21 12:00,1540.58434547,11540.58434547,311.13030325,2.625192324248225650204776811
1776758400000,2026-04-21 16:00,1540.58434547,11540.58434547,311.13030325,2.625192324248225650204776811
1776772800000,2026-04-21 20:00,1540.58434547,11540.58434547,311.13030325,2.625192324248225650204776811
1776787200000,2026-04-22 00:00,1540.58434547,11540.58434547,311.13030325,2.625192324248225650204776811
1776801600000,2026-04-22 04:00,1540.58434547,11540.58434547,311.13030325,2.625192324248225650204776811
1776816000000,2026-04-22 08:00,1540.58434547,11540.58434547,311.13030325,2.625192324248225650204776811
1776830400000,2026-04-22 12:00,1540.58434547,11540.58434547,311.13030325,2.625192324248225650204776811
1776844800000,2026-04-22 16:00,1540.58434547,11540.58434547,311.13030325,2.625192324248225650204776811
1776859200000,2026-04-22 20:00,1540.58434547,11540.58434547,311.13030325,2.625192324248225650204776811
1776873600000,2026-04-23 00:00,1540.58434547,11540.58434547,311.13030325,2.625192324248225650204776811
1776888000000,2026-04-23 04:00,1540.58434547,11540.58434547,311.13030325,2.625192324248225650204776811
1776902400000,2026-04-23 08:00,1540.58434547,11540.58434547,311.13030325,2.625192324248225650204776811
1776916800000,2026-04-23 12:00,1540.58434547,11540.58434547,311.13030325,2.625192324248225650204776811
1776931200000,2026-04-23 16:00,1540.58434547,11540.58434547,311.13030325,2.625192324248225650204776811
1776945600000,2026-04-23 20:00,1540.58434547,11540.58434547,311.13030325,2.625192324248225650204776811
1776960000000,2026-04-24 00:00,1540.58434547,11540.58434547,311.13030325,2.625192324248225650204776811
1776974400000,2026-04-24 04:00,1540.58434547,11540.58434547,311.13030325,2.625192324248225650204776811
1776988800000,2026-04-24 08:00,1540.58434547,11540.58434547,311.13030325,2.625192324248225650204776811
1777003200000,2026-04-24 12:00,1540.58434547,11540.58434547,311.13030325,2.625192324248225650204776811
1777017600000,2026-04-24 16:00,1540.58434547,11540.58434547,311.13030325,2.625192324248225650204776811
1777032000000,2026-04-24 20:00,1540.58434547,11540.58434547,311.13030325,2.625192324248225650204776811
1777046400000,2026-04-25 00:00,1540.58434547,11540.58434547,311.13030325,2.625192324248225650204776811
1777060800000,2026-04-25 04:00,1540.58434547,11540.58434547,311.13030325,2.625192324248225650204776811
1777075200000,2026-04-25 08:00,1540.58434547,11540.58434547,311.13030325,2.625192324248225650204776811
1777089600000,2026-04-25 12:00,1540.58434547,11540.58434547,311.13030325,2.625192324248225650204776811
1777104000000,2026-04-25 16:00,1540.58434547,11540.58434547,311.13030325,2.625192324248225650204776811
1777118400000,2026-04-25 20:00,1540.58434547,11540.58434547,311.13030325,2.625192324248225650204776811
1777132800000,2026-04-26 00:00,1540.58434547,11540.58434547,311.13030325,2.625192324248225650204776811
1777147200000,2026-04-26 04:00,1540.58434547,11540.58434547,311.13030325,2.625192324248225650204776811
1777161600000,2026-04-26 08:00,1540.58434547,11540.58434547,311.13030325,2.625192324248225650204776811
1777176000000,2026-04-26 12:00,1540.58434547,11540.58434547,311.13030325,2.625192324248225650204776811
1777190400000,2026-04-26 16:00,1540.58434547,11540.58434547,311.13030325,2.625192324248225650204776811
1777204800000,2026-04-26 20:00,1540.58434547,11540.58434547,311.13030325,2.625192324248225650204776811
1777219200000,2026-04-27 00:00,1540.58434547,11540.58434547,311.13030325,2.625192324248225650204776811
1777233600000,2026-04-27 04:00,1540.58434547,11540.58434547,311.13030325,2.625192324248225650204776811
1777248000000,2026-04-27 08:00,1540.58434547,11540.58434547,311.13030325,2.625192324248225650204776811
1777262400000,2026-04-27 12:00,1540.58434547,11540.58434547,311.13030325,2.625192324248225650204776811
1777276800000,2026-04-27 16:00,1540.58434547,11540.58434547,311.13030325,2.625192324248225650204776811
1777291200000,2026-04-27 20:00,1540.58434547,11540.58434547,311.13030325,2.625192324248225650204776811
1777305600000,2026-04-28 00:00,1540.58434547,11540.58434547,311.13030325,2.625192324248225650204776811
1777320000000,2026-04-28 04:00,1540.58434547,11540.58434547,311.13030325,2.625192324248225650204776811
1777334400000,2026-04-28 08:00,1540.58434547,11540.58434547,311.13030325,2.625192324248225650204776811
1777348800000,2026-04-28 12:00,1540.58434547,11540.58434547,311.13030325,2.625192324248225650204776811
1777363200000,2026-04-28 16:00,1540.58434547,11540.58434547,311.13030325,2.625192324248225650204776811
1777377600000,2026-04-28 20:00,1540.58434547,11540.58434547,311.13030325,2.625192324248225650204776811
1777392000000,2026-04-29 00:00,1540.58434547,11540.58434547,311.13030325,2.625192324248225650204776811
1777406400000,2026-04-29 04:00,1540.58434547,11540.58434547,311.13030325,2.625192324248225650204776811
1777420800000,2026-04-29 08:00,1540.58434547,11540.58434547,311.13030325,2.625192324248225650204776811
1777435200000,2026-04-29 12:00,1540.58434547,11540.58434547,311.13030325,2.625192324248225650204776811
1777449600000,2026-04-29 16:00,1540.58434547,11540.58434547,311.13030325,2.625192324248225650204776811
1777464000000,2026-04-29 20:00,1540.58434547,11540.58434547,311.13030325,2.625192324248225650204776811
1777478400000,2026-04-30 00:00,1540.58434547,11540.58434547,311.13030325,2.625192324248225650204776811
1777492800000,2026-04-30 04:00,1540.58434547,11540.58434547,311.13030325,2.625192324248225650204776811
1777507200000,2026-04-30 08:00,1540.58434547,11540.58434547,311.13030325,2.625192324248225650204776811
1777521600000,2026-04-30 12:00,1540.58434547,11540.58434547,311.13030325,2.625192324248225650204776811
1777536000000,2026-04-30 16:00,1540.58434547,11540.58434547,311.13030325,2.625192324248225650204776811
1777550400000,2026-04-30 20:00,1540.58434547,11540.58434547,311.13030325,2.625192324248225650204776811
1777564800000,2026-05-01 00:00,1540.58434547,11540.58434547,311.13030325,2.625192324248225650204776811
1777579200000,2026-05-01 04:00,1540.58434547,11540.58434547,311.13030325,2.625192324248225650204776811
1777593600000,2026-05-01 08:00,1445.22282011,11445.22282011,406.49182861,3.429814509193415534330939353
1777608000000,2026-05-01 12:00,1445.22282011,11445.22282011,406.49182861,3.429814509193415534330939353
1777622400000,2026-05-01 16:00,1445.22282011,11445.22282011,406.49182861,3.429814509193415534330939353
1777636800000,2026-05-01 20:00,1445.22282011,11445.22282011,406.49182861,3.429814509193415534330939353
1777651200000,2026-05-02 00:00,1445.22282011,11445.22282011,406.49182861,3.429814509193415534330939353
1777665600000,2026-05-02 04:00,1445.22282011,11445.22282011,406.49182861,3.429814509193415534330939353
1777680000000,2026-05-02 08:00,1445.22282011,11445.22282011,406.49182861,3.429814509193415534330939353
1777694400000,2026-05-02 12:00,1445.22282011,11445.22282011,406.49182861,3.429814509193415534330939353
1777708800000,2026-05-02 16:00,1445.22282011,11445.22282011,406.49182861,3.429814509193415534330939353
1777723200000,2026-05-02 20:00,1445.22282011,11445.22282011,406.49182861,3.429814509193415534330939353
1777737600000,2026-05-03 00:00,1445.22282011,11445.22282011,406.49182861,3.429814509193415534330939353
1777752000000,2026-05-03 04:00,1445.22282011,11445.22282011,406.49182861,3.429814509193415534330939353
1777766400000,2026-05-03 08:00,1445.22282011,11445.22282011,406.49182861,3.429814509193415534330939353
1777780800000,2026-05-03 12:00,1445.22282011,11445.22282011,406.49182861,3.429814509193415534330939353
1777795200000,2026-05-03 16:00,1445.22282011,11445.22282011,406.49182861,3.429814509193415534330939353
1777809600000,2026-05-03 20:00,1445.22282011,11445.22282011,406.49182861,3.429814509193415534330939353
1777824000000,2026-05-04 00:00,1445.22282011,11445.22282011,406.49182861,3.429814509193415534330939353
1777838400000,2026-05-04 04:00,1445.22282011,11445.22282011,406.49182861,3.429814509193415534330939353
1777852800000,2026-05-04 08:00,1445.22282011,11445.22282011,406.49182861,3.429814509193415534330939353
1777867200000,2026-05-04 12:00,1445.22282011,11445.22282011,406.49182861,3.429814509193415534330939353
1777881600000,2026-05-04 16:00,1445.22282011,11445.22282011,406.49182861,3.429814509193415534330939353
1777896000000,2026-05-04 20:00,1445.22282011,11445.22282011,406.49182861,3.429814509193415534330939353
1777910400000,2026-05-05 00:00,1445.22282011,11445.22282011,406.49182861,3.429814509193415534330939353
1777924800000,2026-05-05 04:00,1445.22282011,11445.22282011,406.49182861,3.429814509193415534330939353
1777939200000,2026-05-05 08:00,1445.22282011,11445.22282011,406.49182861,3.429814509193415534330939353
1777953600000,2026-05-05 12:00,1445.22282011,11445.22282011,406.49182861,3.429814509193415534330939353
1777968000000,2026-05-05 16:00,1445.22282011,11445.22282011,406.49182861,3.429814509193415534330939353
1777982400000,2026-05-05 20:00,1445.22282011,11445.22282011,406.49182861,3.429814509193415534330939353
1777996800000,2026-05-06 00:00,1445.22282011,11445.22282011,406.49182861,3.429814509193415534330939353
1778011200000,2026-05-06 04:00,1445.22282011,11445.22282011,406.49182861,3.429814509193415534330939353
1778025600000,2026-05-06 08:00,1445.22282011,11445.22282011,406.49182861,3.429814509193415534330939353
1778040000000,2026-05-06 12:00,1445.22282011,11445.22282011,406.49182861,3.429814509193415534330939353
1778054400000,2026-05-06 16:00,1445.22282011,11445.22282011,406.49182861,3.429814509193415534330939353
1778068800000,2026-05-06 20:00,1445.22282011,11445.22282011,406.49182861,3.429814509193415534330939353
1778083200000,2026-05-07 00:00,1445.22282011,11445.22282011,406.49182861,3.429814509193415534330939353
1778097600000,2026-05-07 04:00,1445.22282011,11445.22282011,406.49182861,3.429814509193415534330939353
1778112000000,2026-05-07 08:00,1445.22282011,11445.22282011,406.49182861,3.429814509193415534330939353
1778126400000,2026-05-07 12:00,1445.22282011,11445.22282011,406.49182861,3.429814509193415534330939353
1778140800000,2026-05-07 16:00,1445.22282011,11445.22282011,406.49182861,3.429814509193415534330939353
1778155200000,2026-05-07 20:00,1445.22282011,11445.22282011,406.49182861,3.429814509193415534330939353
1778169600000,2026-05-08 00:00,1445.22282011,11445.22282011,406.49182861,3.429814509193415534330939353
1778184000000,2026-05-08 04:00,1445.22282011,11445.22282011,406.49182861,3.429814509193415534330939353
1778198400000,2026-05-08 08:00,1445.22282011,11445.22282011,406.49182861,3.429814509193415534330939353
1778212800000,2026-05-08 12:00,1445.22282011,11445.22282011,406.49182861,3.429814509193415534330939353
1778227200000,2026-05-08 16:00,1445.22282011,11445.22282011,406.49182861,3.429814509193415534330939353
1778241600000,2026-05-08 20:00,1445.22282011,11445.22282011,406.49182861,3.429814509193415534330939353
1778256000000,2026-05-09 00:00,1445.22282011,11445.22282011,406.49182861,3.429814509193415534330939353
1778270400000,2026-05-09 04:00,1445.22282011,11445.22282011,406.49182861,3.429814509193415534330939353
1778284800000,2026-05-09 08:00,1445.22282011,11445.22282011,406.49182861,3.429814509193415534330939353
1778299200000,2026-05-09 12:00,1445.22282011,11445.22282011,406.49182861,3.429814509193415534330939353
1778313600000,2026-05-09 16:00,1445.22282011,11445.22282011,406.49182861,3.429814509193415534330939353
1778328000000,2026-05-09 20:00,1445.22282011,11445.22282011,406.49182861,3.429814509193415534330939353
1778342400000,2026-05-10 00:00,1445.22282011,11445.22282011,406.49182861,3.429814509193415534330939353
1778356800000,2026-05-10 04:00,1445.22282011,11445.22282011,406.49182861,3.429814509193415534330939353
1778371200000,2026-05-10 08:00,1445.22282011,11445.22282011,406.49182861,3.429814509193415534330939353
1778385600000,2026-05-10 12:00,1445.22282011,11445.22282011,406.49182861,3.429814509193415534330939353
1778400000000,2026-05-10 16:00,1445.22282011,11445.22282011,406.49182861,3.429814509193415534330939353
1778414400000,2026-05-10 20:00,1445.22282011,11445.22282011,406.49182861,3.429814509193415534330939353
1778428800000,2026-05-11 00:00,1445.22282011,11445.22282011,406.49182861,3.429814509193415534330939353
1778443200000,2026-05-11 04:00,1445.22282011,11445.22282011,406.49182861,3.429814509193415534330939353
1778457600000,2026-05-11 08:00,1445.22282011,11445.22282011,406.49182861,3.429814509193415534330939353
1778472000000,2026-05-11 12:00,1445.22282011,11445.22282011,406.49182861,3.429814509193415534330939353
1778486400000,2026-05-11 16:00,1445.22282011,11445.22282011,406.49182861,3.429814509193415534330939353
1778500800000,2026-05-11 20:00,1445.22282011,11445.22282011,406.49182861,3.429814509193415534330939353
1778515200000,2026-05-12 00:00,1445.22282011,11445.22282011,406.49182861,3.429814509193415534330939353
1778529600000,2026-05-12 04:00,1445.22282011,11445.22282011,406.49182861,3.429814509193415534330939353
1778544000000,2026-05-12 08:00,1445.22282011,11445.22282011,406.49182861,3.429814509193415534330939353
1778558400000,2026-05-12 12:00,1445.22282011,11445.22282011,406.49182861,3.429814509193415534330939353
1778572800000,2026-05-12 16:00,1445.22282011,11445.22282011,406.49182861,3.429814509193415534330939353
1778587200000,2026-05-12 20:00,1445.22282011,11445.22282011,406.49182861,3.429814509193415534330939353
1778601600000,2026-05-13 00:00,1445.22282011,11445.22282011,406.49182861,3.429814509193415534330939353
1778616000000,2026-05-13 04:00,1445.22282011,11445.22282011,406.49182861,3.429814509193415534330939353
1778630400000,2026-05-13 08:00,1445.22282011,11445.22282011,406.49182861,3.429814509193415534330939353
1778644800000,2026-05-13 12:00,1445.22282011,11445.22282011,406.49182861,3.429814509193415534330939353
1778659200000,2026-05-13 16:00,1445.22282011,11445.22282011,406.49182861,3.429814509193415534330939353
1778673600000,2026-05-13 20:00,1445.22282011,11445.22282011,406.49182861,3.429814509193415534330939353
1778688000000,2026-05-14 00:00,1445.22282011,11445.22282011,406.49182861,3.429814509193415534330939353
1778702400000,2026-05-14 04:00,1445.22282011,11445.22282011,406.49182861,3.429814509193415534330939353
1778716800000,2026-05-14 08:00,1445.22282011,11445.22282011,406.49182861,3.429814509193415534330939353
1778731200000,2026-05-14 12:00,1445.22282011,11445.22282011,406.49182861,3.429814509193415534330939353
1778745600000,2026-05-14 16:00,1445.22282011,11445.22282011,406.49182861,3.429814509193415534330939353
1778760000000,2026-05-14 20:00,1445.22282011,11445.22282011,406.49182861,3.429814509193415534330939353
1778774400000,2026-05-15 00:00,1445.22282011,11445.22282011,406.49182861,3.429814509193415534330939353
1778788800000,2026-05-15 04:00,1445.22282011,11445.22282011,406.49182861,3.429814509193415534330939353
1778803200000,2026-05-15 08:00,1445.22282011,11445.22282011,406.49182861,3.429814509193415534330939353
1778817600000,2026-05-15 12:00,1445.22282011,11445.22282011,406.49182861,3.429814509193415534330939353
1778832000000,2026-05-15 16:00,1445.22282011,11445.22282011,406.49182861,3.429814509193415534330939353
1778846400000,2026-05-15 20:00,1445.22282011,11445.22282011,406.49182861,3.429814509193415534330939353
1778860800000,2026-05-16 00:00,1445.22282011,11445.22282011,406.49182861,3.429814509193415534330939353
1778875200000,2026-05-16 04:00,1445.22282011,11445.22282011,406.49182861,3.429814509193415534330939353
1778889600000,2026-05-16 08:00,1445.22282011,11445.22282011,406.49182861,3.429814509193415534330939353
1778904000000,2026-05-16 12:00,1445.22282011,11445.22282011,406.49182861,3.429814509193415534330939353
1778918400000,2026-05-16 16:00,1445.22282011,11445.22282011,406.49182861,3.429814509193415534330939353
1778932800000,2026-05-16 20:00,1445.22282011,11445.22282011,406.49182861,3.429814509193415534330939353
1778947200000,2026-05-17 00:00,1445.22282011,11445.22282011,406.49182861,3.429814509193415534330939353
1778961600000,2026-05-17 04:00,1445.22282011,11445.22282011,406.49182861,3.429814509193415534330939353
1778976000000,2026-05-17 08:00,1445.22282011,11445.22282011,406.49182861,3.429814509193415534330939353
1778990400000,2026-05-17 12:00,1445.22282011,11445.22282011,406.49182861,3.429814509193415534330939353
1779004800000,2026-05-17 16:00,1445.22282011,11445.22282011,406.49182861,3.429814509193415534330939353
1779019200000,2026-05-17 20:00,1445.22282011,11445.22282011,406.49182861,3.429814509193415534330939353
1779033600000,2026-05-18 00:00,1445.22282011,11445.22282011,406.49182861,3.429814509193415534330939353
1779048000000,2026-05-18 04:00,1445.22282011,11445.22282011,406.49182861,3.429814509193415534330939353
1779062400000,2026-05-18 08:00,1445.22282011,11445.22282011,406.49182861,3.429814509193415534330939353
1779076800000,2026-05-18 12:00,1445.22282011,11445.22282011,406.49182861,3.429814509193415534330939353
1779091200000,2026-05-18 16:00,1445.22282011,11445.22282011,406.49182861,3.429814509193415534330939353
1779105600000,2026-05-18 20:00,1445.22282011,11445.22282011,406.49182861,3.429814509193415534330939353
1779120000000,2026-05-19 00:00,1445.22282011,11445.22282011,406.49182861,3.429814509193415534330939353
1779134400000,2026-05-19 04:00,1445.22282011,11445.22282011,406.49182861,3.429814509193415534330939353
1779148800000,2026-05-19 08:00,1445.22282011,11445.22282011,406.49182861,3.429814509193415534330939353
1779163200000,2026-05-19 12:00,1445.22282011,11445.22282011,406.49182861,3.429814509193415534330939353
1779177600000,2026-05-19 16:00,1445.22282011,11445.22282011,406.49182861,3.429814509193415534330939353
1779192000000,2026-05-19 20:00,1445.22282011,11445.22282011,406.49182861,3.429814509193415534330939353
1779206400000,2026-05-20 00:00,1445.22282011,11445.22282011,406.49182861,3.429814509193415534330939353
1779220800000,2026-05-20 04:00,1445.22282011,11445.22282011,406.49182861,3.429814509193415534330939353
1779235200000,2026-05-20 08:00,1445.22282011,11445.22282011,406.49182861,3.429814509193415534330939353
1779249600000,2026-05-20 12:00,1445.22282011,11445.22282011,406.49182861,3.429814509193415534330939353
1779264000000,2026-05-20 16:00,1445.22282011,11445.22282011,406.49182861,3.429814509193415534330939353
1779278400000,2026-05-20 20:00,1445.22282011,11445.22282011,406.49182861,3.429814509193415534330939353
1779292800000,2026-05-21 00:00,1445.22282011,11445.22282011,406.49182861,3.429814509193415534330939353
1779307200000,2026-05-21 04:00,1445.22282011,11445.22282011,406.49182861,3.429814509193415534330939353
1779321600000,2026-05-21 08:00,1445.22282011,11445.22282011,406.49182861,3.429814509193415534330939353
1779336000000,2026-05-21 12:00,1445.22282011,11445.22282011,406.49182861,3.429814509193415534330939353
1779350400000,2026-05-21 16:00,1445.22282011,11445.22282011,406.49182861,3.429814509193415534330939353
1779364800000,2026-05-21 20:00,1445.22282011,11445.22282011,406.49182861,3.429814509193415534330939353
1779379200000,2026-05-22 00:00,1445.22282011,11445.22282011,406.49182861,3.429814509193415534330939353
1779393600000,2026-05-22 04:00,1445.22282011,11445.22282011,406.49182861,3.429814509193415534330939353
1779408000000,2026-05-22 08:00,1445.22282011,11445.22282011,406.49182861,3.429814509193415534330939353
1779422400000,2026-05-22 12:00,1445.22282011,11445.22282011,406.49182861,3.429814509193415534330939353
1779436800000,2026-05-22 16:00,1445.22282011,11445.22282011,406.49182861,3.429814509193415534330939353
1779451200000,2026-05-22 20:00,1445.22282011,11445.22282011,406.49182861,3.429814509193415534330939353
1779465600000,2026-05-23 00:00,1445.22282011,11445.22282011,406.49182861,3.429814509193415534330939353
1779480000000,2026-05-23 04:00,1445.22282011,11445.22282011,406.49182861,3.429814509193415534330939353
1779494400000,2026-05-23 08:00,1445.22282011,11445.22282011,406.49182861,3.429814509193415534330939353
1779508800000,2026-05-23 12:00,1445.22282011,11445.22282011,406.49182861,3.429814509193415534330939353
1779523200000,2026-05-23 16:00,1445.22282011,11445.22282011,406.49182861,3.429814509193415534330939353
1779537600000,2026-05-23 20:00,1445.22282011,11445.22282011,406.49182861,3.429814509193415534330939353
1779552000000,2026-05-24 00:00,1445.22282011,11445.22282011,406.49182861,3.429814509193415534330939353
1779566400000,2026-05-24 04:00,1445.22282011,11445.22282011,406.49182861,3.429814509193415534330939353
1779580800000,2026-05-24 08:00,1445.22282011,11445.22282011,406.49182861,3.429814509193415534330939353
1779595200000,2026-05-24 12:00,1445.22282011,11445.22282011,406.49182861,3.429814509193415534330939353
1779609600000,2026-05-24 16:00,1445.22282011,11445.22282011,406.49182861,3.429814509193415534330939353
1779624000000,2026-05-24 20:00,1445.22282011,11445.22282011,406.49182861,3.429814509193415534330939353
1779638400000,2026-05-25 00:00,1445.22282011,11445.22282011,406.49182861,3.429814509193415534330939353
1779652800000,2026-05-25 04:00,1445.22282011,11445.22282011,406.49182861,3.429814509193415534330939353
1779667200000,2026-05-25 08:00,1445.22282011,11445.22282011,406.49182861,3.429814509193415534330939353
1779681600000,2026-05-25 12:00,1445.22282011,11445.22282011,406.49182861,3.429814509193415534330939353
1779696000000,2026-05-25 16:00,1445.22282011,11445.22282011,406.49182861,3.429814509193415534330939353
1779710400000,2026-05-25 20:00,1445.22282011,11445.22282011,406.49182861,3.429814509193415534330939353
1779724800000,2026-05-26 00:00,1445.22282011,11445.22282011,406.49182861,3.429814509193415534330939353
1779739200000,2026-05-26 04:00,1445.22282011,11445.22282011,406.49182861,3.429814509193415534330939353
1779753600000,2026-05-26 08:00,1445.22282011,11445.22282011,406.49182861,3.429814509193415534330939353
1779768000000,2026-05-26 12:00,1445.22282011,11445.22282011,406.49182861,3.429814509193415534330939353
1779782400000,2026-05-26 16:00,1445.22282011,11445.22282011,406.49182861,3.429814509193415534330939353
1779796800000,2026-05-26 20:00,1445.22282011,11445.22282011,406.49182861,3.429814509193415534330939353
1779811200000,2026-05-27 00:00,1445.22282011,11445.22282011,406.49182861,3.429814509193415534330939353
1779825600000,2026-05-27 04:00,1445.22282011,11445.22282011,406.49182861,3.429814509193415534330939353
1779840000000,2026-05-27 08:00,1445.22282011,11445.22282011,406.49182861,3.429814509193415534330939353
1779854400000,2026-05-27 12:00,1445.22282011,11445.22282011,406.49182861,3.429814509193415534330939353
1779868800000,2026-05-27 16:00,1445.22282011,11445.22282011,406.49182861,3.429814509193415534330939353
1779883200000,2026-05-27 20:00,1445.22282011,11445.22282011,406.49182861,3.429814509193415534330939353
1779897600000,2026-05-28 00:00,1445.22282011,11445.22282011,406.49182861,3.429814509193415534330939353
1779912000000,2026-05-28 04:00,1445.22282011,11445.22282011,406.49182861,3.429814509193415534330939353
1779926400000,2026-05-28 08:00,1445.22282011,11445.22282011,406.49182861,3.429814509193415534330939353
1779940800000,2026-05-28 12:00,1445.22282011,11445.22282011,406.49182861,3.429814509193415534330939353
1779955200000,2026-05-28 16:00,1445.22282011,11445.22282011,406.49182861,3.429814509193415534330939353
1779969600000,2026-05-28 20:00,1445.22282011,11445.22282011,406.49182861,3.429814509193415534330939353
1779984000000,2026-05-29 00:00,1445.22282011,11445.22282011,406.49182861,3.429814509193415534330939353
1779998400000,2026-05-29 04:00,1445.22282011,11445.22282011,406.49182861,3.429814509193415534330939353
1780012800000,2026-05-29 08:00,1445.22282011,11445.22282011,406.49182861,3.429814509193415534330939353
1780027200000,2026-05-29 12:00,1445.22282011,11445.22282011,406.49182861,3.429814509193415534330939353
1780041600000,2026-05-29 16:00,1445.22282011,11445.22282011,406.49182861,3.429814509193415534330939353
1780056000000,2026-05-29 20:00,1445.22282011,11445.22282011,406.49182861,3.429814509193415534330939353
1780070400000,2026-05-30 00:00,1445.22282011,11445.22282011,406.49182861,3.429814509193415534330939353
1780084800000,2026-05-30 04:00,1445.22282011,11445.22282011,406.49182861,3.429814509193415534330939353
1780099200000,2026-05-30 08:00,1445.22282011,11445.22282011,406.49182861,3.429814509193415534330939353
1780113600000,2026-05-30 12:00,1445.22282011,11445.22282011,406.49182861,3.429814509193415534330939353
1780128000000,2026-05-30 16:00,1445.22282011,11445.22282011,406.49182861,3.429814509193415534330939353
1780142400000,2026-05-30 20:00,1445.22282011,11445.22282011,406.49182861,3.429814509193415534330939353
1780156800000,2026-05-31 00:00,1445.22282011,11445.22282011,406.49182861,3.429814509193415534330939353
1780171200000,2026-05-31 04:00,1445.22282011,11445.22282011,406.49182861,3.429814509193415534330939353
1780185600000,2026-05-31 08:00,1445.22282011,11445.22282011,406.49182861,3.429814509193415534330939353
1780200000000,2026-05-31 12:00,1445.22282011,11445.22282011,406.49182861,3.429814509193415534330939353
1780214400000,2026-05-31 16:00,1445.22282011,11445.22282011,406.49182861,3.429814509193415534330939353
1780228800000,2026-05-31 20:00,1445.22282011,11445.22282011,406.49182861,3.429814509193415534330939353
1780243200000,2026-06-01 00:00,1445.22282011,11445.22282011,406.49182861,3.429814509193415534330939353
1780257600000,2026-06-01 04:00,1445.22282011,11445.22282011,406.49182861,3.429814509193415534330939353
1780272000000,2026-06-01 08:00,1445.22282011,11445.22282011,406.49182861,3.429814509193415534330939353
1780286400000,2026-06-01 12:00,1445.22282011,11445.22282011,406.49182861,3.429814509193415534330939353
1780300800000,2026-06-01 16:00,1445.22282011,11445.22282011,406.49182861,3.429814509193415534330939353
1780315200000,2026-06-01 20:00,1445.22282011,11445.22282011,406.49182861,3.429814509193415534330939353
1780329600000,2026-06-02 00:00,1445.22282011,11445.22282011,406.49182861,3.429814509193415534330939353
1780344000000,2026-06-02 04:00,1445.22282011,11445.22282011,406.49182861,3.429814509193415534330939353
1780358400000,2026-06-02 08:00,1445.22282011,11445.22282011,406.49182861,3.429814509193415534330939353
1780372800000,2026-06-02 12:00,1445.22282011,11445.22282011,406.49182861,3.429814509193415534330939353
1780387200000,2026-06-02 16:00,1445.22282011,11445.22282011,406.49182861,3.429814509193415534330939353
1780401600000,2026-06-02 20:00,1445.22282011,11445.22282011,406.49182861,3.429814509193415534330939353
1780416000000,2026-06-03 00:00,1445.22282011,11445.22282011,406.49182861,3.429814509193415534330939353
1780430400000,2026-06-03 04:00,1445.22282011,11445.22282011,406.49182861,3.429814509193415534330939353
1780444800000,2026-06-03 08:00,1445.22282011,11445.22282011,406.49182861,3.429814509193415534330939353
1780459200000,2026-06-03 12:00,1445.22282011,11445.22282011,406.49182861,3.429814509193415534330939353
1780473600000,2026-06-03 16:00,1445.22282011,11445.22282011,406.49182861,3.429814509193415534330939353
1780488000000,2026-06-03 20:00,1445.22282011,11445.22282011,406.49182861,3.429814509193415534330939353
1780502400000,2026-06-04 00:00,1445.22282011,11445.22282011,406.49182861,3.429814509193415534330939353
1780516800000,2026-06-04 04:00,1445.22282011,11445.22282011,406.49182861,3.429814509193415534330939353
1780531200000,2026-06-04 08:00,1445.22282011,11445.22282011,406.49182861,3.429814509193415534330939353
1780545600000,2026-06-04 12:00,1445.22282011,11445.22282011,406.49182861,3.429814509193415534330939353
1780560000000,2026-06-04 16:00,1445.22282011,11445.22282011,406.49182861,3.429814509193415534330939353
1780574400000,2026-06-04 20:00,1445.22282011,11445.22282011,406.49182861,3.429814509193415534330939353
1780588800000,2026-06-05 00:00,1445.22282011,11445.22282011,406.49182861,3.429814509193415534330939353
1780603200000,2026-06-05 04:00,1445.22282011,11445.22282011,406.49182861,3.429814509193415534330939353
1780617600000,2026-06-05 08:00,1445.22282011,11445.22282011,406.49182861,3.429814509193415534330939353
1780632000000,2026-06-05 12:00,1445.22282011,11445.22282011,406.49182861,3.429814509193415534330939353
1780646400000,2026-06-05 16:00,1445.22282011,11445.22282011,406.49182861,3.429814509193415534330939353
1780660800000,2026-06-05 20:00,1445.22282011,11445.22282011,406.49182861,3.429814509193415534330939353
1780675200000,2026-06-06 00:00,1445.22282011,11445.22282011,406.49182861,3.429814509193415534330939353
1780689600000,2026-06-06 04:00,1445.22282011,11445.22282011,406.49182861,3.429814509193415534330939353
1780704000000,2026-06-06 08:00,1445.22282011,11445.22282011,406.49182861,3.429814509193415534330939353
1780718400000,2026-06-06 12:00,1445.22282011,11445.22282011,406.49182861,3.429814509193415534330939353
1780732800000,2026-06-06 16:00,1445.22282011,11445.22282011,406.49182861,3.429814509193415534330939353
1780747200000,2026-06-06 20:00,1445.22282011,11445.22282011,406.49182861,3.429814509193415534330939353
1780761600000,2026-06-07 00:00,1445.22282011,11445.22282011,406.49182861,3.429814509193415534330939353
1780776000000,2026-06-07 04:00,1445.22282011,11445.22282011,406.49182861,3.429814509193415534330939353
1780790400000,2026-06-07 08:00,1445.22282011,11445.22282011,406.49182861,3.429814509193415534330939353
1780804800000,2026-06-07 12:00,1445.22282011,11445.22282011,406.49182861,3.429814509193415534330939353
1780819200000,2026-06-07 16:00,1445.22282011,11445.22282011,406.49182861,3.429814509193415534330939353
1780833600000,2026-06-07 20:00,1445.22282011,11445.22282011,406.49182861,3.429814509193415534330939353
1780848000000,2026-06-08 00:00,1445.22282011,11445.22282011,406.49182861,3.429814509193415534330939353
1780862400000,2026-06-08 04:00,1445.22282011,11445.22282011,406.49182861,3.429814509193415534330939353
1780876800000,2026-06-08 08:00,1445.22282011,11445.22282011,406.49182861,3.429814509193415534330939353
1780891200000,2026-06-08 12:00,1445.22282011,11445.22282011,406.49182861,3.429814509193415534330939353
1780905600000,2026-06-08 16:00,1445.22282011,11445.22282011,406.49182861,3.429814509193415534330939353
1780920000000,2026-06-08 20:00,1445.22282011,11445.22282011,406.49182861,3.429814509193415534330939353
1780934400000,2026-06-09 00:00,1445.22282011,11445.22282011,406.49182861,3.429814509193415534330939353
1780948800000,2026-06-09 04:00,1445.22282011,11445.22282011,406.49182861,3.429814509193415534330939353
1780963200000,2026-06-09 08:00,1445.22282011,11445.22282011,406.49182861,3.429814509193415534330939353
1780977600000,2026-06-09 12:00,1445.22282011,11445.22282011,406.49182861,3.429814509193415534330939353
1780992000000,2026-06-09 16:00,1445.22282011,11445.22282011,406.49182861,3.429814509193415534330939353
1781006400000,2026-06-09 20:00,1445.22282011,11445.22282011,406.49182861,3.429814509193415534330939353
1781020800000,2026-06-10 00:00,1445.22282011,11445.22282011,406.49182861,3.429814509193415534330939353
1781035200000,2026-06-10 04:00,1445.22282011,11445.22282011,406.49182861,3.429814509193415534330939353
1781049600000,2026-06-10 08:00,1445.22282011,11445.22282011,406.49182861,3.429814509193415534330939353
1781064000000,2026-06-10 12:00,1445.22282011,11445.22282011,406.49182861,3.429814509193415534330939353
1781078400000,2026-06-10 16:00,1445.22282011,11445.22282011,406.49182861,3.429814509193415534330939353
1781092800000,2026-06-10 20:00,1445.22282011,11445.22282011,406.49182861,3.429814509193415534330939353
1781107200000,2026-06-11 00:00,1445.22282011,11445.22282011,406.49182861,3.429814509193415534330939353
1781121600000,2026-06-11 04:00,1445.22282011,11445.22282011,406.49182861,3.429814509193415534330939353
1781136000000,2026-06-11 08:00,1445.22282011,11445.22282011,406.49182861,3.429814509193415534330939353
1781150400000,2026-06-11 12:00,1445.22282011,11445.22282011,406.49182861,3.429814509193415534330939353
1781164800000,2026-06-11 16:00,1445.22282011,11445.22282011,406.49182861,3.429814509193415534330939353
1781179200000,2026-06-11 20:00,1445.22282011,11445.22282011,406.49182861,3.429814509193415534330939353
1781193600000,2026-06-12 00:00,1445.22282011,11445.22282011,406.49182861,3.429814509193415534330939353
1781208000000,2026-06-12 04:00,1445.22282011,11445.22282011,406.49182861,3.429814509193415534330939353
1781222400000,2026-06-12 08:00,1445.22282011,11445.22282011,406.49182861,3.429814509193415534330939353
1781236800000,2026-06-12 12:00,1445.22282011,11445.22282011,406.49182861,3.429814509193415534330939353
1781251200000,2026-06-12 16:00,1445.22282011,11445.22282011,406.49182861,3.429814509193415534330939353
1781265600000,2026-06-12 20:00,1445.22282011,11445.22282011,406.49182861,3.429814509193415534330939353
1781280000000,2026-06-13 00:00,1445.22282011,11445.22282011,406.49182861,3.429814509193415534330939353
1781294400000,2026-06-13 04:00,1445.22282011,11445.22282011,406.49182861,3.429814509193415534330939353
1781308800000,2026-06-13 08:00,1445.22282011,11445.22282011,406.49182861,3.429814509193415534330939353
1781323200000,2026-06-13 12:00,1445.22282011,11445.22282011,406.49182861,3.429814509193415534330939353
1781337600000,2026-06-13 16:00,1445.22282011,11445.22282011,406.49182861,3.429814509193415534330939353
1781352000000,2026-06-13 20:00,1445.22282011,11445.22282011,406.49182861,3.429814509193415534330939353
1781366400000,2026-06-14 00:00,1445.22282011,11445.22282011,406.49182861,3.429814509193415534330939353
1781380800000,2026-06-14 04:00,1445.22282011,11445.22282011,406.49182861,3.429814509193415534330939353
1781395200000,2026-06-14 08:00,1445.22282011,11445.22282011,406.49182861,3.429814509193415534330939353
1781409600000,2026-06-14 12:00,1445.22282011,11445.22282011,406.49182861,3.429814509193415534330939353
1781424000000,2026-06-14 16:00,1445.22282011,11445.22282011,406.49182861,3.429814509193415534330939353
1781438400000,2026-06-14 20:00,1445.22282011,11445.22282011,406.49182861,3.429814509193415534330939353
1781452800000,2026-06-15 00:00,1445.22282011,11445.22282011,406.49182861,3.429814509193415534330939353
1781467200000,2026-06-15 04:00,1445.22282011,11445.22282011,406.49182861,3.429814509193415534330939353
1781481600000,2026-06-15 08:00,1445.22282011,11445.22282011,406.49182861,3.429814509193415534330939353
1781496000000,2026-06-15 12:00,1445.22282011,11445.22282011,406.49182861,3.429814509193415534330939353
1781510400000,2026-06-15 16:00,1445.22282011,11445.22282011,406.49182861,3.429814509193415534330939353
1781524800000,2026-06-15 20:00,1445.22282011,11445.22282011,406.49182861,3.429814509193415534330939353
1781539200000,2026-06-16 00:00,1445.22282011,11445.22282011,406.49182861,3.429814509193415534330939353
1781553600000,2026-06-16 04:00,1445.22282011,11445.22282011,406.49182861,3.429814509193415534330939353
1781568000000,2026-06-16 08:00,1445.22282011,11445.22282011,406.49182861,3.429814509193415534330939353
1781582400000,2026-06-16 12:00,1445.22282011,11445.22282011,406.49182861,3.429814509193415534330939353
1781596800000,2026-06-16 16:00,1445.22282011,11445.22282011,406.49182861,3.429814509193415534330939353
1781611200000,2026-06-16 20:00,1445.22282011,11445.22282011,406.49182861,3.429814509193415534330939353
1781625600000,2026-06-17 00:00,1445.22282011,11445.22282011,406.49182861,3.429814509193415534330939353
1781640000000,2026-06-17 04:00,1445.22282011,11445.22282011,406.49182861,3.429814509193415534330939353
1781654400000,2026-06-17 08:00,1445.22282011,11445.22282011,406.49182861,3.429814509193415534330939353
1781668800000,2026-06-17 12:00,1445.22282011,11445.22282011,406.49182861,3.429814509193415534330939353
1781683200000,2026-06-17 16:00,1445.22282011,11445.22282011,406.49182861,3.429814509193415534330939353
1781697600000,2026-06-17 20:00,1445.22282011,11445.22282011,406.49182861,3.429814509193415534330939353
1781712000000,2026-06-18 00:00,1445.22282011,11445.22282011,406.49182861,3.429814509193415534330939353
1781726400000,2026-06-18 04:00,1445.22282011,11445.22282011,406.49182861,3.429814509193415534330939353
1781740800000,2026-06-18 08:00,1445.22282011,11445.22282011,406.49182861,3.429814509193415534330939353
1781755200000,2026-06-18 12:00,1445.22282011,11445.22282011,406.49182861,3.429814509193415534330939353
1781769600000,2026-06-18 16:00,1445.22282011,11445.22282011,406.49182861,3.429814509193415534330939353
1781784000000,2026-06-18 20:00,1445.22282011,11445.22282011,406.49182861,3.429814509193415534330939353
1781798400000,2026-06-19 00:00,1445.22282011,11445.22282011,406.49182861,3.429814509193415534330939353
1781812800000,2026-06-19 04:00,1445.22282011,11445.22282011,406.49182861,3.429814509193415534330939353
1781827200000,2026-06-19 08:00,1445.22282011,11445.22282011,406.49182861,3.429814509193415534330939353
1781841600000,2026-06-19 12:00,1445.22282011,11445.22282011,406.49182861,3.429814509193415534330939353
1781856000000,2026-06-19 16:00,1445.22282011,11445.22282011,406.49182861,3.429814509193415534330939353
1781870400000,2026-06-19 20:00,1445.22282011,11445.22282011,406.49182861,3.429814509193415534330939353
1781884800000,2026-06-20 00:00,1445.22282011,11445.22282011,406.49182861,3.429814509193415534330939353
1781899200000,2026-06-20 04:00,1445.22282011,11445.22282011,406.49182861,3.429814509193415534330939353
1781913600000,2026-06-20 08:00,1445.22282011,11445.22282011,406.49182861,3.429814509193415534330939353
1781928000000,2026-06-20 12:00,1445.22282011,11445.22282011,406.49182861,3.429814509193415534330939353
1781942400000,2026-06-20 16:00,1445.22282011,11445.22282011,406.49182861,3.429814509193415534330939353
1781956800000,2026-06-20 20:00,1445.22282011,11445.22282011,406.49182861,3.429814509193415534330939353
1781971200000,2026-06-21 00:00,1445.22282011,11445.22282011,406.49182861,3.429814509193415534330939353
1781985600000,2026-06-21 04:00,1445.22282011,11445.22282011,406.49182861,3.429814509193415534330939353
1782000000000,2026-06-21 08:00,1445.22282011,11445.22282011,406.49182861,3.429814509193415534330939353
1782014400000,2026-06-21 12:00,1351.69008215,11351.69008215,500.02456657,4.219006121818865073327440202
1782028800000,2026-06-21 16:00,1351.69008215,11351.69008215,500.02456657,4.219006121818865073327440202
1782043200000,2026-06-21 20:00,1351.69008215,11351.69008215,500.02456657,4.219006121818865073327440202
1782057600000,2026-06-22 00:00,1351.69008215,11351.69008215,500.02456657,4.219006121818865073327440202
1782072000000,2026-06-22 04:00,1351.69008215,11351.69008215,500.02456657,4.219006121818865073327440202
1782086400000,2026-06-22 08:00,1351.69008215,11351.69008215,500.02456657,4.219006121818865073327440202
1782100800000,2026-06-22 12:00,1351.69008215,11351.69008215,500.02456657,4.219006121818865073327440202
1782115200000,2026-06-22 16:00,1351.69008215,11351.69008215,500.02456657,4.219006121818865073327440202
1782129600000,2026-06-22 20:00,1351.69008215,11351.69008215,500.02456657,4.219006121818865073327440202
1782144000000,2026-06-23 00:00,1351.69008215,11351.69008215,500.02456657,4.219006121818865073327440202
1782158400000,2026-06-23 04:00,1351.69008215,11351.69008215,500.02456657,4.219006121818865073327440202
1782172800000,2026-06-23 08:00,1351.69008215,11351.69008215,500.02456657,4.219006121818865073327440202
1782187200000,2026-06-23 12:00,1351.69008215,11351.69008215,500.02456657,4.219006121818865073327440202
1782201600000,2026-06-23 16:00,1351.69008215,11351.69008215,500.02456657,4.219006121818865073327440202
1782216000000,2026-06-23 20:00,1351.69008215,11351.69008215,500.02456657,4.219006121818865073327440202
1782230400000,2026-06-24 00:00,1351.69008215,11351.69008215,500.02456657,4.219006121818865073327440202
1782244800000,2026-06-24 04:00,1351.69008215,11351.69008215,500.02456657,4.219006121818865073327440202
1782259200000,2026-06-24 08:00,1351.69008215,11351.69008215,500.02456657,4.219006121818865073327440202
1782273600000,2026-06-24 12:00,1351.69008215,11351.69008215,500.02456657,4.219006121818865073327440202
1782288000000,2026-06-24 16:00,1351.69008215,11351.69008215,500.02456657,4.219006121818865073327440202
1782302400000,2026-06-24 20:00,1351.69008215,11351.69008215,500.02456657,4.219006121818865073327440202
1782316800000,2026-06-25 00:00,1351.69008215,11351.69008215,500.02456657,4.219006121818865073327440202
1782331200000,2026-06-25 04:00,1351.69008215,11351.69008215,500.02456657,4.219006121818865073327440202
1782345600000,2026-06-25 08:00,1351.69008215,11351.69008215,500.02456657,4.219006121818865073327440202
1782360000000,2026-06-25 12:00,1351.69008215,11351.69008215,500.02456657,4.219006121818865073327440202
1782374400000,2026-06-25 16:00,1351.69008215,11351.69008215,500.02456657,4.219006121818865073327440202
1782388800000,2026-06-25 20:00,1351.69008215,11351.69008215,500.02456657,4.219006121818865073327440202
1782403200000,2026-06-26 00:00,1351.69008215,11351.69008215,500.02456657,4.219006121818865073327440202
1782417600000,2026-06-26 04:00,1351.69008215,11351.69008215,500.02456657,4.219006121818865073327440202
1782432000000,2026-06-26 08:00,1351.69008215,11351.69008215,500.02456657,4.219006121818865073327440202
1782446400000,2026-06-26 12:00,1351.69008215,11351.69008215,500.02456657,4.219006121818865073327440202
1782460800000,2026-06-26 16:00,1351.69008215,11351.69008215,500.02456657,4.219006121818865073327440202
1782475200000,2026-06-26 20:00,1351.69008215,11351.69008215,500.02456657,4.219006121818865073327440202
1782489600000,2026-06-27 00:00,1351.69008215,11351.69008215,500.02456657,4.219006121818865073327440202
1782504000000,2026-06-27 04:00,1351.69008215,11351.69008215,500.02456657,4.219006121818865073327440202
1782518400000,2026-06-27 08:00,1351.69008215,11351.69008215,500.02456657,4.219006121818865073327440202
1782532800000,2026-06-27 12:00,1351.69008215,11351.69008215,500.02456657,4.219006121818865073327440202
1782547200000,2026-06-27 16:00,1351.69008215,11351.69008215,500.02456657,4.219006121818865073327440202
1782561600000,2026-06-27 20:00,1351.69008215,11351.69008215,500.02456657,4.219006121818865073327440202
1782576000000,2026-06-28 00:00,1351.69008215,11351.69008215,500.02456657,4.219006121818865073327440202
1782590400000,2026-06-28 04:00,1351.69008215,11351.69008215,500.02456657,4.219006121818865073327440202
1782604800000,2026-06-28 08:00,1351.69008215,11351.69008215,500.02456657,4.219006121818865073327440202
1782619200000,2026-06-28 12:00,1351.69008215,11351.69008215,500.02456657,4.219006121818865073327440202
1782633600000,2026-06-28 16:00,1351.69008215,11351.69008215,500.02456657,4.219006121818865073327440202
1782648000000,2026-06-28 20:00,1351.69008215,11351.69008215,500.02456657,4.219006121818865073327440202
1782662400000,2026-06-29 00:00,1351.69008215,11351.69008215,500.02456657,4.219006121818865073327440202
1782676800000,2026-06-29 04:00,1351.69008215,11351.69008215,500.02456657,4.219006121818865073327440202
1782691200000,2026-06-29 08:00,1351.69008215,11351.69008215,500.02456657,4.219006121818865073327440202
1782705600000,2026-06-29 12:00,1351.69008215,11351.69008215,500.02456657,4.219006121818865073327440202
1782720000000,2026-06-29 16:00,1351.69008215,11351.69008215,500.02456657,4.219006121818865073327440202
1782734400000,2026-06-29 20:00,1351.69008215,11351.69008215,500.02456657,4.219006121818865073327440202
1782748800000,2026-06-30 00:00,1351.69008215,11351.69008215,500.02456657,4.219006121818865073327440202
1782763200000,2026-06-30 04:00,1351.69008215,11351.69008215,500.02456657,4.219006121818865073327440202
1782777600000,2026-06-30 08:00,1351.69008215,11351.69008215,500.02456657,4.219006121818865073327440202
1782792000000,2026-06-30 12:00,1351.69008215,11351.69008215,500.02456657,4.219006121818865073327440202
1782806400000,2026-06-30 16:00,1351.69008215,11351.69008215,500.02456657,4.219006121818865073327440202
1782820800000,2026-06-30 20:00,1351.69008215,11351.69008215,500.02456657,4.219006121818865073327440202
1782835200000,2026-07-01 00:00,1351.69008215,11351.69008215,500.02456657,4.219006121818865073327440202
1782849600000,2026-07-01 04:00,1351.69008215,11351.69008215,500.02456657,4.219006121818865073327440202
1782864000000,2026-07-01 08:00,1351.69008215,11351.69008215,500.02456657,4.219006121818865073327440202
1782878400000,2026-07-01 12:00,1351.69008215,11351.69008215,500.02456657,4.219006121818865073327440202
1782892800000,2026-07-01 16:00,1351.69008215,11351.69008215,500.02456657,4.219006121818865073327440202
1782907200000,2026-07-01 20:00,1351.69008215,11351.69008215,500.02456657,4.219006121818865073327440202
1782921600000,2026-07-02 00:00,1351.69008215,11351.69008215,500.02456657,4.219006121818865073327440202
1782936000000,2026-07-02 04:00,1351.69008215,11351.69008215,500.02456657,4.219006121818865073327440202
1782950400000,2026-07-02 08:00,1351.69008215,11351.69008215,500.02456657,4.219006121818865073327440202
1782964800000,2026-07-02 12:00,1351.69008215,11351.69008215,500.02456657,4.219006121818865073327440202
