condition_group,condition_value,side,sample_count,conclusion_level,next_day_bull_rate,next_day_bear_rate,hit_stop_first_rate,hit_1R_first_rate,hit_2R_first_rate,hit_1R_rate,hit_2R_rate,stop_rate,avg_final_close_R,median_final_close_R,gross_expectancy_R,net_expectancy_R,net_median_R,positive_net_rate,avg_mfe_R,avg_mae_R,avg_risk_pct,ambiguous_bar_rate
phase2_core_setup,downtrend__kept_bear__true_weak_bear__high_area__no_breakout,long,1,observe_only,1.0,0.0,0.0,0.0,1.0,1.0,1.0,0.0,23.93597560975393,23.93597560975393,23.93597560975393,23.885975609753928,23.885975609753928,1.0,37.92682926828932,0.5426829268293089,0.0005719985769792006,0.0
phase2_core_setup,sideways__kept_bear__long_upper_bear__low_area__failed_up_breakout,long,1,observe_only,1.0,0.0,0.0,0.0,1.0,1.0,1.0,0.0,17.077519379845455,17.077519379845455,17.077519379845455,17.027519379845454,17.027519379845454,1.0,21.04651162790757,0.5116279069767868,0.001835906923788463,0.0
phase2_core_setup,sideways__kept_bull__true_weak_bear__middle_area__no_breakout,long,11,observe_only,0.36363636363636365,0.6363636363636364,0.8,0.0,0.2,1.0,1.0,0.9,30.756244486225064,-2.2307102708226862,10.185106382981298,10.135106382981299,-1.05,0.09090909090909091,80.6507184998498,51.35587277788716,0.0007401424731257214,0.8181818181818182
phase2_simple_setup,bear__long_upper_bear__high_area__huge_volume,long,2,observe_only,0.5,0.5,0.5,0.0,0.5,1.0,1.0,0.5,9.085678068516563,9.085678068516563,9.022836538461906,8.972836538461905,8.972836538461905,0.5,16.95312281070518,6.247456038951774,0.001485408130260298,0.5
phase2_core_setup,uptrend__changed_bear_to_bull__long_lower_bull__middle_area__no_breakout,long,1,observe_only,1.0,0.0,0.0,0.0,1.0,1.0,1.0,0.0,8.576592082616443,8.576592082616443,8.576592082616443,8.526592082616443,8.526592082616443,1.0,13.005163511187972,0.8760757314974026,0.0021153349037540295,0.0
phase2_core_setup,uptrend__kept_bear__normal_bull__high_area__no_breakout,long,2,observe_only,0.5,0.5,0.5,0.5,0.0,0.5,0.5,0.5,7.978579149154661,7.978579149154661,7.578211189913224,7.528211189913224,7.528211189913224,0.5,11.635736410299506,0.6472027670213776,0.00602516600738248,0.0
phase2_core_setup,sideways__kept_bear__long_upper_bear__middle_area__no_breakout,long,25,observe_only,0.64,0.36,0.7083333333333334,0.041666666666666664,0.25,1.0,0.9583333333333334,0.875,16.625183101956257,2.6508258258260318,7.5227764848926855,7.472776484892685,-1.05,0.12,45.86212597222188,25.19104700536944,0.0013831904444824832,0.8
phase2_core_setup,downtrend__kept_bull__true_strong_bull__middle_area__no_breakout,long,4,observe_only,0.75,0.25,0.0,0.75,0.25,1.0,1.0,0.25,4.764081422469597,5.045684921203835,6.19485412240944,6.1448541224094395,4.995684921203834,0.75,8.878860388262572,2.355266732776713,0.007470368479278303,0.0
phase2_core_setup,uptrend__kept_bear__normal_bear__low_area__confirmed_down_breakout,long,5,observe_only,0.6,0.4,0.6,0.2,0.2,1.0,1.0,0.8,-49.926372776634665,4.906550218340605,6.150303030303077,6.100303030303078,-1.05,0.2,42.07377271732709,80.83196039469019,0.001910933810499135,0.4
phase2_core_setup,sideways__kept_bull__long_upper_bear__high_area__no_breakout,long,33,conclusion_ok,0.48484848484848486,0.5151515151515151,0.8484848484848485,0.030303030303030304,0.12121212121212122,0.9393939393939394,0.8787878787878788,0.9696969696969697,24.25110446461287,-0.3485401459853795,5.793388429761013,5.743388429761011,-1.05,0.030303030303030304,45.3286291345365,16.853611282577045,0.0012979179088408522,0.8484848484848485
phase2_core_setup,downtrend__kept_bull__long_upper_bear__high_area__failed_up_breakout,long,3,observe_only,1.0,0.0,0.6666666666666666,0.0,0.3333333333333333,1.0,1.0,0.6666666666666666,33.61023482713116,19.045673076923812,5.681891025641271,5.63189102564127,-1.05,0.3333333333333333,215.36667853124513,47.401856287755685,0.0011146556819615428,0.6666666666666666
phase2_core_setup,uptrend__kept_bull__true_weak_bear__high_area__no_breakout,long,15,observe_only,0.4666666666666667,0.5333333333333333,0.7857142857142857,0.0,0.21428571428571427,0.9285714285714286,0.9285714285714286,0.9285714285714286,0.6722425316321535,2.5277316735823825,4.159570234778948,4.10957023477895,-1.05,0.06666666666666667,34.789221229830765,47.721663918699896,0.0008347006692740391,0.8
phase2_simple_setup,bull__normal_bull__middle_area__high_volume,long,2,observe_only,0.5,0.5,0.0,0.5,0.5,1.0,0.5,0.5,-0.6581546685673985,-0.6581546685673985,3.9138453314326087,3.8638453314326084,3.8638453314326084,0.5,5.368984319315713,6.485199572344972,0.008010560513430035,0.0
phase2_core_setup,uptrend__kept_bull__long_lower_bull__middle_area__no_breakout,long,15,observe_only,0.3333333333333333,0.6666666666666666,0.4,0.4,0.2,0.8,0.4666666666666667,0.7333333333333333,3.219078083039876,-0.643702906350897,3.8342351331640097,3.7842351331640116,-1.05,0.26666666666666666,7.805948559466978,2.7332793484931748,0.004666493234461096,0.2
phase2_core_setup,uptrend__kept_bull__long_upper_bear__middle_area__no_breakout,long,19,observe_only,0.5263157894736842,0.47368421052631576,0.631578947368421,0.0,0.3684210526315789,0.9473684210526315,0.7894736842105263,0.8947368421052632,-2.3409533429515514,2.3863049095607787,3.7877483682405426,3.7377483682405424,-1.05,0.10526315789473684,21.494880175356048,21.721607819613133,0.001956882347043267,0.7368421052631579
phase2_core_setup,uptrend__kept_bull__true_weak_bear__low_area__no_breakout,long,2,observe_only,0.5,0.5,0.5,0.0,0.5,1.0,1.0,0.5,-1.9373319854095352,-1.9373319854095352,3.3655959425191866,3.3155959425191868,3.3155959425191868,0.5,27.999095672175585,18.455354763049463,0.001624680486573151,0.5
phase2_core_setup,sideways__kept_bear__long_upper_bull__high_area__no_breakout,long,8,observe_only,0.5,0.5,0.25,0.5,0.25,1.0,0.875,0.75,3.125042699877369,1.3670125941916709,3.326218932799521,3.276218932799521,-1.05,0.25,8.882000070758975,4.943760763211941,0.00277984710856018,0.5
phase2_core_setup,downtrend__kept_bear__true_weak_bear__middle_area__no_breakout,long,7,observe_only,0.5714285714285714,0.42857142857142855,0.7142857142857143,0.0,0.2857142857142857,1.0,1.0,0.8571428571428571,13.836169745990876,13.28801431127156,3.317261904761893,3.267261904761893,-1.05,0.14285714285714285,47.164842530697065,17.84320590963588,0.0009732730613890972,0.8571428571428571
phase2_core_setup,uptrend__kept_bear__normal_bear__low_area__no_breakout,long,20,observe_only,0.6,0.4,0.75,0.0,0.25,1.0,0.95,0.95,21.234854366992955,5.834407459083345,3.274704142011462,3.2247041420114626,-1.05,0.05,31.69494297102036,12.302206971972224,0.001817586202048763,0.85
phase2_core_setup,sideways__kept_bull__long_lower_bull__low_area__no_breakout,long,3,observe_only,1.0,0.0,0.3333333333333333,0.3333333333333333,0.3333333333333333,1.0,0.6666666666666666,0.6666666666666666,4.894865128017115,2.0390243902439114,3.1460134486071336,3.096013448607133,-1.05,0.3333333333333333,5.725522325831008,3.005648181920307,0.0035936966772621946,0.3333333333333333
phase2_core_setup,downtrend__kept_bull__normal_bear__high_area__no_breakout,long,12,observe_only,0.4166666666666667,0.5833333333333334,0.5833333333333334,0.08333333333333333,0.3333333333333333,1.0,0.9166666666666666,0.9166666666666666,-7.156338572454749,-14.536527718091012,3.1157718120801428,3.065771812080144,-1.05,0.08333333333333333,11.519670014942086,21.516581176500072,0.0016317245007749922,0.9166666666666666
phase2_simple_setup,bear__long_upper_bear__high_area__shrinking_volume,long,68,conclusion_ok,0.39705882352941174,0.6029411764705882,0.8676470588235294,0.029411764705882353,0.10294117647058823,0.9117647058823529,0.8676470588235294,0.9558823529411765,10.113252210090835,-3.6833333333334215,3.015755336189058,2.9657553361890567,-1.05,0.04411764705882353,38.47882187510814,32.1278032295366,0.0011303003228820073,0.8529411764705882
phase2_core_setup,sideways__kept_bear__long_lower_bull__middle_area__no_breakout,long,20,observe_only,0.65,0.35,0.5,0.35,0.15,0.9,0.75,0.8,3.1687648831007276,1.1115732123468254,2.4637612499933375,2.413761249993338,-1.05,0.2,8.35864103951982,6.105921425989891,0.0034441849254675536,0.45
phase2_core_setup,downtrend__kept_bear__true_strong_bull__low_area__failed_down_breakout,long,1,observe_only,1.0,0.0,0.0,1.0,0.0,1.0,1.0,0.0,2.3825604838709893,2.3825604838709893,2.3825604838709893,2.3325604838709895,2.3325604838709895,1.0,3.683803763440888,0.22177419354838818,0.007207905444681228,0.0
phase2_simple_setup,bear__long_lower_bear__low_area__high_volume,long,14,observe_only,0.5714285714285714,0.42857142857142855,0.5,0.5,0.0,0.7857142857142857,0.7142857142857143,0.6428571428571429,1.187338505369402,1.6132077930915547,2.375792286321142,2.3257922863211418,-1.05,0.35714285714285715,5.664227097441694,5.012194981848315,0.006007232330792628,0.2857142857142857
phase2_core_setup,sideways__kept_bear__true_weak_bear__middle_area__no_breakout,long,13,observe_only,0.6153846153846154,0.38461538461538464,0.75,0.0,0.25,1.0,0.9166666666666666,0.9166666666666666,10.141417923940807,5.4810164903661445,2.3291032148898942,2.2791032148898944,-1.05,0.07692307692307693,29.491692966752897,21.697982702431148,0.0013923162030611378,0.8461538461538461
phase2_core_setup,downtrend__kept_bull__long_lower_bull__high_area__no_breakout,long,17,observe_only,0.7058823529411765,0.29411764705882354,0.47058823529411764,0.17647058823529413,0.35294117647058826,1.0,0.9411764705882353,0.8823529411764706,7.095498473639972,2.4957941613063093,2.3151702238981535,2.265170223898154,-1.05,0.11764705882352941,12.341380007647286,4.099031575428263,0.003965260432522263,0.7058823529411765
phase2_simple_setup,bear__true_weak_bear__high_area__shrinking_volume,long,39,conclusion_ok,0.5128205128205128,0.48717948717948717,0.7894736842105263,0.0,0.21052631578947367,0.9736842105263158,0.9473684210526315,0.9210526315789473,304.6115947822728,0.7580657069029422,2.2989186106118824,2.2489186106118835,-1.05,0.07692307692307693,372.00711393732627,74.05639847409152,0.0009695072991298871,0.8717948717948718
phase2_core_setup,sideways__kept_bear__normal_bull__middle_area__no_breakout,long,10,observe_only,0.7,0.3,0.5,0.3,0.2,0.9,0.8,0.7,2.179736005705126,3.0745206170703723,2.2135244201040645,2.163524420104064,-1.05,0.3,7.886671673509793,5.10489207727248,0.004657815736907891,0.4
phase2_core_setup,sideways__kept_bear__true_weak_bear__low_area__confirmed_down_breakout,long,11,observe_only,0.6363636363636364,0.36363636363636365,0.9090909090909091,0.0,0.09090909090909091,1.0,0.9090909090909091,0.9090909090909091,-17.177149209518277,0.1,2.2017543859645032,2.1517543859645034,-1.05,0.09090909090909091,32.68343709014992,77.97634526846055,0.004286897343805364,0.8181818181818182
phase2_simple_setup,bear__normal_bear__low_area__normal_volume,long,24,observe_only,0.5833333333333334,0.4166666666666667,0.6666666666666666,0.0,0.3333333333333333,0.9583333333333334,0.875,0.875,1.904455708843627,4.468299179787278,2.141195251848207,2.0911952518482066,-1.05,0.125,13.864642373744102,12.063805156245278,0.002606040638443209,0.7083333333333334
phase2_core_setup,sideways__kept_bear__long_lower_bull__high_area__no_breakout,long,2,observe_only,0.5,0.5,0.5,0.5,0.0,0.5,0.5,0.5,1.015939900681366,1.015939900681366,2.137063119457533,2.0870631194575333,2.0870631194575333,0.5,4.162574044121963,2.458679696070884,0.002652317379693015,0.0
phase2_simple_setup,bear__true_weak_bear__middle_area__normal_volume,long,10,observe_only,0.6,0.4,0.9,0.0,0.1,1.0,1.0,0.9,-3.0232439911475195,5.247307648821729,2.0220833333333252,1.972083333333325,-1.05,0.1,27.645226512452563,34.349244239282044,0.0013742773724018135,0.9
phase2_core_setup,sideways__changed_bear_to_bull__normal_bull__high_area__no_breakout,long,3,observe_only,0.6666666666666666,0.3333333333333333,0.0,0.6666666666666666,0.3333333333333333,1.0,0.3333333333333333,0.3333333333333333,0.11940681475418764,0.12562617407639337,1.9223695022464309,1.872369502246431,0.07562617407639337,0.6666666666666666,4.004208177461449,2.6473953256776084,0.012903576641664846,0.0
phase2_simple_setup,bear__true_weak_bear__middle_area__shrinking_volume,long,61,conclusion_ok,0.5901639344262295,0.4098360655737705,0.8135593220338984,0.0,0.1864406779661017,1.0,0.9830508474576272,0.9491525423728814,187.0195028441641,4.891823899371087,1.9090584533890702,1.8590584533890708,-1.05,0.04918032786885246,478.2152438467683,56.06403858247683,0.0009529148172973459,0.9180327868852459
phase2_core_setup,downtrend__kept_bear__true_weak_bear__low_area__confirmed_down_breakout,long,19,observe_only,0.5263157894736842,0.47368421052631576,0.8947368421052632,0.0,0.10526315789473684,0.8947368421052632,0.8421052631578947,0.8947368421052632,2.080294140145031,2.8255389718076303,1.8250020569924021,1.7750020569924028,-1.05,0.10526315789473684,18.06164658241278,21.20444006750255,0.005523427852034152,0.7368421052631579
phase2_core_setup,uptrend__kept_bear__normal_bull__middle_area__no_breakout,long,13,observe_only,0.5384615384615384,0.46153846153846156,0.3076923076923077,0.6923076923076923,0.0,0.9230769230769231,0.6153846153846154,0.6923076923076923,0.7890951608944083,0.0622146118721334,1.8095871099294587,1.7595871099294589,-1.05,0.3076923076923077,6.914315371307134,5.4911497013762585,0.00463686128420652,0.3076923076923077
phase2_core_setup,uptrend__kept_bear__long_lower_bear__low_area__failed_down_breakout,long,9,observe_only,0.7777777777777778,0.2222222222222222,0.4444444444444444,0.5555555555555556,0.0,0.8888888888888888,0.7777777777777778,0.5555555555555556,2.2284172775034254,2.323058325778162,1.8061272651692732,1.7561272651692732,-1.05,0.4444444444444444,5.64126882390692,3.0081971742428895,0.008011025477296445,0.0
phase2_core_setup,sideways__kept_bear__long_lower_bear__middle_area__no_breakout,long,19,observe_only,0.631578947368421,0.3684210526315789,0.5789473684210527,0.2631578947368421,0.15789473684210525,0.8947368421052632,0.8421052631578947,0.8947368421052632,4.188373278622439,1.8905003625816081,1.7764793643389758,1.7264793643389762,-1.05,0.10526315789473684,10.68689886798662,6.45607014736744,0.0036832469598045477,0.631578947368421
phase2_core_setup,downtrend__kept_bear__long_upper_bull__middle_area__failed_down_breakout,long,1,observe_only,1.0,0.0,0.0,1.0,0.0,1.0,1.0,0.0,1.762211981566827,1.762211981566827,1.762211981566827,1.7122119815668269,1.7122119815668269,1.0,3.2755760368663727,0.017511520737307072,0.0056895349264031135,0.0
phase2_core_setup,uptrend__kept_bull__long_upper_bull__high_area__failed_up_breakout,long,8,observe_only,0.625,0.375,0.5,0.25,0.25,0.875,0.75,0.75,1.5664065969402148,1.6686256054469533,1.7421109690978436,1.6921109690978435,-1.05,0.25,7.498814565366921,7.408559009145145,0.0051624102043099,0.375
phase2_simple_setup,bear__long_lower_bear__middle_area__huge_volume,long,5,observe_only,0.6,0.4,0.6,0.4,0.0,0.6,0.4,0.6,2.113132133608004,1.3743823044944856,1.6642881138892505,1.6142881138892502,-1.05,0.4,3.6557783492967717,1.9321104429100129,0.008255937188207205,0.0
phase2_simple_setup,bull__long_lower_bull__middle_area__high_volume,long,3,observe_only,0.6666666666666666,0.3333333333333333,0.6666666666666666,0.0,0.3333333333333333,0.6666666666666666,0.6666666666666666,0.6666666666666666,4.855929356803131,6.950844854070816,1.6502816180236053,1.6002816180236055,-1.05,0.3333333333333333,6.570450396858384,1.8260728137682698,0.012480107620781207,0.0
phase2_simple_setup,bear__long_upper_bear__middle_area__shrinking_volume,long,119,conclusion_ok,0.5210084033613446,0.4789915966386555,0.8103448275862069,0.017241379310344827,0.1724137931034483,0.9913793103448276,0.9224137931034483,0.9568965517241379,-154.11547430559895,0.6642213613559707,1.641997271884629,1.5919972718846283,-1.05,0.04201680672268908,106.16044808520287,284.1393628513933,0.0011978264223678218,0.8991596638655462
phase2_core_setup,sideways__kept_bear__long_lower_bear__middle_area__failed_down_breakout,long,1,observe_only,1.0,0.0,0.0,1.0,0.0,1.0,1.0,0.0,1.6213921901527948,1.6213921901527948,1.6213921901527948,1.5713921901527947,1.5713921901527947,1.0,3.173174872665526,0.382003395585737,0.005930465543223284,0.0
phase2_core_setup,downtrend__kept_bear__long_lower_bear__low_area__failed_down_breakout,long,11,observe_only,0.8181818181818182,0.18181818181818182,0.18181818181818182,0.7272727272727273,0.09090909090909091,0.9090909090909091,0.9090909090909091,0.5454545454545454,3.0059291407800903,3.515299877600957,1.5448820244448802,1.4948820244448802,-1.05,0.45454545454545453,5.970882201542108,2.2792538158283873,0.00809233203701535,0.2727272727272727
phase2_core_setup,uptrend__kept_bear__true_strong_bull__middle_area__no_breakout,long,15,observe_only,0.7333333333333333,0.26666666666666666,0.3333333333333333,0.5333333333333333,0.13333333333333333,1.0,0.8,0.6666666666666666,3.4206827031736395,2.7947324414716057,1.4527903311122652,1.4027903311122647,-1.05,0.3333333333333333,5.972150100905327,2.6375916638965378,0.006868232399803381,0.13333333333333333
phase2_simple_setup,bull__long_upper_bull__high_area__normal_volume,long,46,conclusion_ok,0.6304347826086957,0.3695652173913043,0.5869565217391305,0.21739130434782608,0.1956521739130435,0.9347826086956522,0.8260869565217391,0.8478260869565217,2.483684464858237,1.2697596005203544,1.4317362589893363,1.3817362589893367,-1.05,0.15217391304347827,9.431689152724728,6.382283024484425,0.004449250013302851,0.5217391304347826
phase2_simple_setup,bear__true_weak_bear__low_area__huge_volume,long,24,observe_only,0.5833333333333334,0.4166666666666667,0.75,0.08333333333333333,0.16666666666666666,0.9583333333333334,0.875,0.9166666666666666,-1.0991661997283468,0.37959940971005907,1.3117690058477658,1.261769005847766,-1.05,0.08333333333333333,25.20909871680549,33.64134800563183,0.005320944799019248,0.75
phase2_core_setup,downtrend__kept_bear__normal_bear__low_area__confirmed_down_breakout,long,10,observe_only,0.6,0.4,0.7,0.1,0.2,0.8,0.8,0.9,-10.334742281865175,1.013074856289641,1.2991780821917829,1.2491780821917824,-1.05,0.1,8.117131575959446,19.67282411391014,0.005713980745858915,0.5
phase2_core_setup,uptrend__kept_bull__long_upper_bull__middle_area__no_breakout,long,28,observe_only,0.5714285714285714,0.42857142857142855,0.6071428571428571,0.17857142857142858,0.21428571428571427,0.8928571428571429,0.8214285714285714,0.8928571428571429,3.469830431219362,1.4456543456543387,1.2991050886685283,1.2491050886685287,-1.05,0.10714285714285714,13.494552282131147,9.600674091955241,0.0025516494954039687,0.7142857142857143
phase2_simple_setup,bear__long_upper_bear__low_area__high_volume,long,8,observe_only,0.5,0.5,0.625,0.125,0.25,0.875,0.75,0.875,0.7211235149924216,4.075080313402988,1.259689922480682,1.2096899224806816,-1.05,0.125,12.652527053221062,12.814628800898468,0.0017154814193947744,0.5
phase2_core_setup,uptrend__kept_bull__long_upper_bear__middle_area__failed_up_breakout,long,2,observe_only,1.0,0.0,0.5,0.5,0.0,1.0,1.0,0.5,17.8885444747053,17.8885444747053,1.2416602017068281,1.1916602017068283,1.1916602017068283,0.5,42.77453020652158,1.8283938737502923,0.0014082672361640524,0.5
phase2_core_setup,uptrend__changed_bull_to_bear__true_weak_bear__middle_area__no_breakout,long,9,observe_only,0.6666666666666666,0.3333333333333333,0.8888888888888888,0.0,0.1111111111111111,1.0,1.0,0.8888888888888888,1142.5544766334203,8.693140794224846,1.2037940379403815,1.1537940379403813,-1.05,0.1111111111111111,2879.57288133507,203.64187297993254,0.0008242365612261261,0.8888888888888888
phase2_core_setup,sideways__changed_bear_to_bull__long_upper_bull__high_area__no_breakout,long,1,observe_only,1.0,0.0,0.0,0.0,1.0,1.0,1.0,0.0,1.1543141592920008,1.1543141592920008,1.1543141592920008,1.1043141592920007,1.1043141592920007,1.0,9.366980088495401,0.3716814159292217,0.005130562602512015,0.0
phase2_core_setup,uptrend__changed_bear_to_bull__true_strong_bull__high_area__confirmed_up_breakout,long,2,observe_only,1.0,0.0,0.5,0.5,0.0,1.0,1.0,0.5,2.165298511181603,2.165298511181603,1.1445260347129436,1.0945260347129437,1.0945260347129437,0.5,3.2463889968621604,0.9695612759022092,0.011478015883707043,0.0
phase2_core_setup,sideways__kept_bull__normal_bull__high_area__failed_up_breakout,long,3,observe_only,0.6666666666666666,0.3333333333333333,0.3333333333333333,0.3333333333333333,0.3333333333333333,1.0,0.6666666666666666,0.6666666666666666,1.7543247422027017,0.5941999999999971,1.1369032368263587,1.086903236826359,-1.05,0.3333333333333333,3.4855749693508282,2.4772325671733078,0.01356369809155541,0.0
phase2_simple_setup,bull__long_lower_bull__middle_area__shrinking_volume,long,94,conclusion_ok,0.5638297872340425,0.43617021276595747,0.4787234042553192,0.4148936170212766,0.10638297872340426,0.8829787234042553,0.6914893617021277,0.8085106382978723,1.9588747533183877,0.41761296982778645,1.1322310324083067,1.0822310324083075,-1.05,0.1702127659574468,5.993115019924116,4.394578131902828,0.004426899348235014,0.40425531914893614
prev_3_days_bullish,True,long,272,conclusion_ok,0.49264705882352944,0.5073529411764706,0.6433823529411765,0.20955882352941177,0.14338235294117646,0.8639705882352942,0.7205882352941176,0.8492647058823529,40.392501107374024,-0.1078870138162436,1.1211568384548949,1.0711568384548948,-1.05,0.14338235294117646,57.41196251922155,17.69614521880634,0.00472484100973347,0.5110294117647058
recent_3day_bias,three_bullish,long,272,conclusion_ok,0.49264705882352944,0.5073529411764706,0.6433823529411765,0.20955882352941177,0.14338235294117646,0.8639705882352942,0.7205882352941176,0.8492647058823529,40.392501107374024,-0.1078870138162436,1.1211568384548949,1.0711568384548948,-1.05,0.14338235294117646,57.41196251922155,17.69614521880634,0.00472484100973347,0.5110294117647058
phase2_simple_setup,bull__long_lower_bull__high_area__high_volume,long,6,observe_only,0.16666666666666666,0.8333333333333334,0.6666666666666666,0.3333333333333333,0.0,0.6666666666666666,0.5,0.8333333333333334,-3.1498342865799613,-2.980650371853198,1.066213921901479,1.016213921901479,-1.05,0.16666666666666666,7.457591303059022,9.479790848345878,0.0068550976116258005,0.16666666666666666
last_hour_wick_type,long_upper_bear,long,362,conclusion_ok,0.47513812154696133,0.5248618784530387,0.8095238095238095,0.03081232492997199,0.15966386554621848,0.9523809523809523,0.8935574229691877,0.9523809523809523,-102.23707635683456,-1.0937284631288675,1.0360196795151413,0.9860196795151409,-1.05,0.04696132596685083,72.13938561409074,168.33572655536494,0.0015203356007325362,0.856353591160221
phase2_simple_setup,bear__normal_bear__low_area__shrinking_volume,long,47,conclusion_ok,0.6382978723404256,0.3617021276595745,0.7446808510638298,0.06382978723404255,0.19148936170212766,1.0,0.9361702127659575,0.9361702127659575,-1.553316201948698,3.7232346241459875,1.0253191972511384,0.9753191972511391,-1.05,0.06382978723404255,26.18979883663938,27.721215387162278,0.0016895612365823642,0.8936170212765957
phase2_core_setup,sideways__kept_bull__long_lower_bear__low_area__no_breakout,long,3,observe_only,0.6666666666666666,0.3333333333333333,0.3333333333333333,0.6666666666666666,0.0,1.0,0.6666666666666666,0.6666666666666666,-3.5050376727074624,0.2017045454544241,1.010478061558554,0.9604780615585543,-1.05,0.3333333333333333,6.339707859538156,7.213539830067661,0.0018227461655220972,0.3333333333333333
phase2_core_setup,uptrend__kept_bull__long_lower_bear__high_area__failed_up_breakout,long,1,observe_only,1.0,0.0,0.0,1.0,0.0,1.0,1.0,0.0,0.9544646823633938,0.9544646823633938,0.9544646823633938,0.9044646823633937,0.9044646823633937,1.0,3.1774766770324505,0.7170146601510551,0.004131708060226364,0.0
breakout_type,confirmed_down_breakout,long,78,conclusion_ok,0.5256410256410257,0.47435897435897434,0.7435897435897436,0.08974358974358974,0.16666666666666666,0.8974358974358975,0.7948717948717948,0.9102564102564102,-9.169336903932384,0.20776255707762226,0.9408004661369835,0.8908004661369838,-1.05,0.08974358974358974,17.68586006126773,37.990778655972,0.004896129968112984,0.6410256410256411
phase2_core_setup,uptrend__kept_bull__long_upper_bear__high_area__failed_up_breakout,long,12,observe_only,0.4166666666666667,0.5833333333333334,0.6666666666666666,0.0,0.3333333333333333,0.9166666666666666,0.8333333333333334,0.8333333333333334,-1.944062586600424,-0.9840227015097773,0.89201628170055,0.8420162817005497,-1.05,0.16666666666666666,9.343198048757872,12.58398756570026,0.0033502307004176514,0.75
last_hour_wick_type,true_weak_bear,long,252,conclusion_ok,0.5634920634920635,0.4365079365079365,0.8064516129032258,0.020161290322580645,0.17338709677419356,0.967741935483871,0.9516129032258065,0.9475806451612904,94.68221345883755,2.506815957025176,0.7945324712313264,0.7445324712313264,-1.05,0.051587301587301584,194.85157070769046,69.72009112630184,0.0017058943252199726,0.8849206349206349
phase2_core_setup,downtrend__kept_bull__true_strong_bull__high_area__confirmed_up_breakout,long,6,observe_only,0.6666666666666666,0.3333333333333333,0.8333333333333334,0.16666666666666666,0.0,0.6666666666666666,0.3333333333333333,0.8333333333333334,1.4835843814773704,0.6933189048002723,0.7838915470494374,0.7338915470494375,-1.05,0.16666666666666666,2.7549120909086997,2.117155902231278,0.01366993572578998,0.0
phase2_core_setup,downtrend__kept_bear__long_lower_bull__middle_area__no_breakout,long,18,observe_only,0.7222222222222222,0.2777777777777778,0.2777777777777778,0.6111111111111112,0.1111111111111111,1.0,0.6111111111111112,0.6666666666666666,1.4277303156068943,1.4894707003368541,0.7648327852102366,0.7148327852102366,-1.05,0.3333333333333333,3.5926151939159783,3.0006403021767656,0.005115367725276095,0.4444444444444444
phase2_simple_setup,bull__true_strong_bull__middle_area__shrinking_volume,long,49,conclusion_ok,0.5306122448979592,0.46938775510204084,0.4897959183673469,0.40816326530612246,0.08163265306122448,0.8163265306122449,0.6326530612244898,0.7346938775510204,0.8024182324013872,0.16929897478525435,0.7611654624954185,0.7111654624954183,-1.05,0.2653061224489796,4.495002604119209,3.8396805213409113,0.006219278374758156,0.22448979591836735
phase2_core_setup,uptrend__kept_bull__long_lower_bear__middle_area__no_breakout,long,41,conclusion_ok,0.6341463414634146,0.36585365853658536,0.4634146341463415,0.36585365853658536,0.17073170731707318,0.926829268292683,0.7317073170731707,0.8536585365853658,1.629681775747481,0.6279069767442111,0.7421977785547323,0.6921977785547326,-1.05,0.14634146341463414,8.829955366815167,6.469590575888211,0.004042068170217164,0.5121951219512195
phase2_core_setup,downtrend__kept_bear__true_strong_bull__middle_area__no_breakout,long,10,observe_only,0.5,0.5,0.6,0.2,0.2,0.7,0.6,0.8,1.5065537876223178,0.1946425161402883,0.681788708034883,0.6317887080348831,-1.05,0.2,3.746950745602144,2.728018012709664,0.009332600875107521,0.1
trend_regime,sideways,long,735,conclusion_ok,0.48707482993197276,0.5129251700680272,0.663923182441701,0.205761316872428,0.12482853223593965,0.879286694101509,0.7585733882030178,0.8847736625514403,17.557410900793876,-0.13026819923376134,0.6372909440137476,0.5872909440137476,-1.05,0.10612244897959183,32.63429984675353,23.313123564035493,0.0037079452235462386,0.6081632653061224
phase2_core_setup,uptrend__kept_bull__long_lower_bear__high_area__no_breakout,long,42,conclusion_ok,0.5,0.5,0.6666666666666666,0.21428571428571427,0.11904761904761904,0.8809523809523809,0.7380952380952381,0.8571428571428571,1.2539236326012368,0.05638321009131044,0.6335637790754638,0.5835637790754638,-1.05,0.14285714285714285,7.248550917422625,5.96000903925064,0.004277018216471957,0.40476190476190477
prev_2_days_bullish,True,long,584,conclusion_ok,0.4657534246575342,0.5342465753424658,0.6483704974271012,0.21269296740994853,0.13550600343053174,0.8747855917667239,0.7427101200686106,0.8662092624356775,19.104590511373612,-0.3485401459853795,0.6263603226626884,0.5763603226626882,-1.05,0.1284246575342466,34.112195657760154,14.850566469413598,0.004259464439705716,0.5547945205479452
phase2_simple_setup,bear__normal_bear__high_area__shrinking_volume,long,31,conclusion_ok,0.5161290322580645,0.4838709677419355,0.6451612903225806,0.06451612903225806,0.2903225806451613,0.967741935483871,0.9354838709677419,0.967741935483871,146.87188400359466,0.6752246469833589,0.5932019917729585,0.5432019917729585,-1.05,0.03225806451612903,306.29509396284993,608.9479766038178,0.0013567970134320195,0.9354838709677419
phase2_simple_setup,bull__long_lower_bull__low_area__normal_volume,long,9,observe_only,0.4444444444444444,0.5555555555555556,0.1111111111111111,0.7777777777777778,0.1111111111111111,0.8888888888888888,0.5555555555555556,0.7777777777777778,-0.2867169048323178,-0.13005418924553638,0.5362067620713228,0.48620676207132263,-1.05,0.2222222222222222,4.209211555849476,4.393876872869071,0.005792675049381173,0.4444444444444444
close_area,middle_area,long,859,conclusion_ok,0.5413271245634459,0.4586728754365541,0.6611957796014069,0.2063305978898007,0.12895662368112543,0.9015240328253223,0.7901524032825322,0.8862837045720985,-38.58037048276612,0.47029702970296544,0.5335606722861737,0.48356067228617355,-1.05,0.11059371362048893,63.427056536722404,97.41298901820288,0.0034510663966650845,0.6018626309662398
signal_color,bear,long,1187,conclusion_ok,0.523167649536647,0.476832350463353,0.7410865874363328,0.11035653650254669,0.14855687606112053,0.932937181663837,0.8616298811544991,0.9286926994906621,-30.459444587895327,0.33840402572233585,0.5328993842403174,0.48289938424031725,-1.05,0.07076663858466722,81.60507834162838,121.90767982437679,0.0025059218539201364,0.7590564448188711
phase2_core_setup,sideways__kept_bull__true_strong_bull__high_area__confirmed_up_breakout,long,19,observe_only,0.5263157894736842,0.47368421052631576,0.3157894736842105,0.47368421052631576,0.10526315789473684,0.631578947368421,0.42105263157894735,0.3684210526315789,0.2995175462818606,0.2028183190739985,0.5321098826521541,0.48210988265215404,-0.24684094771568615,0.47368421052631576,2.1785492169137672,1.3952752129919863,0.013942204280571658,0.0
phase2_core_setup,sideways__kept_bull__long_upper_bull__high_area__no_breakout,long,33,conclusion_ok,0.3333333333333333,0.6666666666666666,0.696969696969697,0.15151515151515152,0.15151515151515152,0.8787878787878788,0.7575757575757576,0.9393939393939394,-2.462879108646212,-4.588912886969005,0.5124476144423192,0.4624476144423191,-1.05,0.06060606060606061,9.733257041001456,13.302141523423822,0.0026307119482220378,0.696969696969697
break_prev_23h_low,True,long,151,conclusion_ok,0.5695364238410596,0.4304635761589404,0.6291390728476821,0.26490066225165565,0.09933774834437085,0.8874172185430463,0.7350993377483444,0.8410596026490066,-4.574445097037718,0.6669184290030724,0.5122347177063852,0.4622347177063854,-1.05,0.15894039735099338,11.619523386391606,22.273755236001218,0.005969031673784586,0.4768211920529801
phase2_core_setup,downtrend__kept_bull__true_weak_bear__high_area__no_breakout,long,19,observe_only,0.5263157894736842,0.47368421052631576,0.7894736842105263,0.0,0.21052631578947367,1.0,0.9473684210526315,0.9473684210526315,31.00595644008059,0.26031746031748343,0.48362885824170193,0.43362885824170183,-1.05,0.05263157894736842,79.0058028252609,31.362851694621412,0.0012300124776070934,0.9473684210526315
phase2_simple_setup,bull__normal_bull__high_area__huge_volume,long,7,observe_only,0.5714285714285714,0.42857142857142855,0.42857142857142855,0.5714285714285714,0.0,0.7142857142857143,0.2857142857142857,0.5714285714285714,0.4585170461703201,0.1966013071895539,0.482123760899399,0.4321237608993992,-1.05,0.42857142857142855,1.8812572646897223,1.5369486113783641,0.01724213548540789,0.14285714285714285
phase2_simple_setup,bear__long_lower_bear__low_area__huge_volume,long,13,observe_only,0.6923076923076923,0.3076923076923077,0.38461538461538464,0.5384615384615384,0.07692307692307693,0.9230769230769231,0.5384615384615384,0.6153846153846154,1.089104831796694,0.5678588631984524,0.479775145591546,0.4297751455915459,-1.05,0.38461538461538464,3.439035433206633,1.8010357938995765,0.00795520053848545,0.0
phase2_core_setup,uptrend__kept_bear__true_strong_bull__low_area__no_breakout,long,9,observe_only,0.4444444444444444,0.5555555555555556,0.4444444444444444,0.4444444444444444,0.0,0.6666666666666666,0.6666666666666666,0.6666666666666666,-0.004799071655739685,-0.06082474226805624,0.47388384603804323,0.4238838460380433,-1.05,0.2222222222222222,4.359986419636999,5.486034017039506,0.004591732268584198,0.4444444444444444
phase2_simple_setup,bear__long_lower_bear__low_area__normal_volume,long,37,conclusion_ok,0.5675675675675675,0.43243243243243246,0.5945945945945946,0.3783783783783784,0.02702702702702703,0.918918918918919,0.7567567567567568,0.7837837837837838,-0.3516677092307333,1.715004718464909,0.47137419009468995,0.42137419009469,-1.05,0.21621621621621623,5.911495120108114,6.226249212631196,0.005304164324265336,0.4594594594594595
phase2_core_setup,uptrend__kept_bull__long_upper_bull__high_area__no_breakout,long,51,conclusion_ok,0.5098039215686274,0.49019607843137253,0.6666666666666666,0.0784313725490196,0.2549019607843137,0.9411764705882353,0.8431372549019608,0.8823529411764706,0.9115754208724612,0.3941398865784595,0.4522768107465301,0.4022768107465298,-1.05,0.11764705882352941,12.524824808798598,10.824397779185233,0.0028537387692102885,0.6470588235294118
phase2_simple_setup,bull__long_lower_bull__middle_area__normal_volume,long,24,observe_only,0.5416666666666666,0.4583333333333333,0.625,0.2916666666666667,0.08333333333333333,0.8333333333333334,0.5416666666666666,0.7083333333333334,0.2771949087218187,0.6557919921989379,0.44300461785688267,0.3930046178568826,-1.05,0.2916666666666667,4.273599442600841,3.6261884895450365,0.006798796726949922,0.08333333333333333
phase2_simple_setup,bull__true_strong_bull__high_area__normal_volume,long,46,conclusion_ok,0.5652173913043478,0.43478260869565216,0.45652173913043476,0.3695652173913043,0.15217391304347827,0.782608695652174,0.5217391304347826,0.6521739130434783,0.33434773772546816,0.4736100249867152,0.43402926599109787,0.38402926599109777,-1.05,0.32608695652173914,3.117414446989957,2.5284560109983047,0.00922547080536612,0.13043478260869565
phase2_simple_setup,bull__normal_bull__middle_area__shrinking_volume,long,51,conclusion_ok,0.5294117647058824,0.47058823529411764,0.6078431372549019,0.35294117647058826,0.0392156862745098,0.8235294117647058,0.6274509803921569,0.8431372549019608,0.24212441010283967,0.0622146118721334,0.4318808726175306,0.38188087261753045,-1.05,0.1568627450980392,5.340370032842372,4.9235150524424585,0.005468945808722996,0.3333333333333333
volume_bucket,shrinking_volume,long,1573,conclusion_ok,0.5212968849332485,0.47870311506675145,0.6687938736439055,0.17549457562220805,0.15443522654754308,0.9170389278876835,0.8213146139119336,0.9093809827696235,-21.368549561613055,0.26031746031748343,0.42000078040414907,0.37000078040414897,-1.05,0.08709472345835982,61.15782943974016,89.72295382785524,0.003025337576748386,0.6713286713286714
phase2_simple_setup,bull__normal_bull__middle_area__normal_volume,long,16,observe_only,0.625,0.375,0.625,0.3125,0.0625,0.8125,0.625,0.875,0.31213267644253817,0.6297537514428779,0.41287944870898396,0.3628794487089838,-1.05,0.125,4.476041523886767,4.191577480897474,0.006279568391961068,0.375
last_hour_wick_type,long_lower_bull,long,304,conclusion_ok,0.5296052631578947,0.47039473684210525,0.506578947368421,0.3651315789473684,0.125,0.8421052631578947,0.6578947368421053,0.8322368421052632,1.1958122256717079,0.3216379743384079,0.4015809666194544,0.3515809666194545,-1.05,0.1611842105263158,5.4842904009461595,4.6454479603744945,0.005365213373920756,0.3519736842105263
big_bear_day,False,long,2217,conclusion_ok,0.5074424898511503,0.4925575101488498,0.6567028985507246,0.2006340579710145,0.13994565217391305,0.8876811594202898,0.7735507246376812,0.884963768115942,-15.767278100935243,0.0924039865826376,0.3880238501489825,0.33802385014898245,-1.05,0.11096075778078485,45.86919008068044,66.82611337370521,0.0038953363991382963,0.5944970681100586
phase2_core_setup,downtrend__kept_bear__true_strong_bull__high_area__no_breakout,long,8,observe_only,0.625,0.375,0.5,0.25,0.125,0.75,0.5,0.625,0.7251492182183695,0.9396487996412829,0.38180423947849507,0.33180423947849513,-1.05,0.25,3.8109880529520646,2.7718859722608746,0.013831498067389612,0.0
volume_bucket,huge_volume,long,110,conclusion_ok,0.5363636363636364,0.4636363636363636,0.6,0.3,0.07272727272727272,0.7636363636363637,0.5363636363636364,0.7636363636363637,-3.434790211697114,0.2896396396396396,0.36919447471385763,0.31919447471385776,-1.05,0.20909090909090908,10.039988563059262,14.519918902617377,0.009208197948677544,0.3181818181818182
last_hour_change_type,kept_bull,long,1159,conclusion_ok,0.48058671268334774,0.5194132873166523,0.6658008658008658,0.18701298701298702,0.1445887445887446,0.8779220779220779,0.7489177489177489,0.8900432900432901,14.933835320426304,-0.25219751809721347,0.3679795476384279,0.3179795476384279,-1.05,0.10526315789473684,32.05884549307223,29.570836226905875,0.004062470182546034,0.5849870578084556
phase2_core_setup,downtrend__kept_bear__normal_bull__low_area__no_breakout,long,12,observe_only,0.5833333333333334,0.4166666666666667,0.4166666666666667,0.5,0.08333333333333333,0.8333333333333334,0.75,0.75,0.30898026526947436,1.281497040803294,0.3611324723390202,0.31113247233902025,-1.05,0.25,4.739552122260023,4.441541642601819,0.007825628855102656,0.08333333333333333
last_hour_change_type,kept_bear,long,1100,conclusion_ok,0.5509090909090909,0.4490909090909091,0.6484018264840182,0.20821917808219179,0.13972602739726028,0.9077625570776255,0.8100456621004566,0.8821917808219178,-55.92077688868765,0.7849600000000093,0.3609418359677847,0.31094183596778474,-1.05,0.11363636363636363,36.72307724753184,102.6008952528372,0.003812752730097379,0.62
prev_2_days_bearish,False,long,1843,conclusion_ok,0.5051546391752577,0.4948453608247423,0.6612200435729847,0.1906318082788671,0.144880174291939,0.8850762527233116,0.7663398692810458,0.8872549019607843,-18.63865534425178,0.061706675021242496,0.3585479236717838,0.30854792367178363,-1.05,0.10851871947911014,51.8995706658602,73.67517288541745,0.0039012477738742794,0.5995659251220835
long_wick_day,True,long,1212,conclusion_ok,0.5148514851485149,0.48514851485148514,0.6628003314001657,0.1996685998342999,0.13504556752278377,0.8939519469759735,0.7887323943661971,0.8873239436619719,-7.629759973749528,0.2558139534885,0.3509442464811506,0.3009442464811506,-1.05,0.10891089108910891,40.3091092283064,39.69441953000671,0.0036259502145553025,0.608085808580858
phase2_simple_setup,bear__long_lower_bear__middle_area__shrinking_volume,long,94,conclusion_ok,0.574468085106383,0.425531914893617,0.5638297872340425,0.2765957446808511,0.1595744680851064,0.9042553191489362,0.776595744680851,0.925531914893617,0.06227289739026723,0.9266103432148043,0.34798765818885596,0.29798765818885603,-1.05,0.07446808510638298,8.120417066162952,9.171375576191267,0.003232331350310832,0.5851063829787234
changed_bull_to_bear,False,long,2314,conclusion_ok,0.5142610198789974,0.4857389801210026,0.6546637744034707,0.20130151843817787,0.14099783080260303,0.8893709327548807,0.7731019522776572,0.8850325379609545,-19.07489823370539,0.17999999999992725,0.347851481525614,0.29785148152561397,-1.05,0.11063094209161625,33.60181257446932,63.64169163402479,0.004004163156089495,0.5937770095073466
prev_3_days_bearish,False,long,2126,conclusion_ok,0.5075258701787394,0.4924741298212606,0.6636750118091639,0.19319792158715163,0.14029286726499765,0.8899385923476618,0.7751535191308455,0.8889938592347661,-16.6338152700131,0.08450704225351705,0.33851322691825114,0.28851322691825104,-1.05,0.10724365004703669,47.43431329689878,69.20793564132231,0.00386850165181026,0.6025399811853246
changed_bear_to_bull,False,long,2318,conclusion_ok,0.5120793787748059,0.48792062122519414,0.6608921611087051,0.19445647466435687,0.14161974880900824,0.8930272845387613,0.7812906019922045,0.8886964053702902,-15.097495115730235,0.15816326530612246,0.3382771044818415,0.2882771044818414,-1.05,0.10698878343399482,45.12083728890264,65.36390113168787,0.0038838426320037494,0.6082830025884383
break_prev_23h_high,False,long,2201,conclusion_ok,0.5156746933212176,0.4843253066787824,0.6624087591240876,0.19206204379562045,0.14324817518248176,0.896441605839416,0.7869525547445255,0.895529197080292,-15.777036784020433,0.19690490430614985,0.3368254287819176,0.2868254287819175,-1.05,0.10131758291685597,46.833622426225645,68.15314273467013,0.003622895175136171,0.6169922762380736
prev_day_color,bull,long,1214,conclusion_ok,0.48105436573311366,0.5189456342668863,0.6603305785123967,0.19504132231404958,0.14214876033057852,0.8727272727272727,0.7396694214876033,0.8876033057851239,14.269099392084328,-0.21263685166880586,0.33600525167918677,0.2860052516791867,-1.05,0.10790774299835255,30.77719702322679,28.38522224344661,0.004177381682090625,0.5700164744645799
phase2_core_setup,downtrend__kept_bear__long_lower_bear__low_area__no_breakout,long,34,conclusion_ok,0.5882352941176471,0.4117647058823529,0.6764705882352942,0.20588235294117646,0.11764705882352941,0.9117647058823529,0.8529411764705882,0.8823529411764706,2.171561138664912,1.6150116693527257,0.3343614197989149,0.28436141979891477,-1.05,0.11764705882352941,9.275591329881328,7.200580276158834,0.003580132821002383,0.6764705882352942
failed_down_breakout,False,long,2300,conclusion_ok,0.5082608695652174,0.4917391304347826,0.6630292448712353,0.19030990833697076,0.14404190309908338,0.8904408555216062,0.7791357485814056,0.8913138367525099,-15.219359590460716,0.09477263068424556,0.33115094074335416,0.28115094074335406,-1.05,0.10434782608695652,45.40436674252114,65.78655367965561,0.0038458514912950606,0.6095652173913043
doji_day,False,long,1943,conclusion_ok,0.5156973751930005,0.4843026248069995,0.6554752066115702,0.19886363636363635,0.14256198347107438,0.8925619834710744,0.7763429752066116,0.8853305785123967,-23.467729468608823,0.19629701060752608,0.3280208954947313,0.2780208954947312,-1.05,0.11065362840967576,36.53121247883474,73.09960863214611,0.004085832201777512,0.5970149253731343
temp_day_color_7h,bear,long,1155,conclusion_ok,0.548051948051948,0.45194805194805193,0.6434782608695652,0.21565217391304348,0.1373913043478261,0.9008695652173913,0.7973913043478261,0.88,-53.2314958467681,0.70488261892961,0.3276359020818747,0.2776359020818747,-1.05,0.11601731601731602,35.15148820839423,97.86068119508768,0.003945602620822276,0.6025974025974026
failed_up_breakout,False,long,2282,conclusion_ok,0.5144609991235758,0.4855390008764242,0.6572811262648482,0.1992960844698636,0.14034315882094148,0.8900131984161901,0.7747470303563573,0.8878134623845139,-15.205921492815614,0.17986896962478924,0.324606259747933,0.27460625974793285,-1.05,0.10780017528483786,45.24947435706101,65.80617188685007,0.003936488546159498,0.5999123575810692
big_bull_day,False,long,2134,conclusion_ok,0.5164011246485474,0.4835988753514527,0.6597647058823529,0.19952941176470587,0.1383529411764706,0.8955294117647059,0.7872941176470588,0.8908235294117647,-23.893934816006396,0.21566975568665922,0.32399560088669144,0.2739956008866914,-1.05,0.10543580131208997,37.80365451734003,60.8101199575691,0.003718607114671491,0.6110590440487348
breakout_type,no_breakout,long,2050,conclusion_ok,0.5117073170731707,0.48829268292682926,0.6648701616854483,0.1866731994120529,0.1464968152866242,0.897109260166585,0.7907888290053895,0.8995590396864283,-16.6058419504753,0.13243761996160439,0.3238480634572754,0.2738480634572754,-1.05,0.09707317073170732,49.43887914107862,71.54745312776124,0.003449320157352775,0.6273170731707317
trend_regime,uptrend,long,940,conclusion_ok,0.5223404255319148,0.4776595744680851,0.6488794023479189,0.19957310565635006,0.14941302027748132,0.8815368196371398,0.7726787620064034,0.8783351120597652,-21.612506100482957,0.2227362855254226,0.3228340123397666,0.2728340123397665,-1.05,0.11914893617021277,67.82124492243034,87.13690515999458,0.003927213968752876,0.5659574468085107
overall,all,long,2373,conclusion_ok,0.5115887062789718,0.48841129372102826,0.6582064297800339,0.19839255499153977,0.1404399323181049,0.8900169204737732,0.7758037225042301,0.8874788494077834,-14.739037966536147,0.13353928870420578,0.3226022890262283,0.27260228902622824,-1.05,0.10830172777075432,44.16093703624458,63.92430236275861,0.003946815318014232,0.6000842815002108
close_area,high_area,long,857,conclusion_ok,0.4597432905484247,0.5402567094515752,0.6507009345794392,0.1985981308411215,0.14719626168224298,0.8574766355140186,0.7219626168224299,0.8785046728971962,19.883057057074478,-0.5719443695478357,0.3223562851558873,0.27235628515588717,-1.05,0.11435239206534423,37.26493114379886,34.0015244669874,0.0048176124230550925,0.5414235705950992
temp_day_color_7h,bull,long,1218,conclusion_ok,0.47701149425287354,0.5229885057471264,0.6721581548599671,0.18204283360790774,0.14332784184514002,0.8797364085667215,0.7553542009884678,0.8945634266886326,21.7241634850839,-0.2879164654756321,0.3178340394265632,0.2678340394265632,-1.05,0.10098522167487685,52.69542315817862,31.776991277768136,0.0039479640838879955,0.5977011494252874
big_bull_day,True,long,239,conclusion_ok,0.4686192468619247,0.5313807531380753,0.6443514644351465,0.18828451882845187,0.1589958158995816,0.8410041841004184,0.6736401673640168,0.8577405857740585,66.65910347749852,-0.3485401459853795,0.3102140559572569,0.2602140559572569,-1.05,0.13389121338912133,100.6848924867558,91.61316265994581,0.00597586315108254,0.502092050209205
break_prev_23h_low,False,long,2222,conclusion_ok,0.5076507650765076,0.49234923492349236,0.6601897876186172,0.19385449615906009,0.14324446452779033,0.8901943063714415,0.7785811116131948,0.8906461816538636,-15.432600335851228,0.09252758274822946,0.30966306772902824,0.25966306772902825,-1.05,0.10486048604860486,46.38134076924404,66.76625112739504,0.003808833090395016,0.6084608460846085
prev_day_color,bear,long,1159,conclusion_ok,0.543572044866264,0.45642795513373596,0.6559792027729636,0.2019064124783362,0.1386481802426343,0.9081455805892548,0.8136915077989602,0.8873483535528596,-45.15484923510702,0.6846092503986991,0.3085489226396775,0.25854892263967744,-1.05,0.10871440897325281,58.19414796843828,101.18798255718454,0.003705060291556315,0.631578947368421
phase2_simple_setup,bull__long_lower_bull__low_area__high_volume,long,7,observe_only,0.7142857142857143,0.2857142857142857,0.42857142857142855,0.5714285714285714,0.0,0.8571428571428571,0.8571428571428571,0.7142857142857143,2.8821380812243453,2.810547531071591,0.30601385291702876,0.2560138529170288,-1.05,0.2857142857142857,5.287306882995591,2.090670740283383,0.011228414962089739,0.2857142857142857
phase2_core_setup,sideways__kept_bull__normal_bull__high_area__no_breakout,long,15,observe_only,0.6,0.4,0.5333333333333333,0.26666666666666666,0.2,0.9333333333333333,0.7333333333333333,0.8666666666666667,1.5198663612703653,1.5329827915870056,0.3026534976071701,0.2526534976071701,-1.05,0.13333333333333333,4.222100047432169,3.233644333254718,0.007116023803894756,0.5333333333333333
phase2_core_setup,downtrend__kept_bear__long_lower_bull__low_area__failed_down_breakout,long,4,observe_only,0.75,0.25,0.25,0.75,0.0,1.0,1.0,0.5,0.2755271154691781,0.4913048264751985,0.29959201097302357,0.24959201097302364,-0.3560897435897482,0.5,3.8407021335079303,2.0899170507321685,0.010546832424809967,0.25
doji_day,True,long,430,conclusion_ok,0.4930232558139535,0.5069767441860465,0.6705607476635514,0.19626168224299065,0.1308411214953271,0.8785046728971962,0.7733644859813084,0.897196261682243,24.74401518302626,-0.11382718312271187,0.2980919569630934,0.24809195696309336,-1.05,0.09767441860465116,78.67296213705173,22.421047835809574,0.0033179912830476185,0.6139534883720931
long_wick_day,False,long,1161,conclusion_ok,0.508182601205857,0.491817398794143,0.6534140017286084,0.19706136560069146,0.14606741573033707,0.8859118409680208,0.7623163353500432,0.8876404494382022,-22.15554491320291,0.06941960656803398,0.29303552787835346,0.24303552787835336,-1.05,0.10766580534022395,48.17922239854483,89.20128471291552,0.004281546674863781,0.5917312661498708
phase2_core_setup,uptrend__kept_bull__true_strong_bull__high_area__confirmed_up_breakout,long,18,observe_only,0.5,0.5,0.6111111111111112,0.3333333333333333,0.05555555555555555,0.6666666666666666,0.4444444444444444,0.7222222222222222,0.5573864041579812,-0.11171727552206911,0.28122762820316,0.2312276282031599,-1.05,0.2777777777777778,2.113371036698373,1.820898781672769,0.013585711385728064,0.05555555555555555
phase2_core_setup,sideways__kept_bull__normal_bull__middle_area__no_breakout,long,6,observe_only,0.6666666666666666,0.3333333333333333,0.6666666666666666,0.0,0.3333333333333333,0.8333333333333334,0.5,0.8333333333333334,1.112691124255267,0.06189445405408653,0.27763845350052324,0.22763845350052328,-1.05,0.16666666666666666,6.6608196653418545,2.4880040056084916,0.0052149352027011245,0.3333333333333333
phase2_core_setup,downtrend__kept_bull__long_lower_bull__middle_area__no_breakout,long,14,observe_only,0.5,0.5,0.7857142857142857,0.14285714285714285,0.07142857142857142,0.9285714285714286,0.7142857142857143,0.8571428571428571,1.590189631138379,0.31461645502120295,0.27328722343378387,0.22328722343378388,-1.05,0.14285714285714285,5.086591177915546,4.121144700761581,0.004938582391317885,0.42857142857142855
failed_up_breakout,True,long,91,conclusion_ok,0.43956043956043955,0.5604395604395604,0.6813186813186813,0.17582417582417584,0.14285714285714285,0.8901098901098901,0.8021978021978022,0.8791208791208791,-3.07721098595128,-0.8743169398906873,0.2725470642961771,0.22254706429617685,-1.05,0.12087912087912088,16.971427912994702,16.918924030232386,0.004204757652363793,0.6043956043956044
breakout_type,failed_up_breakout,long,91,conclusion_ok,0.43956043956043955,0.5604395604395604,0.6813186813186813,0.17582417582417584,0.14285714285714285,0.8901098901098901,0.8021978021978022,0.8791208791208791,-3.07721098595128,-0.8743169398906873,0.2725470642961771,0.22254706429617685,-1.05,0.12087912087912088,16.971427912994702,16.918924030232386,0.004204757652363793,0.6043956043956044
phase2_core_setup,sideways__kept_bull__long_upper_bull__high_area__failed_up_breakout,long,16,observe_only,0.4375,0.5625,0.75,0.1875,0.0625,0.9375,0.8125,0.875,-3.767512407850468,-0.7878662035638453,0.26181327904608587,0.21181327904608582,-1.05,0.125,7.7050949895338485,10.664061571699026,0.004218801212529489,0.5625
phase2_simple_setup,bull__long_lower_bull__high_area__shrinking_volume,long,78,conclusion_ok,0.5384615384615384,0.46153846153846156,0.5384615384615384,0.28205128205128205,0.1794871794871795,0.8333333333333334,0.7435897435897436,0.8717948717948718,1.7141470517347666,0.32840452578091406,0.24912428413796037,0.19912428413796043,-1.05,0.1282051282051282,6.9669929516983276,5.274093175861819,0.004290237765412544,0.48717948717948717
recent_3day_bias,mixed,long,1259,conclusion_ok,0.5234312946783162,0.4765687053216839,0.6671987230646449,0.18036711891460494,0.14924181963288108,0.8898643256185156,0.7773343974461293,0.897047086991221,-36.1999580847383,0.2633228840125308,0.2339392815235816,0.1839392815235816,-1.05,0.09928514694201747,60.17573956428187,101.04528105822689,0.0037345755343054627,0.6203335980937251
phase2_core_setup,uptrend__kept_bull__normal_bull__middle_area__no_breakout,long,14,observe_only,0.5714285714285714,0.42857142857142855,0.7142857142857143,0.2857142857142857,0.0,0.8571428571428571,0.6428571428571429,0.9285714285714286,1.0774985418410525,1.0740702994255087,0.22704615691354516,0.17704615691354508,-1.05,0.07142857142857142,4.243331462897919,3.937004163627003,0.004347428212269837,0.35714285714285715
prev_2_days_bullish,False,long,1789,conclusion_ok,0.5265511458915595,0.47344885410844045,0.6614261650758001,0.19371139809096014,0.1420550252667041,0.8950028074115666,0.7866367209432903,0.8944413250982594,-25.817553071882237,0.33854166666665386,0.22316886195713448,0.17316886195713424,-1.05,0.10173281162660704,47.45033412981922,79.98830462318543,0.003844471444939479,0.6148686416992734
prev_3_days_bullish,False,long,2101,conclusion_ok,0.5140409328891005,0.4859590671108996,0.6601338432122371,0.19694072657743786,0.14005736137667305,0.8934034416826003,0.7829827915869981,0.8924474187380497,-21.90719218647093,0.17993448481235824,0.21877492887106706,0.16877492887106701,-1.05,0.10376011423131842,42.438050357769576,69.93484669505068,0.0038456571018824766,0.6116135173726797
phase2_core_setup,downtrend__kept_bear__normal_bear__middle_area__no_breakout,long,12,observe_only,0.6666666666666666,0.3333333333333333,0.9166666666666666,0.0,0.08333333333333333,1.0,1.0,0.9166666666666666,-2282.4508395678254,8.279193707385168,0.21204954954954877,0.1620495495495487,-1.05,0.08333333333333333,537.7204225408544,3426.2653527215884,0.0012040112266653157,0.9166666666666666
phase2_core_setup,sideways__kept_bear__long_upper_bear__low_area__no_breakout,long,28,observe_only,0.5,0.5,0.8518518518518519,0.0,0.14814814814814814,0.9259259259259259,0.8888888888888888,0.9629629629629629,5.393880266935513,0.05050505050504308,0.208754208754091,0.15875420875409083,-1.05,0.03571428571428571,32.24331352497508,30.89866124244183,0.0012953561776351211,0.8571428571428571
recent_3day_bias,two_bearish,long,283,conclusion_ok,0.5229681978798587,0.47703180212014135,0.6797153024911032,0.2099644128113879,0.1103202846975089,0.9217081850533808,0.8327402135231317,0.900355871886121,-3.534575496695595,0.2807357212003859,0.20761036841474226,0.15761036841474227,-1.05,0.0989399293286219,18.25917974026827,40.01986596104232,0.0036545447830930353,0.6219081272084805
phase2_core_setup,downtrend__kept_bear__long_lower_bear__middle_area__no_breakout,long,19,observe_only,0.42105263157894735,0.5789473684210527,0.47368421052631576,0.2631578947368421,0.2631578947368421,0.8421052631578947,0.6842105263157895,0.8947368421052632,-5.750427291587921,-2.4293628808864223,0.2058097538684688,0.15580975386846876,-1.05,0.10526315789473684,5.501564306457636,12.64573759812442,0.004264738942750893,0.5263157894736842
prev_2_days_bearish,True,long,530,conclusion_ok,0.5339622641509434,0.4660377358490566,0.6477272727272727,0.22537878787878787,0.125,0.9071969696969697,0.8087121212121212,0.8882575757575758,-1.179004812206788,0.5857751482294125,0.1976095140087285,0.1476095140087285,-1.05,0.10754716981132076,17.251597369626605,30.017866227149486,0.004105266096500884,0.6018867924528302
phase2_simple_setup,bull__long_upper_bull__high_area__huge_volume,long,8,observe_only,0.625,0.375,0.625,0.25,0.125,0.875,0.625,0.75,1.630710329979177,1.2569740954778994,0.19696874654047933,0.14696874654047934,-1.05,0.25,3.8714126721710445,3.502462936102461,0.005622411521111223,0.375
recent_3day_bias,two_bullish,long,312,conclusion_ok,0.4423076923076923,0.5576923076923077,0.6527331189710611,0.21543408360128619,0.12861736334405144,0.8842443729903537,0.7620578778135049,0.8810289389067524,0.48622497403563747,-0.8497011101622518,0.19361224454217324,0.14361224454217325,-1.05,0.11538461538461539,13.734264512044723,12.361828785057245,0.0038524469893920547,0.592948717948718
phase2_core_setup,uptrend__kept_bull__long_upper_bear__high_area__no_breakout,long,41,conclusion_ok,0.4146341463414634,0.5853658536585366,0.8536585365853658,0.04878048780487805,0.0975609756097561,0.9512195121951219,0.926829268292683,0.9512195121951219,3.3732615714265526,-3.31901041666656,0.1924279189937205,0.14242791899372062,-1.05,0.04878048780487805,25.753861604325532,25.016889274779594,0.0014512253322823325,0.8292682926829268
prev_3_days_bearish,True,long,247,conclusion_ok,0.5465587044534413,0.4534412955465587,0.611336032388664,0.242914979757085,0.1417004048582996,0.8906882591093117,0.7813765182186235,0.8744939271255061,1.5008144685274425,0.7849600000000093,0.18623202377354683,0.13623202377354673,-1.05,0.11740890688259109,16.105319449989736,18.639073007619587,0.004618030019851514,0.5789473684210527
recent_3day_bias,three_bearish,long,247,conclusion_ok,0.5465587044534413,0.4534412955465587,0.611336032388664,0.242914979757085,0.1417004048582996,0.8906882591093117,0.7813765182186235,0.8744939271255061,1.5008144685274425,0.7849600000000093,0.18623202377354683,0.13623202377354673,-1.05,0.11740890688259109,16.105319449989736,18.639073007619587,0.004618030019851514,0.5789473684210527
phase2_simple_setup,bull__normal_bull__high_area__high_volume,long,11,observe_only,0.7272727272727273,0.2727272727272727,0.36363636363636365,0.36363636363636365,0.2727272727272727,0.9090909090909091,0.8181818181818182,0.6363636363636364,1.1242390612047577,1.07994389901823,0.18365018649896941,0.13365018649896937,-1.05,0.36363636363636365,4.052817632323186,1.706944448074325,0.013236626843047388,0.18181818181818182
phase2_core_setup,uptrend__changed_bear_to_bull__true_strong_bull__high_area__no_breakout,long,3,observe_only,0.3333333333333333,0.6666666666666666,0.6666666666666666,0.3333333333333333,0.0,0.6666666666666666,0.3333333333333333,0.6666666666666666,0.034577263880798924,-0.10781078107812025,0.17644639429666942,0.12644639429666946,-1.05,0.3333333333333333,1.8596213910962547,1.9900776672872098,0.008424468663979263,0.3333333333333333
phase2_simple_setup,bull__true_strong_bull__low_area__shrinking_volume,long,16,observe_only,0.625,0.375,0.375,0.4375,0.125,0.875,0.75,0.625,1.3221433013393384,0.7745219826581573,0.1759334468985036,0.12593344689850355,-1.05,0.3125,4.268346289538624,2.3403518802056453,0.005642093431781856,0.375
phase2_core_setup,downtrend__kept_bear__long_upper_bear__low_area__no_breakout,long,28,observe_only,0.5,0.5,0.75,0.03571428571428571,0.21428571428571427,1.0,0.9642857142857143,0.9285714285714286,0.14927771953992178,-0.0894957126348723,0.17392664613021921,0.12392664613021916,-1.05,0.07142857142857142,16.127216301031034,17.04426797675693,0.0018143939448690193,0.9285714285714286
phase2_simple_setup,bull__long_upper_bull__low_area__normal_volume,long,15,observe_only,0.3333333333333333,0.6666666666666666,0.6666666666666666,0.26666666666666666,0.06666666666666667,0.8666666666666667,0.7333333333333333,0.8666666666666667,-1.1001298525097625,-1.720321931589575,0.17033290765301967,0.12033290765301967,-1.05,0.13333333333333333,4.865400025897129,6.478770853044339,0.006165576596163093,0.4666666666666667
phase2_core_setup,downtrend__kept_bear__normal_bear__low_area__no_breakout,long,18,observe_only,0.5555555555555556,0.4444444444444444,0.6666666666666666,0.1111111111111111,0.2222222222222222,1.0,0.9444444444444444,0.8888888888888888,-26.095055275341856,2.977108822377334,0.16879996936599362,0.1187999693659936,-1.05,0.1111111111111111,23.216623227587707,43.355109107810634,0.0019513364334646432,0.7777777777777778
phase2_simple_setup,bull__long_upper_bull__high_area__high_volume,long,19,observe_only,0.2631578947368421,0.7368421052631579,0.6842105263157895,0.15789473684210525,0.15789473684210525,0.7368421052631579,0.631578947368421,0.8947368421052632,-3.360299458314655,-1.181103600062877,0.1545730396201447,0.1045730396201446,-1.05,0.10526315789473684,5.5095232366420595,9.815966119145848,0.005782726923677706,0.5263157894736842
last_hour_wick_type,true_strong_bull,long,239,conclusion_ok,0.4811715481171548,0.5188284518828452,0.5271966527196653,0.34309623430962344,0.10460251046025104,0.7405857740585774,0.5523012552301255,0.7280334728033473,0.028910379848928486,-0.10781078107812025,0.14542258206372824,0.09542258206372814,-1.05,0.24267782426778242,3.418808953438896,3.3961528724762498,0.00836687653235628,0.19246861924686193
break_prev_23h_high,True,long,172,conclusion_ok,0.45930232558139533,0.5406976744186046,0.6046511627906976,0.27906976744186046,0.10465116279069768,0.8081395348837209,0.6337209302325582,0.7848837209302325,-1.5105879204573698,-0.485640947938204,0.1413399498141881,0.09133994981418803,-1.05,0.19767441860465115,10.09973718253244,10.031173902119006,0.008074913883064874,0.38372093023255816
phase2_simple_setup,bull__true_strong_bull__high_area__high_volume,long,18,observe_only,0.4444444444444444,0.5555555555555556,0.5555555555555556,0.3888888888888889,0.05555555555555555,0.6111111111111112,0.3888888888888889,0.6111111111111112,-0.5582902833494455,-1.0690129897049616,0.13768959400486866,0.08768959400486866,-1.05,0.3888888888888889,1.7257648892432575,2.526571101043633,0.008886932295610233,0.0
last_hour_wick_type,normal_bear,long,208,conclusion_ok,0.5288461538461539,0.47115384615384615,0.7788461538461539,0.0625,0.15865384615384615,0.9519230769230769,0.8990384615384616,0.9615384615384616,-110.89886685086643,0.7477135895760716,0.12746415699383065,0.07746415699383048,-1.05,0.038461538461538464,93.13717851614209,305.5894040939313,0.002157644914476968,0.8413461538461539
phase2_core_setup,uptrend__kept_bear__true_weak_bear__low_area__no_breakout,long,19,observe_only,0.5789473684210527,0.42105263157894735,0.6111111111111112,0.0,0.3888888888888889,0.9444444444444444,0.9444444444444444,0.8888888888888888,7.339606461498865,1.788571994454545,0.1224630202958578,0.07246302029585777,-1.05,0.10526315789473684,46.88667860612574,55.158413786629936,0.0009508393034535077,0.7894736842105263
phase2_simple_setup,bear__long_upper_bear__middle_area__huge_volume,long,4,observe_only,0.5,0.5,0.5,0.5,0.0,1.0,1.0,0.75,-6.95676228877284,1.4898194599560703,0.12083010085341406,0.07083010085341412,-1.05,0.25,25.203988800857168,18.624054571236048,0.002093436977192952,0.75
signal_color,bull,long,1182,conclusion_ok,0.5008460236886633,0.49915397631133673,0.5744500846023689,0.2868020304568528,0.13282571912013535,0.8494077834179357,0.6920473773265652,0.8460236886632826,0.8897305846121203,0.009867258170733015,0.11749267057775789,0.06749267057775783,-1.05,0.1463620981387479,6.9858447688984855,6.328185063587838,0.005385040544069329,0.44247038917089676
phase2_simple_setup,bull__true_strong_bull__middle_area__normal_volume,long,14,observe_only,0.6428571428571429,0.35714285714285715,0.5,0.21428571428571427,0.21428571428571427,0.7142857142857143,0.7142857142857143,0.7142857142857143,0.7202786438502391,0.8678208766950508,0.1169346910442391,0.06693469104423906,-1.05,0.2857142857142857,4.1373275121464275,3.12135286169821,0.009662314057119967,0.0
volume_bucket,normal_volume,long,530,conclusion_ok,0.5037735849056604,0.4962264150943396,0.6375711574952562,0.2333965844402277,0.1252371916508539,0.8614800759013282,0.7115749525616698,0.8614800759013282,-0.8512019911323583,0.08333333333327318,0.11638685928548333,0.06638685928548321,-1.05,0.13584905660377358,10.888524667464113,12.551538192992236,0.0049357065421262985,0.49245283018867925
last_hour_wick_type,long_lower_bear,long,365,conclusion_ok,0.5397260273972603,0.4602739726027397,0.6082191780821918,0.27671232876712326,0.11506849315068493,0.8794520547945206,0.7479452054794521,0.873972602739726,0.5566737042130316,0.3382663847780179,0.09408178500850055,0.04408178500850045,-1.05,0.12602739726027398,7.346024535186432,7.282777539698628,0.004211956711207239,0.5287671232876713
phase2_simple_setup,bull__normal_bull__high_area__shrinking_volume,long,59,conclusion_ok,0.4745762711864407,0.5254237288135594,0.5254237288135594,0.3220338983050847,0.15254237288135594,0.9152542372881356,0.6610169491525424,0.8813559322033898,1.0266143718542582,-0.6260720411663756,0.08084303695145179,0.030843036951451717,-1.05,0.11864406779661017,6.0650155156778425,5.296573821691836,0.005132696499553114,0.4745762711864407
phase2_core_setup,sideways__kept_bear__long_lower_bear__low_area__no_breakout,long,27,observe_only,0.5925925925925926,0.4074074074074074,0.6666666666666666,0.2962962962962963,0.037037037037037035,0.9629629629629629,0.8148148148148148,0.8888888888888888,0.8038739450517859,0.70312499999994,0.06294887521809518,0.012948875218095134,-1.05,0.1111111111111111,7.170900837436471,8.309178015094512,0.003146506695121601,0.7777777777777778
failed_down_breakout,True,long,73,conclusion_ok,0.6164383561643836,0.3835616438356164,0.5068493150684932,0.4520547945205479,0.0273972602739726,0.8767123287671232,0.6712328767123288,0.7671232876712328,0.33516532676754623,1.3743823044944856,0.054315150890129296,0.00431515089012923,-1.05,0.2328767123287671,5.1376841995376665,5.480223362607776,0.0071154197976528765,0.3013698630136986
breakout_type,failed_down_breakout,long,73,conclusion_ok,0.6164383561643836,0.3835616438356164,0.5068493150684932,0.4520547945205479,0.0273972602739726,0.8767123287671232,0.6712328767123288,0.7671232876712328,0.33516532676754623,1.3743823044944856,0.054315150890129296,0.00431515089012923,-1.05,0.2328767123287671,5.1376841995376665,5.480223362607776,0.0071154197976528765,0.3013698630136986
last_hour_wick_type,normal_bull,long,202,conclusion_ok,0.504950495049505,0.49504950495049505,0.5495049504950495,0.3465346534653465,0.10396039603960396,0.8465346534653465,0.6188118811881188,0.8564356435643564,0.3144498227670878,0.04099057970217676,0.05310610375210595,0.0031061037521058358,-1.05,0.14356435643564355,4.783328993274361,4.579391712618326,0.0065095858613411035,0.36633663366336633
close_area,low_area,long,657,conclusion_ok,0.5403348554033486,0.4596651445966514,0.6641221374045801,0.18778625954198475,0.1465648854961832,0.917557251908397,0.8274809160305343,0.9007633587786259,-28.937292476256033,0.6893939393939764,0.04819477512130985,-0.0018052248786902018,-1.05,0.0974124809741248,28.0830456011697,59.41750566304292,0.003454405406557509,0.6742770167427702
phase2_core_setup,uptrend__kept_bear__long_lower_bull__middle_area__no_breakout,long,30,conclusion_ok,0.5,0.5,0.5333333333333333,0.36666666666666664,0.1,0.8,0.7,0.7666666666666667,-0.17764462988446875,-0.013933747412012087,0.045081475129550665,-0.0049185248704493555,-1.05,0.2,4.107324804785897,4.989870708863807,0.006321809214597751,0.26666666666666666
phase2_simple_setup,bull__long_upper_bull__middle_area__shrinking_volume,long,128,conclusion_ok,0.53125,0.46875,0.6796875,0.1484375,0.171875,0.9140625,0.859375,0.9140625,2.6846804862734865,1.0716126785198021,0.03735442933057839,-0.0126455706694215,-1.05,0.0859375,12.97674999148712,10.130229553177733,0.0025167819457937403,0.6953125
phase2_core_setup,uptrend__kept_bull__long_lower_bull__high_area__no_breakout,long,50,conclusion_ok,0.52,0.48,0.6,0.28,0.12,0.76,0.66,0.82,0.35086308015748635,0.06514223462319882,0.03610821436781966,-0.013891785632180369,-1.05,0.18,5.6049500873834734,5.075544932563039,0.00538188347099491,0.36
phase2_core_setup,downtrend__kept_bull__true_strong_bull__high_area__no_breakout,long,13,observe_only,0.46153846153846156,0.5384615384615384,0.46153846153846156,0.46153846153846156,0.07692307692307693,0.8461538461538461,0.7692307692307693,0.7692307692307693,0.40816179303861777,-0.4558251528060713,0.03385232811272068,-0.016147671887279332,-1.05,0.23076923076923078,4.576786313213511,3.046935380657278,0.008851319052964147,0.38461538461538464
phase2_core_setup,uptrend__kept_bear__long_upper_bull__middle_area__no_breakout,long,37,conclusion_ok,0.6216216216216216,0.3783783783783784,0.5945945945945946,0.24324324324324326,0.16216216216216217,0.9459459459459459,0.9459459459459459,0.8648648648648649,2.8458460965867034,2.395547945205594,0.030425016721783337,-0.01957498327821672,-1.05,0.13513513513513514,10.734746858749537,7.504774329063221,0.0026708109119276693,0.6216216216216216
volume_bucket,high_volume,long,160,conclusion_ok,0.425,0.575,0.6625,0.2375,0.1,0.80625,0.70625,0.84375,-3.3259888576897674,-0.7986770382888473,0.015895758142050805,-0.03410424185794921,-1.05,0.15625,10.746782374495407,14.433315189483755,0.0060971769185364675,0.45
breakout_type,confirmed_up_breakout,long,81,conclusion_ok,0.48148148148148145,0.5185185185185185,0.5185185185185185,0.3950617283950617,0.06172839506172839,0.7160493827160493,0.4444444444444444,0.6790123456790124,0.2494454000357884,-0.19684094771568617,-0.006065573863108117,-0.056065573863108155,-1.05,0.2839506172839506,2.3796895717661966,2.293084252016314,0.012422867179284607,0.13580246913580246
trend_regime,downtrend,long,698,conclusion_ok,0.5229226361031518,0.47707736389684813,0.664756446991404,0.18911174785100288,0.14469914040114612,0.9126074498567335,0.7979942693409742,0.9025787965616046,-39.24286544902243,0.38931297709933593,-0.0063735766337816736,-0.05637357663378175,-1.05,0.09598853868194843,24.437742225045348,75.17837188032173,0.004222607242262165,0.6375358166189111
phase2_core_setup,uptrend__kept_bull__true_strong_bull__middle_area__no_breakout,long,9,observe_only,0.6666666666666666,0.3333333333333333,0.6666666666666666,0.3333333333333333,0.0,0.7777777777777778,0.5555555555555556,0.7777777777777778,1.2376265074091417,4.3457792207793355,-0.010928850235211543,-0.060928850235211586,-1.05,0.2222222222222222,4.557301287685076,3.891950525966684,0.005067798628990362,0.1111111111111111
phase2_simple_setup,bear__true_weak_bear__low_area__normal_volume,long,35,conclusion_ok,0.5714285714285714,0.42857142857142855,0.7941176470588235,0.0,0.20588235294117646,0.8823529411764706,0.8823529411764706,0.9705882352941176,-7.344115836888356,1.087124060150348,-0.017297612114153,-0.06729761211415303,-1.05,0.02857142857142857,24.39443961690595,42.44409960255906,0.0016802858226232387,0.8285714285714286
phase2_core_setup,uptrend__kept_bear__long_lower_bull__low_area__no_breakout,long,12,observe_only,0.5833333333333334,0.4166666666666667,0.4166666666666667,0.4166666666666667,0.16666666666666666,0.8333333333333334,0.6666666666666666,0.9166666666666666,-0.42877318031619965,0.5150277897284493,-0.04271085960659008,-0.09271085960659019,-1.05,0.08333333333333333,3.6754723178271225,5.6107879908298095,0.00395291695556285,0.3333333333333333
phase2_core_setup,sideways__changed_bear_to_bull__true_strong_bull__high_area__no_breakout,long,6,observe_only,0.6666666666666666,0.3333333333333333,0.6666666666666666,0.3333333333333333,0.0,0.8333333333333334,0.6666666666666666,0.6666666666666666,0.8642042920439339,1.354786202158569,-0.05575941359529035,-0.10575941359529024,-1.05,0.3333333333333333,3.691506139614925,2.1529506152151767,0.006937628927414327,0.3333333333333333
last_hour_wick_type,long_upper_bull,long,437,conclusion_ok,0.4897025171624714,0.5102974828375286,0.6590389016018307,0.17391304347826086,0.16704805491990846,0.9153318077803204,0.8260869565217391,0.9153318077803204,1.413515307607509,-0.11969111969105678,-0.06564692746123736,-0.11564692746123752,-1.05,0.08466819221967964,10.999351117704945,9.910711447909044,0.0032482224764164387,0.6773455377574371
phase2_simple_setup,bull__long_upper_bull__middle_area__huge_volume,long,3,observe_only,0.6666666666666666,0.3333333333333333,0.6666666666666666,0.3333333333333333,0.0,0.6666666666666666,0.6666666666666666,0.6666666666666666,-0.2659965894294631,0.5627240143369143,-0.0792626728110577,-0.12926267281105774,-1.05,0.3333333333333333,2.697868132556051,3.044807451082899,0.006730446987221414,0.3333333333333333
phase2_core_setup,downtrend__kept_bear__normal_bull__middle_area__no_breakout,long,13,observe_only,0.6153846153846154,0.38461538461538464,0.6153846153846154,0.38461538461538464,0.0,0.8461538461538461,0.6153846153846154,0.8461538461538461,-0.7890622045809915,0.46782608695654704,-0.08035901555487374,-0.13035901555487373,-1.05,0.15384615384615385,3.025083210966438,4.452602524488367,0.0107331287173096,0.23076923076923078
phase2_core_setup,uptrend__kept_bear__long_upper_bull__low_area__no_breakout,long,21,observe_only,0.6190476190476191,0.38095238095238093,0.7619047619047619,0.047619047619047616,0.19047619047619047,1.0,1.0,0.9047619047619048,6.681226749114297,3.730923694779193,-0.0871119334392793,-0.13711193343927933,-1.05,0.09523809523809523,18.939173129980137,9.604798192835826,0.0022592266871137284,0.8095238095238095
phase2_core_setup,uptrend__kept_bull__true_strong_bull__high_area__no_breakout,long,40,conclusion_ok,0.4,0.6,0.55,0.25,0.2,0.725,0.5,0.775,-0.5752946909665833,-1.0804866456949453,-0.08762862849644873,-0.13762862849644877,-1.05,0.225,3.5511370008078247,4.221346036997015,0.006570800044823905,0.275
phase2_simple_setup,bear__long_upper_bear__low_area__shrinking_volume,long,72,conclusion_ok,0.5277777777777778,0.4722222222222222,0.8055555555555556,0.013888888888888888,0.18055555555555555,0.9583333333333334,0.9444444444444444,0.9583333333333334,-263.94544287962555,0.6585989335733259,-0.09019014266657506,-0.14019014266657534,-1.05,0.041666666666666664,109.21458048390707,308.51121488935036,0.0012515947997901707,0.9166666666666666
phase2_core_setup,sideways__kept_bull__long_lower_bull__high_area__confirmed_up_breakout,long,2,observe_only,1.0,0.0,0.5,0.5,0.0,1.0,0.5,0.5,1.9104359733731742,1.9104359733731742,-0.11676402662681823,-0.16676402662681827,-0.16676402662681827,0.5,3.816218502920804,1.092623266766285,0.011440567580869553,0.5
phase2_core_setup,downtrend__kept_bull__long_upper_bull__middle_area__no_breakout,long,15,observe_only,0.7333333333333333,0.26666666666666666,0.6666666666666666,0.2,0.13333333333333333,0.8666666666666667,0.8666666666666667,0.8666666666666667,4.625532220995021,6.320945945945881,-0.12019136112717538,-0.17019136112717556,-1.05,0.13333333333333333,11.518486888540103,7.353439164445882,0.003468928769066973,0.6666666666666666
phase2_simple_setup,bear__long_lower_bear__high_area__shrinking_volume,long,68,conclusion_ok,0.4852941176470588,0.5147058823529411,0.7352941176470589,0.10294117647058823,0.16176470588235295,0.8823529411764706,0.8235294117647058,0.9264705882352942,-0.16348375991624872,-0.08657953384716974,-0.12398236821985824,-0.17398236821985835,-1.05,0.07352941176470588,7.596461382473159,8.55638011305245,0.0034104312633114493,0.6176470588235294
phase2_core_setup,uptrend__changed_bear_to_bull__true_strong_bull__middle_area__no_breakout,long,3,observe_only,0.3333333333333333,0.6666666666666666,0.0,1.0,0.0,1.0,0.6666666666666666,0.6666666666666666,-0.6010054506751018,-0.6889204545454759,-0.14395750332005508,-0.19395750332005512,-1.05,0.3333333333333333,2.2884625503009643,2.1543630112798113,0.009373689990887103,0.0
phase2_simple_setup,bull__true_strong_bull__low_area__normal_volume,long,4,observe_only,0.25,0.75,0.5,0.5,0.0,0.5,0.5,0.75,-4.544105442753235,-2.8557992669767693,-0.15435987903225268,-0.20435987903225267,-1.05,0.25,2.1344225704051434,9.960549959383608,0.005333592657026605,0.25
phase2_core_setup,sideways__kept_bear__long_lower_bear__low_area__failed_down_breakout,long,10,observe_only,0.5,0.5,0.6,0.4,0.0,0.9,0.7,0.8,0.1109528079513474,0.48519869795198034,-0.16142279984569932,-0.21142279984569937,-1.05,0.2,7.101610244197881,6.41532068206435,0.0042922009079479195,0.3
phase2_simple_setup,bear__long_upper_bear__middle_area__normal_volume,long,21,observe_only,0.47619047619047616,0.5238095238095238,0.75,0.05,0.2,0.95,0.7,0.95,19.81550530296772,-2.334014887300393,-0.17505193905817978,-0.22505193905817986,-1.05,0.047619047619047616,42.292134047097875,16.825740750679635,0.0023434769478179506,0.7142857142857143
phase2_core_setup,uptrend__kept_bear__long_upper_bear__middle_area__no_breakout,long,35,conclusion_ok,0.5428571428571428,0.45714285714285713,0.9117647058823529,0.0,0.08823529411764706,1.0,0.9705882352941176,0.9705882352941176,-507.7607719119466,0.9792137751786752,-0.1924473493100413,-0.2424473493100414,-1.05,0.02857142857142857,299.79887462904986,878.7745867439123,0.0009980978738945174,0.9142857142857143
phase2_core_setup,uptrend__kept_bear__long_lower_bear__low_area__no_breakout,long,18,observe_only,0.6666666666666666,0.3333333333333333,0.5,0.3333333333333333,0.16666666666666666,1.0,0.8888888888888888,0.8888888888888888,4.428383767544272,1.7776390740017387,-0.21423035089061973,-0.26423035089061986,-1.05,0.1111111111111111,11.51535893228371,6.6733165300624915,0.0031980883149029353,0.8333333333333334
phase2_core_setup,sideways__kept_bear__true_strong_bull__low_area__no_breakout,long,3,observe_only,0.6666666666666666,0.3333333333333333,0.3333333333333333,0.0,0.6666666666666666,1.0,1.0,0.6666666666666666,2.0288401765358937,1.351633770111133,-0.21612207662962235,-0.2661220766296224,-1.05,0.3333333333333333,6.735459271520077,1.3454922578978155,0.004271708812215154,0.6666666666666666
phase2_core_setup,sideways__kept_bear__long_upper_bull__low_area__no_breakout,long,28,observe_only,0.32142857142857145,0.6785714285714286,0.5357142857142857,0.2857142857142857,0.17857142857142858,0.9285714285714286,0.75,0.9285714285714286,-2.399150122551795,-1.5176085515412692,-0.24187444849762293,-0.29187444849762306,-1.05,0.07142857142857142,5.76039221109302,9.496097882908785,0.0031348686030933915,0.75
phase2_core_setup,sideways__kept_bull__normal_bull__high_area__confirmed_up_breakout,long,8,observe_only,0.375,0.625,0.375,0.625,0.0,0.75,0.5,0.625,-0.9810996990233111,-1.5396945210878936,-0.2444874356456316,-0.2944874356456316,-1.05,0.375,1.8697230531025997,2.7509100733754135,0.012231340498064281,0.0
phase2_core_setup,downtrend__kept_bull__normal_bull__high_area__confirmed_up_breakout,long,3,observe_only,0.3333333333333333,0.6666666666666666,0.3333333333333333,0.3333333333333333,0.3333333333333333,1.0,0.6666666666666666,0.6666666666666666,-0.2534377420603379,-0.7827648114901404,-0.25141302072429733,-0.3014130207242974,-1.05,0.3333333333333333,3.633461760233256,1.6192967987435922,0.005479269310947304,0.0
phase2_simple_setup,bull__true_strong_bull__high_area__shrinking_volume,long,67,conclusion_ok,0.40298507462686567,0.5970149253731343,0.6119402985074627,0.2835820895522388,0.1044776119402985,0.7761194029850746,0.6268656716417911,0.8507462686567164,-0.4382562750809868,-0.986038394415339,-0.2654058803368671,-0.31540588033686706,-1.05,0.11940298507462686,3.829117823919217,4.111191588346757,0.006923977768040502,0.31343283582089554
phase2_core_setup,sideways__kept_bear__long_upper_bull__middle_area__no_breakout,long,29,observe_only,0.4482758620689655,0.5517241379310345,0.7931034482758621,0.13793103448275862,0.06896551724137931,0.896551724137931,0.8275862068965517,0.896551724137931,5.672851917026653,-0.2368421052631435,-0.2984895456815806,-0.34848954568158075,-1.05,0.10344827586206896,17.61186485901026,9.678745320847153,0.002579802660134195,0.6551724137931034
phase2_core_setup,downtrend__kept_bear__long_lower_bull__low_area__no_breakout,long,21,observe_only,0.47619047619047616,0.5238095238095238,0.47619047619047616,0.3333333333333333,0.19047619047619047,0.8571428571428571,0.6666666666666666,0.9047619047619048,-0.3035927752016092,-0.07538207352333735,-0.30898647336323914,-0.3589864733632392,-1.05,0.09523809523809523,3.733020474874129,5.461924366924699,0.006309111813353113,0.2857142857142857
phase2_core_setup,uptrend__kept_bear__long_lower_bull__middle_area__failed_down_breakout,long,2,observe_only,1.0,0.0,0.5,0.0,0.0,0.5,0.5,0.5,4.419107733790944,4.419107733790944,-0.3170731707317073,-0.3670731707317073,-0.3670731707317073,0.5,5.132294489611603,1.1834965250825062,0.012375430992912304,0.0
phase2_core_setup,sideways__kept_bull__true_strong_bull__high_area__no_breakout,long,17,observe_only,0.4117647058823529,0.5882352941176471,0.7058823529411765,0.23529411764705882,0.058823529411764705,0.7647058823529411,0.47058823529411764,0.8235294117647058,-1.687889035355385,-0.30633469902299465,-0.32486909708528516,-0.3748690970852852,-1.05,0.11764705882352941,3.235400095678635,4.5196934865064815,0.005445468420531104,0.29411764705882354
phase2_core_setup,sideways__kept_bull__long_lower_bull__middle_area__no_breakout,long,16,observe_only,0.5625,0.4375,0.5625,0.4375,0.0,0.8125,0.6875,0.875,1.8895715962046327,0.5882152536983403,-0.3311329291668917,-0.38113292916689173,-1.05,0.0625,6.452883193037299,4.064204873083219,0.003337867464118765,0.375
changed_bear_to_bull,True,long,55,conclusion_ok,0.4909090909090909,0.509090909090909,0.5454545454545454,0.36363636363636365,0.09090909090909091,0.7636363636363637,0.5454545454545454,0.8363636363636363,0.309644896902841,-0.10781078107812025,-0.33545496346487774,-0.38545496346487773,-1.05,0.16363636363636364,3.8625791564726413,3.487328590801957,0.006590523172527044,0.2545454545454545
last_hour_change_type,changed_bear_to_bull,long,55,conclusion_ok,0.4909090909090909,0.509090909090909,0.5454545454545454,0.36363636363636365,0.09090909090909091,0.7636363636363637,0.5454545454545454,0.8363636363636363,0.309644896902841,-0.10781078107812025,-0.33545496346487774,-0.38545496346487773,-1.05,0.16363636363636364,3.8625791564726413,3.487328590801957,0.006590523172527044,0.2545454545454545
phase2_core_setup,downtrend__kept_bear__long_upper_bull__low_area__no_breakout,long,23,observe_only,0.43478260869565216,0.5652173913043478,0.6956521739130435,0.13043478260869565,0.17391304347826086,0.8695652173913043,0.8260869565217391,0.9565217391304348,0.6572392934977317,-1.720321931589575,-0.34672290720311677,-0.396722907203117,-1.05,0.043478260869565216,11.659362045032015,12.619843589776178,0.004144965841731798,0.6521739130434783
phase2_simple_setup,bear__long_upper_bear__high_area__normal_volume,long,35,conclusion_ok,0.4857142857142857,0.5142857142857142,0.8,0.05714285714285714,0.14285714285714285,0.9142857142857143,0.8571428571428571,0.9428571428571428,-2.610394618103836,-1.1366698748797321,-0.35130870341695425,-0.4013087034169544,-1.05,0.05714285714285714,12.609941013594316,17.530062033663896,0.002459853796215917,0.7714285714285715
phase2_simple_setup,bull__long_lower_bull__high_area__normal_volume,long,26,observe_only,0.38461538461538464,0.6153846153846154,0.5,0.4230769230769231,0.07692307692307693,0.7692307692307693,0.46153846153846156,0.8461538461538461,0.15207413792262178,-0.7902266815310255,-0.35374036056779296,-0.403740360567793,-1.05,0.15384615384615385,4.04619673650323,4.351875946495626,0.00740845358816261,0.23076923076923078
phase2_simple_setup,bear__long_lower_bear__middle_area__normal_volume,long,35,conclusion_ok,0.5142857142857142,0.4857142857142857,0.5714285714285714,0.2857142857142857,0.14285714285714285,0.8571428571428571,0.6857142857142857,0.8857142857142857,1.2200416998509431,0.12994214079072758,-0.36484893550627795,-0.414848935506278,-1.05,0.11428571428571428,7.372444506980908,6.070551865316398,0.0050919254696583675,0.42857142857142855
phase2_simple_setup,bull__true_strong_bull__high_area__huge_volume,long,22,observe_only,0.36363636363636365,0.6363636363636364,0.5909090909090909,0.3181818181818182,0.0,0.45454545454545453,0.13636363636363635,0.6363636363636364,-0.6311059953369718,-0.3916248146401332,-0.3653298546826772,-0.41532985468267714,-1.05,0.22727272727272727,1.2065897038280782,2.042766038095649,0.01726692839872131,0.045454545454545456
phase2_simple_setup,bull__long_lower_bull__low_area__shrinking_volume,long,51,conclusion_ok,0.5294117647058824,0.47058823529411764,0.5294117647058824,0.3137254901960784,0.1568627450980392,0.8431372549019608,0.6666666666666666,0.9019607843137255,0.3911035285236273,0.4607104413347686,-0.37054115066093246,-0.42054115066093256,-1.05,0.09803921568627451,3.930337402727922,5.0972751849261,0.004763104999973993,0.29411764705882354
phase2_core_setup,uptrend__kept_bear__normal_bull__low_area__no_breakout,long,6,observe_only,0.5,0.5,0.5,0.3333333333333333,0.16666666666666666,0.8333333333333334,0.6666666666666666,0.8333333333333334,-1.1055637731063959,0.2673848930592502,-0.371766768960996,-0.4217667689609959,-1.05,0.16666666666666666,4.1487541372809025,4.70149275857912,0.0036133229462621784,0.3333333333333333
phase2_simple_setup,bull__normal_bull__low_area__normal_volume,long,9,observe_only,0.4444444444444444,0.5555555555555556,0.5555555555555556,0.4444444444444444,0.0,0.6666666666666666,0.5555555555555556,0.8888888888888888,-1.8831166413297247,-0.6754494435460895,-0.3717675692120419,-0.42176756921204195,-1.05,0.1111111111111111,2.858588128130661,5.684955898886639,0.0077083670558875045,0.2222222222222222
phase2_core_setup,downtrend__kept_bull__normal_bull__high_area__no_breakout,long,17,observe_only,0.47058823529411764,0.5294117647058824,0.5882352941176471,0.23529411764705882,0.17647058823529413,0.8235294117647058,0.7058823529411765,0.8823529411764706,0.6972480635870207,-0.8566377938836858,-0.37269853620987253,-0.4226985362098725,-1.05,0.11764705882352941,4.546704412716281,4.648170915819487,0.005114640029701794,0.47058823529411764
phase2_simple_setup,bear__long_lower_bear__low_area__shrinking_volume,long,66,conclusion_ok,0.6363636363636364,0.36363636363636365,0.6212121212121212,0.2727272727272727,0.10606060606060606,0.9696969696969697,0.8787878787878788,0.9090909090909091,3.22759966642932,1.0775042477138599,-0.3811848339416066,-0.43118483394160667,-1.05,0.09090909090909091,10.33920840225443,7.150614142566982,0.0031527120324988307,0.7878787878787878
phase2_simple_setup,bear__long_lower_bear__middle_area__high_volume,long,4,observe_only,0.25,0.75,0.75,0.25,0.0,0.25,0.25,0.75,-2.9385715744569527,-2.1613598114956636,-0.3871646501841168,-0.4371646501841168,-1.05,0.25,1.4753720875891598,5.859046312488907,0.007688679453486313,0.0
phase2_core_setup,sideways__kept_bull__long_lower_bear__middle_area__no_breakout,long,17,observe_only,0.5882352941176471,0.4117647058823529,0.5882352941176471,0.35294117647058826,0.058823529411764705,0.9411764705882353,0.8235294117647058,0.8823529411764706,2.2872426225550657,1.6236054022313287,-0.39130047794794603,-0.4413004779479461,-1.05,0.11764705882352941,6.911223749669656,6.648787106414395,0.0030754197770484827,0.5294117647058824
phase2_core_setup,downtrend__kept_bear__long_lower_bear__low_area__confirmed_down_breakout,long,4,observe_only,0.75,0.25,0.75,0.25,0.0,1.0,0.25,0.75,1.2554436205095998,0.9219732449403617,-0.3926805143422303,-0.4426805143422303,-1.05,0.25,3.0482986630343865,3.1051077680062296,0.009756465230571039,0.25
phase2_simple_setup,bull__normal_bull__low_area__shrinking_volume,long,24,observe_only,0.4583333333333333,0.5416666666666666,0.5,0.4166666666666667,0.08333333333333333,0.875,0.625,0.875,-0.4358309710263435,-0.18955532902562477,-0.3979626176162232,-0.4479626176162232,-1.05,0.125,4.049673976446553,5.114176608589812,0.004877794170262577,0.4583333333333333
phase2_simple_setup,bull__long_upper_bull__low_area__shrinking_volume,long,63,conclusion_ok,0.4603174603174603,0.5396825396825397,0.6190476190476191,0.15873015873015872,0.2222222222222222,0.9365079365079365,0.873015873015873,0.9523809523809523,1.6004184783889828,-0.878858024691386,-0.3989119942956395,-0.4489119942956396,-1.05,0.047619047619047616,13.16067511031217,12.31104724719129,0.0025662858525008596,0.7777777777777778
phase2_simple_setup,bear__long_lower_bear__high_area__normal_volume,long,24,observe_only,0.3333333333333333,0.6666666666666666,0.6666666666666666,0.2916666666666667,0.041666666666666664,0.75,0.5,0.875,-2.0383374972180937,-3.593368465928094,-0.44683630930137613,-0.4968363093013763,-1.05,0.125,3.5866948504012393,6.212762039102337,0.005129722187224917,0.3333333333333333
phase2_core_setup,sideways__kept_bear__long_lower_bull__low_area__no_breakout,long,21,observe_only,0.6190476190476191,0.38095238095238093,0.47619047619047616,0.42857142857142855,0.09523809523809523,0.8571428571428571,0.7142857142857143,0.8571428571428571,1.9456245032664414,0.5528455284553048,-0.455466808973945,-0.5054668089739451,-1.05,0.14285714285714285,4.926400432566345,4.493128985119066,0.005002862723161975,0.38095238095238093
phase2_core_setup,uptrend__kept_bull__long_lower_bear__low_area__no_breakout,long,4,observe_only,0.75,0.25,0.75,0.25,0.0,0.75,0.75,0.75,3.7707688179618737,3.5632394368452256,-0.4604508979747715,-0.5104508979747715,-1.05,0.25,13.402285962015334,6.704253758483734,0.003455520874988471,0.5
phase2_simple_setup,bear__true_weak_bear__low_area__shrinking_volume,long,54,conclusion_ok,0.6296296296296297,0.37037037037037035,0.7777777777777778,0.018518518518518517,0.2037037037037037,1.0,1.0,0.9444444444444444,27.523538497151637,6.2640338260347175,-0.464156921289559,-0.5141569212895591,-1.05,0.05555555555555555,72.12495979770557,138.1272087766649,0.0009414876166484223,0.9444444444444444
phase2_core_setup,downtrend__kept_bear__true_strong_bull__low_area__no_breakout,long,6,observe_only,0.6666666666666666,0.3333333333333333,0.5,0.5,0.0,0.8333333333333334,0.6666666666666666,0.6666666666666666,0.5004868565070028,0.5991733829612675,-0.4669422056795775,-0.5169422056795775,-1.05,0.3333333333333333,1.9846420240092666,1.9357604980197864,0.007760941596600071,0.0
phase2_simple_setup,bull__long_upper_bull__high_area__shrinking_volume,long,118,conclusion_ok,0.423728813559322,0.576271186440678,0.6949152542372882,0.11864406779661017,0.1864406779661017,0.9491525423728814,0.847457627118644,0.9576271186440678,0.5135396472892446,-1.984041654161427,-0.47687158787126377,-0.5268715878712638,-1.05,0.0423728813559322,11.77636282182366,11.780513980167704,0.002663098426962766,0.7711864406779662
phase2_core_setup,uptrend__kept_bull__normal_bull__high_area__no_breakout,long,30,conclusion_ok,0.43333333333333335,0.5666666666666667,0.5666666666666667,0.26666666666666666,0.16666666666666666,0.9333333333333333,0.6666666666666666,0.9666666666666667,1.009769872298571,-1.29075446306049,-0.4905412240768969,-0.5405412240768971,-1.05,0.03333333333333333,7.294935401925343,6.168819619945642,0.004785259720957838,0.43333333333333335
phase2_simple_setup,bull__long_lower_bull__middle_area__huge_volume,long,3,observe_only,0.3333333333333333,0.6666666666666666,0.0,0.6666666666666666,0.0,0.6666666666666666,0.0,0.6666666666666666,-0.7111069743342745,-0.9263241106719391,-0.5447154471544716,-0.5947154471544716,-1.05,0.3333333333333333,1.0327676370167105,1.8757688114194053,0.014284330445430348,0.0
phase2_simple_setup,bull__long_upper_bull__middle_area__normal_volume,long,28,observe_only,0.5357142857142857,0.4642857142857143,0.5357142857142857,0.42857142857142855,0.03571428571428571,0.8571428571428571,0.7857142857142857,0.8571428571428571,1.7457785342019625,1.0987369087261398,-0.562731517157805,-0.612731517157805,-1.05,0.14285714285714285,7.839409911967468,7.238506612956715,0.00375495664027474,0.5714285714285714
phase2_core_setup,sideways__kept_bear__true_strong_bull__middle_area__no_breakout,long,16,observe_only,0.3125,0.6875,0.5625,0.25,0.125,0.625,0.5625,0.8125,-1.4268282201073355,-0.3244592537601291,-0.5690376254577147,-0.6190376254577148,-1.05,0.1875,3.39020025246834,5.248821230537677,0.007093318200968449,0.25
big_bear_day,True,long,156,conclusion_ok,0.5705128205128205,0.42948717948717946,0.6794871794871795,0.16666666666666666,0.14743589743589744,0.9230769230769231,0.8076923076923077,0.9230769230769231,-0.18548529504123223,0.8910626685552838,-0.6033644222496778,-0.6533644222496778,-1.05,0.07051282051282051,19.982586253460102,22.85251574628362,0.004675440015950562,0.6794871794871795
phase2_core_setup,sideways__kept_bear__normal_bear__low_area__no_breakout,long,14,observe_only,0.8571428571428571,0.14285714285714285,0.8571428571428571,0.0,0.14285714285714285,1.0,1.0,0.9285714285714286,7.79058104083442,4.2777176527175875,-0.6212207105064184,-0.6712207105064184,-1.05,0.07142857142857142,20.021209822320593,10.664414236859855,0.0022345609691861654,0.9285714285714286
phase2_core_setup,sideways__kept_bull__long_lower_bull__high_area__no_breakout,long,28,observe_only,0.35714285714285715,0.6428571428571429,0.4642857142857143,0.39285714285714285,0.14285714285714285,0.8571428571428571,0.6071428571428571,0.9285714285714286,0.1765582546288338,-0.9197373172910353,-0.6275776568183521,-0.6775776568183522,-1.05,0.07142857142857142,5.325352847174249,5.270056834568641,0.004619178969255495,0.42857142857142855
changed_bull_to_bear,True,long,59,conclusion_ok,0.4067796610169492,0.5932203389830508,0.7966101694915254,0.0847457627118644,0.11864406779661017,0.9152542372881356,0.8813559322033898,0.9830508474576272,154.6534690813471,-3.0735042735043234,-0.6638280281107892,-0.7138280281107892,-1.05,0.01694915254237288,456.6826638903461,74.96528083278359,0.0017063616440569059,0.847457627118644
last_hour_change_type,changed_bull_to_bear,long,59,conclusion_ok,0.4067796610169492,0.5932203389830508,0.7966101694915254,0.0847457627118644,0.11864406779661017,0.9152542372881356,0.8813559322033898,0.9830508474576272,154.6534690813471,-3.0735042735043234,-0.6638280281107892,-0.7138280281107892,-1.05,0.01694915254237288,456.6826638903461,74.96528083278359,0.0017063616440569059,0.847457627118644
phase2_core_setup,uptrend__kept_bear__long_lower_bear__low_area__confirmed_down_breakout,long,4,observe_only,0.5,0.5,0.75,0.25,0.0,1.0,0.5,0.75,-1.0463053796862438,-0.5265323147172507,-0.6711187214611889,-0.7211187214611889,-1.05,0.25,3.0023800873498194,2.952213076810146,0.0070940118142105634,0.25
phase2_core_setup,downtrend__kept_bull__long_lower_bear__middle_area__no_breakout,long,15,observe_only,0.4666666666666667,0.5333333333333333,0.6,0.3333333333333333,0.06666666666666667,0.8666666666666667,0.7333333333333333,0.9333333333333333,0.2258893631182662,-1.3349652151507294,-0.6899318090653777,-0.7399318090653779,-1.05,0.06666666666666667,6.332595849512247,7.855586911295292,0.0028204953997184434,0.4
phase2_core_setup,sideways__kept_bull__true_strong_bull__middle_area__no_breakout,long,4,observe_only,0.5,0.5,0.75,0.0,0.0,0.5,0.5,0.75,-5.037680586140044,-2.650667018947047,-0.7050327575938027,-0.7550327575938027,-1.05,0.25,2.4339877503702168,7.517437626240443,0.0036357606009962866,0.5
phase2_core_setup,uptrend__kept_bull__long_upper_bull__high_area__confirmed_up_breakout,long,8,observe_only,0.375,0.625,0.75,0.125,0.125,0.75,0.625,0.875,0.5097644975835037,-0.6294485468489774,-0.7206495242588654,-0.7706495242588655,-1.05,0.125,3.1934852895646495,4.035340487484987,0.007968343227681092,0.625
phase2_simple_setup,bear__normal_bear__middle_area__shrinking_volume,long,54,conclusion_ok,0.5370370370370371,0.46296296296296297,0.9074074074074074,0.0,0.09259259259259259,0.9629629629629629,0.9444444444444444,0.9814814814814815,-500.2504988571553,1.6546205038609307,-0.7306556556556558,-0.7806556556556555,-1.05,0.018518518518518517,141.44314350012374,774.428934251636,0.0012877151203518722,0.9259259259259259
phase2_core_setup,downtrend__kept_bear__long_upper_bull__middle_area__no_breakout,long,28,observe_only,0.32142857142857145,0.6785714285714286,0.75,0.17857142857142858,0.07142857142857142,0.8571428571428571,0.7142857142857143,0.9642857142857143,-3.6836092078169345,-2.8729530077693064,-0.7472157041291604,-0.7972157041291607,-1.05,0.03571428571428571,6.2811331645882715,12.574230791771992,0.003697756882619505,0.7142857142857143
phase2_core_setup,sideways__kept_bear__true_strong_bull__high_area__no_breakout,long,4,observe_only,0.0,1.0,0.75,0.25,0.0,0.25,0.0,0.75,-2.413222872362649,-1.937111500425677,-0.8004138449962427,-0.8504138449962426,-1.05,0.0,0.6827327047172181,4.370783878110753,0.006387936728027333,0.0
phase2_core_setup,uptrend__kept_bull__normal_bull__high_area__confirmed_up_breakout,long,6,observe_only,0.6666666666666666,0.3333333333333333,0.5,0.5,0.0,0.8333333333333334,0.16666666666666666,0.8333333333333334,-0.2593612331316205,0.12447879800296213,-0.8245058530032624,-0.8745058530032623,-1.05,0.16666666666666666,1.3163810651395618,2.307258705655159,0.020397565152033306,0.16666666666666666
phase2_core_setup,sideways__kept_bull__long_upper_bull__middle_area__no_breakout,long,17,observe_only,0.5882352941176471,0.4117647058823529,0.6470588235294118,0.11764705882352941,0.23529411764705882,1.0,0.8823529411764706,0.9411764705882353,2.681127723404535,2.1534090909093515,-0.8879221570729012,-0.9379221570729013,-1.05,0.058823529411764705,12.676712306682145,11.95399105106296,0.0016661613241070229,0.7647058823529411
phase2_core_setup,sideways__kept_bull__long_lower_bear__high_area__no_breakout,long,22,observe_only,0.3181818181818182,0.6818181818181818,0.7727272727272727,0.18181818181818182,0.045454545454545456,0.7272727272727273,0.6363636363636364,0.9545454545454546,-2.7685188563784044,-2.4747168361499625,-0.8963189029871029,-0.9463189029871031,-1.05,0.045454545454545456,3.6242600941257237,8.491458732811882,0.003753785920538015,0.5
phase2_core_setup,downtrend__kept_bull__long_upper_bull__high_area__no_breakout,long,43,conclusion_ok,0.5348837209302325,0.46511627906976744,0.6744186046511628,0.16279069767441862,0.16279069767441862,0.9767441860465116,0.9069767441860465,1.0,1.2316435096284677,0.30792682926831366,-1.0,-1.0499999999999998,-1.05,0.0,10.472939615773546,10.220964398154754,0.0035639755854850173,0.8604651162790697
phase2_core_setup,downtrend__kept_bear__long_upper_bear__middle_area__no_breakout,long,25,observe_only,0.6,0.4,0.8,0.04,0.16,1.0,0.88,1.0,-11.54361330487018,1.2161616161616309,-1.0,-1.05,-1.05,0.0,29.203037338012827,48.543909634813296,0.001674081466004038,0.96
phase2_simple_setup,bear__long_upper_bear__low_area__normal_volume,long,19,observe_only,0.3157894736842105,0.6842105263157895,0.8333333333333334,0.0,0.16666666666666666,0.9444444444444444,0.8888888888888888,1.0,-34.13718939594619,-1.5488135443811837,-1.0,-1.05,-1.05,0.0,35.96491576371986,70.045717167995,0.0026190059368708333,0.8947368421052632
phase2_core_setup,uptrend__kept_bear__long_lower_bear__middle_area__no_breakout,long,19,observe_only,0.5263157894736842,0.47368421052631576,0.7368421052631579,0.10526315789473684,0.15789473684210525,0.7894736842105263,0.6842105263157895,1.0,0.14717828658407725,0.31815458358297233,-1.0,-1.05,-1.05,0.0,7.015748480332489,9.144558800073323,0.005062336420329709,0.5263157894736842
phase2_core_setup,uptrend__kept_bull__normal_bear__middle_area__no_breakout,long,19,observe_only,0.5263157894736842,0.47368421052631576,0.8947368421052632,0.0,0.10526315789473684,0.9473684210526315,0.8947368421052632,1.0,5.300594104201934,0.08012820512820637,-1.0,-1.05,-1.05,0.0,22.154993988757283,16.663311797251296,0.001788076371674247,0.8421052631578947
phase2_simple_setup,bear__true_weak_bear__low_area__high_volume,long,18,observe_only,0.3888888888888889,0.6111111111111112,0.8888888888888888,0.05555555555555555,0.05555555555555555,0.8888888888888888,0.8888888888888888,1.0,-19.064249183996413,-1.7074735089376367,-1.0,-1.05,-1.05,0.0,11.556402608863753,55.17000269915552,0.0026921349889501935,0.8888888888888888
phase2_core_setup,downtrend__kept_bull__long_upper_bear__middle_area__no_breakout,long,17,observe_only,0.35294117647058826,0.6470588235294118,0.8823529411764706,0.0,0.11764705882352941,1.0,0.8235294117647058,1.0,-8.82621437971695,-8.565656565656404,-1.0,-1.05,-1.05,0.0,12.816607280584401,28.33466225919442,0.0014376719439675948,1.0
phase2_core_setup,sideways__kept_bull__long_upper_bear__middle_area__no_breakout,long,16,observe_only,0.4375,0.5625,0.9285714285714286,0.0,0.07142857142857142,0.9285714285714286,0.8571428571428571,1.0,-3.222704130879816,-17.569770703869274,-1.0,-1.05,-1.05,0.0,37.143510464734746,41.472187540319226,0.0009684121928049535,0.8125
phase2_simple_setup,bear__normal_bear__low_area__huge_volume,long,9,observe_only,0.5555555555555556,0.4444444444444444,0.7777777777777778,0.2222222222222222,0.0,0.6666666666666666,0.6666666666666666,1.0,-34.548913746060556,0.5284640171858646,-1.0,-1.05,-1.05,0.0,21.00955954605509,50.16613663252774,0.006329000878357394,0.3333333333333333
phase2_core_setup,downtrend__kept_bull__long_upper_bear__high_area__no_breakout,long,9,observe_only,0.2222222222222222,0.7777777777777778,1.0,0.0,0.0,0.8888888888888888,0.7777777777777778,1.0,-24.794376571688545,-15.655007949124661,-1.0,-1.05,-1.05,0.0,8.50318809706961,38.061155641364316,0.001752773210717458,0.8888888888888888
phase2_core_setup,sideways__kept_bear__normal_bull__low_area__no_breakout,long,9,observe_only,0.3333333333333333,0.6666666666666666,0.4444444444444444,0.5555555555555556,0.0,0.6666666666666666,0.4444444444444444,1.0,-2.615174267279704,-0.7701149425287338,-1.0,-1.05,-1.05,0.0,2.7115471874992245,6.675177696376083,0.004017493410512632,0.5555555555555556
phase2_core_setup,sideways__kept_bull__normal_bear__high_area__no_breakout,long,9,observe_only,0.4444444444444444,0.5555555555555556,1.0,0.0,0.0,1.0,1.0,1.0,-5.120893950589904,-0.4846356453028655,-1.0,-1.05,-1.05,0.0,12.186485746679775,19.435247586553132,0.0013637760058888735,1.0
phase2_simple_setup,bear__long_upper_bear__high_area__high_volume,long,7,observe_only,0.42857142857142855,0.5714285714285714,0.8571428571428571,0.0,0.14285714285714285,1.0,1.0,1.0,6.9520062044191695,-1.0937284631288675,-1.0,-1.05,-1.05,0.0,99.79787771454278,28.826985714485293,0.002170964766776807,0.8571428571428571
phase2_core_setup,sideways__kept_bear__normal_bear__middle_area__no_breakout,long,7,observe_only,0.42857142857142855,0.5714285714285714,0.8571428571428571,0.14285714285714285,0.0,0.8571428571428571,0.8571428571428571,1.0,1.0340188756425162,-3.0530164533820434,-1.0,-1.05,-1.05,0.0,11.694267840168862,8.833646177535408,0.0019038144263203315,0.7142857142857143
phase2_core_setup,uptrend__kept_bear__true_weak_bear__low_area__confirmed_down_breakout,long,7,observe_only,0.5714285714285714,0.42857142857142855,0.5714285714285714,0.0,0.42857142857142855,1.0,1.0,1.0,15.89489576734917,1.011572498298142,-1.0,-1.05,-1.05,0.0,32.25351542519997,15.943882267357878,0.0017139327205494184,1.0
phase2_core_setup,sideways__kept_bull__long_upper_bear__high_area__failed_up_breakout,long,6,observe_only,0.0,1.0,0.8333333333333334,0.0,0.16666666666666666,0.8333333333333334,0.8333333333333334,1.0,-60.03006048534351,-12.354302429288918,-1.0,-1.05,-1.05,0.0,15.472937934522903,98.45272739395148,0.0009762170612520182,0.8333333333333334
phase2_core_setup,sideways__kept_bull__true_weak_bear__high_area__no_breakout,long,6,observe_only,0.5,0.5,1.0,0.0,0.0,1.0,1.0,1.0,1831.2316929111546,5.586008911311576,-1.0,-1.05,-1.05,0.0,2021.981977082996,258.0861123441816,0.001449542757940734,1.0
phase2_core_setup,uptrend__kept_bear__true_weak_bear__middle_area__no_breakout,long,6,observe_only,0.5,0.5,0.8333333333333334,0.0,0.16666666666666666,1.0,1.0,1.0,7.673871577744542,0.807765721526972,-1.0,-1.05,-1.05,0.0,26.57422942111263,12.603062687043469,0.0011486546751480595,1.0
phase2_simple_setup,bear__long_upper_bear__middle_area__high_volume,long,5,observe_only,0.4,0.6,0.8,0.0,0.2,1.0,1.0,1.0,0.23492566054796704,-3.371681415929453,-1.0,-1.05,-1.05,0.0,16.26961246227297,10.863972913213498,0.0017719474065655543,1.0
phase2_simple_setup,bear__normal_bear__middle_area__high_volume,long,5,observe_only,0.6,0.4,0.8,0.2,0.0,1.0,0.8,1.0,-9.307861636802112,0.13243761996160439,-1.0,-1.05,-1.05,0.0,10.384254959792269,25.039750710692825,0.0026945630895743675,0.6
phase2_simple_setup,bear__true_weak_bear__middle_area__high_volume,long,5,observe_only,0.4,0.6,1.0,0.0,0.0,1.0,1.0,1.0,-0.12416259934136101,-0.3464684014870321,-1.0,-1.05,-1.05,0.0,14.038010378695535,11.462996826005767,0.003137843414517165,0.8
phase2_simple_setup,bull__long_upper_bull__middle_area__high_volume,long,5,observe_only,0.6,0.4,0.8,0.2,0.0,1.0,0.8,1.0,3.0785494018993953,4.82953846153848,-1.0,-1.05,-1.05,0.0,6.81131321844143,5.3493289317301045,0.004714350554203828,0.8
phase2_core_setup,downtrend__changed_bear_to_bull__long_lower_bull__middle_area__no_breakout,long,5,observe_only,0.8,0.2,0.6,0.4,0.0,1.0,0.6,1.0,0.9268162650984518,0.09252758274822946,-1.0,-1.05,-1.05,0.0,3.2002154048942755,2.0709490915179436,0.00759717778644092,0.0
phase2_core_setup,downtrend__changed_bull_to_bear__true_weak_bear__low_area__no_breakout,long,5,observe_only,0.6,0.4,0.6,0.4,0.0,1.0,1.0,1.0,-2.1695847407467648,0.09228039041704572,-1.0,-1.05,-1.05,0.0,31.12084595129142,69.26907868727656,0.001578175722882809,1.0
phase2_core_setup,downtrend__kept_bull__normal_bull__middle_area__no_breakout,long,5,observe_only,0.0,1.0,1.0,0.0,0.0,0.6,0.6,1.0,-6.80461387115804,-3.619751166407506,-1.0,-1.05,-1.05,0.0,3.494029397897438,9.246173207366386,0.005400583080445722,0.4
phase2_core_setup,sideways__kept_bear__long_upper_bear__low_area__confirmed_down_breakout,long,5,observe_only,0.4,0.6,0.8,0.0,0.2,1.0,0.8,1.0,-7.421341223607018,-0.6469408224673738,-1.0,-1.05,-1.05,0.0,15.702544233283032,81.2873598011044,0.0011408738293008358,0.8
phase2_core_setup,uptrend__kept_bull__normal_bear__low_area__no_breakout,long,5,observe_only,0.2,0.8,0.8,0.2,0.0,1.0,0.6,1.0,-17.28741560427319,-17.212076583210244,-1.0,-1.05,-1.05,0.0,5.095002626170098,28.99651596909016,0.00225391045313939,0.8
signal_color,doji,long,4,observe_only,0.25,0.75,1.0,0.0,0.0,0.25,0.25,1.0,-3.380394840568274,-3.550574643102588,-1.0,-1.05,-1.05,0.0,2.101087601487824,7.472301821174436,0.0032943861944442626,0.0
last_hour_wick_type,doji_or_flat,long,4,observe_only,0.25,0.75,1.0,0.0,0.0,0.25,0.25,1.0,-3.380394840568274,-3.550574643102588,-1.0,-1.05,-1.05,0.0,2.101087601487824,7.472301821174436,0.0032943861944442626,0.0
phase2_simple_setup,bear__long_lower_bear__high_area__high_volume,long,4,observe_only,0.0,1.0,0.5,0.5,0.0,0.5,0.25,1.0,-2.5950865845603768,-2.594130309803533,-1.0,-1.05,-1.05,0.0,1.2769911346853218,4.537035560150646,0.008204085153782752,0.0
phase2_simple_setup,bear__true_weak_bear__high_area__normal_volume,long,4,observe_only,0.5,0.5,1.0,0.0,0.0,1.0,1.0,1.0,9.068383650429286,6.463872618467432,-1.0,-1.05,-1.05,0.0,20.18134479233243,14.67084481580516,0.0010789903450660174,1.0
phase2_core_setup,downtrend__changed_bull_to_bear__normal_bear__middle_area__no_breakout,long,4,observe_only,0.5,0.5,1.0,0.0,0.0,1.0,1.0,1.0,-10.82259885187883,-4.855223004202506,-1.0,-1.05,-1.05,0.0,4.8635532826667065,25.759633182727736,0.0020683932149544735,1.0
phase2_core_setup,downtrend__kept_bear__long_lower_bull__high_area__no_breakout,long,4,observe_only,0.5,0.5,0.75,0.25,0.0,0.5,0.5,1.0,-1.3066885059940074,-0.8950403695740246,-1.0,-1.05,-1.05,0.0,5.086874512319989,10.237847406065033,0.0036655258002670824,0.0
phase2_core_setup,downtrend__kept_bear__long_upper_bear__high_area__no_breakout,long,4,observe_only,0.5,0.5,1.0,0.0,0.0,0.5,0.5,1.0,55.275208427653354,32.02877789046695,-1.0,-1.05,-1.05,0.0,66.34035962766193,36.8924923604283,0.0012366765093073688,0.5
phase2_core_setup,downtrend__kept_bear__normal_bull__high_area__no_breakout,long,4,observe_only,0.25,0.75,0.5,0.5,0.0,1.0,0.5,1.0,-2.6884831012513906,-1.8756107094000198,-1.0,-1.05,-1.05,0.0,3.427764432476194,5.597756806979464,0.00418213078147801,0.5
phase2_core_setup,downtrend__kept_bull__normal_bear__middle_area__no_breakout,long,4,observe_only,0.5,0.5,1.0,0.0,0.0,0.75,0.75,1.0,2.292084567680078,-0.9897580489687385,-1.0,-1.05,-1.05,0.0,15.895981126349579,17.42779878528956,0.0016828693354096007,0.75
phase2_core_setup,uptrend__changed_bear_to_bull__long_upper_bull__middle_area__no_breakout,long,4,observe_only,0.25,0.75,0.5,0.25,0.25,0.5,0.5,1.0,-0.6930718871168433,-0.6309291618570047,-1.0,-1.05,-1.05,0.0,2.859619223410853,4.909691963727861,0.0032529906176888266,0.5
phase2_core_setup,uptrend__changed_bear_to_bull__normal_bull__middle_area__no_breakout,long,4,observe_only,0.5,0.5,0.75,0.25,0.0,0.5,0.5,1.0,-0.31030298095006065,-0.2737685078241118,-1.0,-1.05,-1.05,0.0,2.264517076424333,5.247101995830005,0.004363755864893955,0.25
phase2_core_setup,uptrend__kept_bear__long_upper_bull__high_area__no_breakout,long,4,observe_only,0.5,0.5,0.75,0.0,0.25,1.0,0.75,1.0,9.85517810944528,2.9939825327511205,-1.0,-1.05,-1.05,0.0,17.893984610532968,13.073497815314843,0.001425850268007717,1.0
phase2_core_setup,uptrend__kept_bull__long_lower_bull__high_area__confirmed_up_breakout,long,4,observe_only,0.0,1.0,0.5,0.5,0.0,0.75,0.5,1.0,-2.7844397115276447,-2.4946851068467226,-1.0,-1.05,-1.05,0.0,2.64407172088291,6.387961038663292,0.008205868354731728,0.5
phase2_core_setup,uptrend__kept_bull__long_upper_bull__low_area__no_breakout,long,4,observe_only,0.75,0.25,0.5,0.25,0.25,1.0,1.0,1.0,11.50450881278785,12.377139198459469,-1.0,-1.05,-1.05,0.0,19.208308988564298,7.54899470805087,0.0023703654534878516,0.75
phase2_core_setup,uptrend__kept_bull__normal_bull__high_area__failed_up_breakout,long,4,observe_only,0.5,0.5,0.75,0.25,0.0,0.75,0.75,1.0,1.8022809506184247,2.003200409794997,-1.0,-1.05,-1.05,0.0,5.75480728630574,3.970868950184989,0.005167737556200484,0.75
phase2_core_setup,downtrend__changed_bull_to_bear__true_weak_bear__low_area__confirmed_down_breakout,long,3,observe_only,0.3333333333333333,0.6666666666666666,0.3333333333333333,0.3333333333333333,0.3333333333333333,1.0,1.0,1.0,-83.92443507372244,-8.211764705882338,-1.0,-1.05,-1.05,0.0,3.4241976646485575,138.12159166162795,0.0019932762648883955,0.6666666666666666
phase2_core_setup,downtrend__kept_bull__normal_bear__low_area__no_breakout,long,3,observe_only,0.3333333333333333,0.6666666666666666,0.6666666666666666,0.0,0.3333333333333333,0.6666666666666666,0.6666666666666666,1.0,-7.0905843613327475,-11.984544049458256,-1.0,-1.05,-1.05,0.0,6.241366432761392,13.515215271005248,0.0018116196907729668,0.6666666666666666
phase2_core_setup,downtrend__kept_bull__true_weak_bear__low_area__no_breakout,long,3,observe_only,0.6666666666666666,0.3333333333333333,0.6666666666666666,0.0,0.3333333333333333,1.0,1.0,1.0,4.093440824964045,8.968645016797401,-1.0,-1.05,-1.05,0.0,11.36837836934057,7.731371256945934,0.0020179292162740736,1.0
phase2_core_setup,sideways__changed_bull_to_bear__normal_bear__low_area__no_breakout,long,3,observe_only,0.3333333333333333,0.6666666666666666,1.0,0.0,0.0,1.0,1.0,1.0,-20.839138091405264,-25.581151832462606,-1.0,-1.05,-1.05,0.0,9.5393045636698,45.38314587532317,0.0007610515654550351,1.0
phase2_core_setup,sideways__changed_bull_to_bear__true_weak_bear__low_area__no_breakout,long,3,observe_only,0.6666666666666666,0.3333333333333333,1.0,0.0,0.0,0.6666666666666666,0.6666666666666666,1.0,-7.491864387304456,5.259786476868704,-1.0,-1.05,-1.05,0.0,12.470131432877004,22.058353750106395,0.0011438040580505522,0.6666666666666666
phase2_core_setup,sideways__kept_bear__long_lower_bear__high_area__no_breakout,long,3,observe_only,0.0,1.0,0.6666666666666666,0.0,0.3333333333333333,0.6666666666666666,0.6666666666666666,1.0,-5.590457853650153,-5.017676767676878,-1.0,-1.05,-1.05,0.0,4.023113302741876,10.26118539497442,0.0034573678937437104,0.6666666666666666
phase2_core_setup,sideways__kept_bear__long_lower_bull__low_area__failed_down_breakout,long,3,observe_only,0.3333333333333333,0.6666666666666666,0.6666666666666666,0.3333333333333333,0.0,1.0,0.6666666666666666,1.0,1.7391907111012603,-0.13005418924553638,-1.0,-1.05,-1.05,0.0,4.6066985915087795,1.8430328993335519,0.008116346453652274,0.3333333333333333
phase2_core_setup,sideways__kept_bear__normal_bear__low_area__confirmed_down_breakout,long,3,observe_only,0.6666666666666666,0.3333333333333333,0.0,0.3333333333333333,0.6666666666666666,1.0,1.0,1.0,4.65381420182222,1.3576770787505559,-1.0,-1.05,-1.05,0.0,7.394042304411379,4.985480229205015,0.011100449991404956,1.0
phase2_core_setup,sideways__kept_bear__true_weak_bear__low_area__failed_down_breakout,long,3,observe_only,1.0,0.0,1.0,0.0,0.0,1.0,1.0,1.0,5.429104524325452,4.071320182094036,-1.0,-1.05,-1.05,0.0,9.26486755600108,4.118210718105783,0.002218728008006871,1.0
phase2_core_setup,sideways__kept_bull__true_weak_bear__low_area__no_breakout,long,3,observe_only,0.3333333333333333,0.6666666666666666,0.6666666666666666,0.0,0.3333333333333333,0.6666666666666666,0.6666666666666666,1.0,0.06797370059620178,-2.9861111111111867,-1.0,-1.05,-1.05,0.0,11.586967173254918,25.127395225849085,0.001780072188792489,0.6666666666666666
phase2_core_setup,uptrend__changed_bull_to_bear__long_upper_bear__middle_area__no_breakout,long,3,observe_only,0.0,1.0,0.3333333333333333,0.3333333333333333,0.3333333333333333,1.0,1.0,1.0,-14.82553071363983,-14.033333333333319,-1.0,-1.05,-1.05,0.0,5.663098464317787,25.820054200540635,0.00161360569005925,0.6666666666666666
phase2_core_setup,uptrend__changed_bull_to_bear__normal_bear__middle_area__no_breakout,long,3,observe_only,0.6666666666666666,0.3333333333333333,1.0,0.0,0.0,1.0,1.0,1.0,-8.76130486263462,5.003843689942382,-1.0,-1.05,-1.05,0.0,31.824874588455344,31.64613931393546,0.0023881319649193926,1.0
phase2_core_setup,uptrend__kept_bear__normal_bear__low_area__failed_down_breakout,long,3,observe_only,0.3333333333333333,0.6666666666666666,1.0,0.0,0.0,0.6666666666666666,0.3333333333333333,1.0,-18.140981476168534,-14.249387254902215,-1.0,-1.05,-1.05,0.0,3.514424060888762,34.03448778154312,0.0031787058199069114,0.6666666666666666
phase2_core_setup,uptrend__kept_bull__true_strong_bull__high_area__failed_up_breakout,long,3,observe_only,0.0,1.0,0.3333333333333333,0.6666666666666666,0.0,0.6666666666666666,0.6666666666666666,1.0,-2.735877320031895,-2.0949335956714368,-1.0,-1.05,-1.05,0.0,1.5969260842841295,4.921342217713086,0.006905825750584471,0.3333333333333333
phase2_simple_setup,bear__long_upper_bear__low_area__huge_volume,long,2,observe_only,0.0,1.0,1.0,0.0,0.0,0.5,0.5,1.0,-20.649677513925557,-20.649677513925557,-1.0,-1.05,-1.05,0.0,4.352140134857848,40.84168865435338,0.0038026311568361447,0.5
phase2_simple_setup,bear__normal_bear__high_area__high_volume,long,2,observe_only,0.0,1.0,0.5,0.5,0.0,1.0,1.0,1.0,-3.4388345179872872,-3.4388345179872872,-1.0,-1.05,-1.05,0.0,5.269814584432492,8.561922525772536,0.0038074455226981265,1.0
phase2_simple_setup,bull__long_lower_bull__high_area__huge_volume,long,2,observe_only,1.0,0.0,0.5,0.5,0.0,1.0,0.5,1.0,1.7057847069029537,1.7057847069029537,-1.0,-1.05,-1.05,0.0,3.7903318378981394,1.190736084603627,0.006546736218641264,0.5
phase2_simple_setup,bull__long_upper_bull__low_area__high_volume,long,2,observe_only,1.0,0.0,1.0,0.0,0.0,1.0,1.0,1.0,7.774103376660896,7.774103376660896,-1.0,-1.05,-1.05,0.0,9.706450002637537,1.8628291331029478,0.0038018400467892356,0.5
phase2_simple_setup,bull__long_upper_bull__low_area__huge_volume,long,2,observe_only,0.5,0.5,1.0,0.0,0.0,1.0,0.0,1.0,-6.664624408517168,-6.664624408517168,-1.0,-1.05,-1.05,0.0,1.7008011421247988,10.520170790614939,0.006448848508062983,0.5
phase2_simple_setup,bull__true_strong_bull__middle_area__high_volume,long,2,observe_only,0.0,1.0,0.5,0.0,0.5,0.5,0.5,1.0,-3.130111448417014,-3.130111448417014,-1.0,-1.05,-1.05,0.0,1.3573739636015851,8.673527525014599,0.006083726093635436,0.0
phase2_simple_setup,doji__doji_or_flat__high_area__shrinking_volume,long,2,observe_only,0.5,0.5,1.0,0.0,0.0,0.5,0.5,1.0,1.4584595900005162,1.4584595900005162,-1.0,-1.05,-1.05,0.0,4.122823891022309,3.9547056831651193,0.003275465603860964,0.0
phase2_core_setup,downtrend__changed_bear_to_bull__long_upper_bull__middle_area__no_breakout,long,2,observe_only,1.0,0.0,0.0,1.0,0.0,1.0,1.0,1.0,12.288587976072384,12.288587976072384,-1.0,-1.05,-1.05,0.0,18.220838347727437,2.0185318738496307,0.0061891805343069605,0.0
phase2_core_setup,downtrend__changed_bear_to_bull__normal_bull__middle_area__no_breakout,long,2,observe_only,0.5,0.5,0.0,1.0,0.0,1.0,0.5,1.0,-1.31382082903232,-1.31382082903232,-1.0,-1.05,-1.05,0.0,2.6709766212130384,4.591935133373173,0.0027055731074110186,0.5
phase2_core_setup,downtrend__changed_bear_to_bull__true_strong_bull__middle_area__no_breakout,long,2,observe_only,0.0,1.0,1.0,0.0,0.0,0.5,0.0,1.0,-5.055535204162008,-5.055535204162008,-1.0,-1.05,-1.05,0.0,0.7079553597537364,7.344530348747986,0.005470932265774425,0.5
phase2_core_setup,downtrend__changed_bull_to_bear__long_upper_bear__middle_area__no_breakout,long,2,observe_only,0.0,1.0,0.5,0.0,0.5,1.0,1.0,1.0,-14.760976571300901,-14.760976571300901,-1.0,-1.05,-1.05,0.0,3.7369354021178958,22.99955156003785,0.001835116234054884,1.0
phase2_core_setup,downtrend__kept_bear__long_upper_bull__high_area__no_breakout,long,2,observe_only,1.0,0.0,1.0,0.0,0.0,1.0,1.0,1.0,25.178053962720757,25.178053962720757,-1.0,-1.05,-1.05,0.0,33.13341586434117,5.676404694563304,0.002762230917549081,1.0
phase2_core_setup,downtrend__kept_bear__normal_bear__low_area__failed_down_breakout,long,2,observe_only,0.5,0.5,0.5,0.5,0.0,1.0,0.5,1.0,2.0141730812569616,2.0141730812569616,-1.0,-1.05,-1.05,0.0,6.747673666660599,10.637789799094673,0.007623089457212537,0.5
phase2_core_setup,downtrend__kept_bull__long_upper_bear__low_area__no_breakout,long,2,observe_only,0.0,1.0,1.0,0.0,0.0,0.0,0.0,1.0,-27.624399736147698,-27.624399736147698,-1.0,-1.05,-1.05,0.0,0.40352902374669575,42.151188654353426,0.0040938679792895645,0.0
phase2_core_setup,downtrend__kept_bull__long_upper_bear__middle_area__failed_up_breakout,long,2,observe_only,0.5,0.5,0.5,0.5,0.0,1.0,1.0,1.0,6.599392930238252,6.599392930238252,-1.0,-1.05,-1.05,0.0,14.642447269275557,6.595411632324472,0.002918244028497755,1.0
phase2_core_setup,downtrend__kept_bull__normal_bear__high_area__failed_up_breakout,long,2,observe_only,0.0,1.0,1.0,0.0,0.0,1.0,1.0,1.0,-22.246766571468743,-22.246766571468743,-1.0,-1.05,-1.05,0.0,14.34386641862022,38.60773381883888,0.001024629912274861,1.0
phase2_core_setup,downtrend__kept_bull__normal_bull__high_area__failed_up_breakout,long,2,observe_only,0.5,0.5,1.0,0.0,0.0,0.5,0.5,1.0,-0.683772907365718,-0.683772907365718,-1.0,-1.05,-1.05,0.0,1.6574312597686118,2.6216680906819003,0.007336762596232859,0.5
phase2_core_setup,sideways__changed_bear_to_bull__long_upper_bull__middle_area__no_breakout,long,2,observe_only,0.5,0.5,0.5,0.5,0.0,1.0,1.0,1.0,2.1002370033686497,2.1002370033686497,-1.0,-1.05,-1.05,0.0,8.43558373347612,6.782353455982479,0.004700198488214374,1.0
phase2_core_setup,sideways__changed_bear_to_bull__normal_bull__middle_area__no_breakout,long,2,observe_only,0.5,0.5,1.0,0.0,0.0,0.5,0.5,1.0,5.17958325920685,5.17958325920685,-1.0,-1.05,-1.05,0.0,7.696439690446872,2.18399009666135,0.003499866444855228,0.5
phase2_core_setup,sideways__changed_bear_to_bull__true_strong_bull__middle_area__no_breakout,long,2,observe_only,1.0,0.0,0.5,0.0,0.5,1.0,1.0,1.0,0.7327447254878634,0.7327447254878634,-1.0,-1.05,-1.05,0.0,2.5245475879462216,1.3473119921285222,0.006622132450128558,0.0
phase2_core_setup,sideways__changed_bull_to_bear__long_lower_bear__middle_area__no_breakout,long,2,observe_only,0.0,1.0,1.0,0.0,0.0,0.5,0.5,1.0,-14.262997623291753,-14.262997623291753,-1.0,-1.05,-1.05,0.0,3.8209298871060993,23.638146167557544,0.0013723149993512614,0.5
phase2_core_setup,sideways__changed_bull_to_bear__long_upper_bear__low_area__no_breakout,long,2,observe_only,0.0,1.0,0.5,0.0,0.5,1.0,1.0,1.0,-1.0309746491665375,-1.0309746491665375,-1.0,-1.05,-1.05,0.0,18.903919205678918,11.112083344248646,0.0019789036006487917,1.0
phase2_core_setup,sideways__kept_bear__long_lower_bear__low_area__confirmed_down_breakout,long,2,observe_only,0.5,0.5,0.5,0.5,0.0,0.5,0.5,1.0,1.5176565590130717,1.5176565590130717,-1.0,-1.05,-1.05,0.0,3.060178219901985,2.4979282278949313,0.008459266384701056,0.0
phase2_core_setup,sideways__kept_bear__long_lower_bull__middle_area__failed_down_breakout,long,2,observe_only,0.0,1.0,0.5,0.5,0.0,0.5,0.0,1.0,-0.890871351689333,-0.890871351689333,-1.0,-1.05,-1.05,0.0,0.7456407851544201,2.902300082624329,0.01886063657133426,0.0
phase2_core_setup,sideways__kept_bear__long_upper_bear__low_area__failed_down_breakout,long,2,observe_only,0.0,1.0,0.5,0.5,0.0,1.0,1.0,1.0,-9.292365814317217,-9.292365814317217,-1.0,-1.05,-1.05,0.0,5.576014605063712,14.380539400614602,0.0036547289149737247,0.5
phase2_core_setup,sideways__kept_bear__long_upper_bull__low_area__failed_down_breakout,long,2,observe_only,0.5,0.5,1.0,0.0,0.0,0.5,0.5,1.0,-1.2935877935164506,-1.2935877935164506,-1.0,-1.05,-1.05,0.0,1.4795659136945871,5.722133392322926,0.003304834421299682,0.0
phase2_core_setup,sideways__kept_bear__normal_bull__high_area__no_breakout,long,2,observe_only,1.0,0.0,0.5,0.0,0.5,1.0,1.0,1.0,2.182530157709997,2.182530157709997,-1.0,-1.05,-1.05,0.0,4.7093865872348655,2.3552065308745607,0.004551405624620558,1.0
phase2_core_setup,sideways__kept_bear__normal_bull__low_area__failed_down_breakout,long,2,observe_only,1.0,0.0,0.5,0.5,0.0,1.0,1.0,1.0,4.333959766543414,4.333959766543414,-1.0,-1.05,-1.05,0.0,4.9473023850796665,3.7573132329586274,0.00528913259337461,1.0
phase2_core_setup,sideways__kept_bull__doji_or_flat__high_area__no_breakout,long,2,observe_only,0.5,0.5,1.0,0.0,0.0,0.5,0.5,1.0,0.4055356908289651,0.4055356908289651,-1.0,-1.05,-1.05,0.0,3.707670504463553,4.6982332429754265,0.0039734238595050455,0.0
phase2_core_setup,sideways__kept_bull__long_upper_bear__middle_area__failed_up_breakout,long,2,observe_only,0.0,1.0,1.0,0.0,0.0,1.0,1.0,1.0,-33.59614667784742,-33.59614667784742,-1.0,-1.05,-1.05,0.0,16.006476563228322,40.7661448140886,0.0003547079988751561,1.0
phase2_core_setup,sideways__kept_bull__long_upper_bull__high_area__confirmed_up_breakout,long,2,observe_only,0.0,1.0,0.5,0.5,0.0,0.5,0.0,1.0,-1.572383411059336,-1.572383411059336,-1.0,-1.05,-1.05,0.0,0.9050016655562738,2.4650183211192758,0.006305594184850275,0.0
phase2_core_setup,uptrend__changed_bear_to_bull__long_lower_bull__low_area__no_breakout,long,2,observe_only,0.0,1.0,1.0,0.0,0.0,0.5,0.5,1.0,-5.652911191539413,-5.652911191539413,-1.0,-1.05,-1.05,0.0,1.4164148630431797,7.027788541985826,0.004450512965203418,0.0
phase2_core_setup,uptrend__changed_bear_to_bull__long_upper_bull__high_area__no_breakout,long,2,observe_only,0.0,1.0,1.0,0.0,0.0,0.0,0.0,1.0,-2.3893006993007,-2.3893006993007,-1.0,-1.05,-1.05,0.0,0.6567382617382603,6.255919080919085,0.004833942453471802,0.0
phase2_core_setup,uptrend__changed_bull_to_bear__long_upper_bear__low_area__no_breakout,long,2,observe_only,0.5,0.5,1.0,0.0,0.0,1.0,1.0,1.0,-300.14754964164086,-300.14754964164086,-1.0,-1.05,-1.05,0.0,210.99155048633176,485.53253063066177,0.0010198693752883083,1.0
phase2_core_setup,uptrend__changed_bull_to_bear__true_weak_bear__low_area__confirmed_down_breakout,long,2,observe_only,0.0,1.0,1.0,0.0,0.0,0.5,0.5,1.0,-12.445418803419066,-12.445418803419066,-1.0,-1.05,-1.05,0.0,7.201333333333314,47.10105413105467,0.0008975107303285153,0.5
phase2_core_setup,uptrend__kept_bear__long_lower_bear__high_area__no_breakout,long,2,observe_only,0.5,0.5,1.0,0.0,0.0,1.0,1.0,1.0,10.926169943043249,10.926169943043249,-1.0,-1.05,-1.05,0.0,17.615981038085085,4.895173817558586,0.0026633059117782483,0.5
phase2_core_setup,uptrend__kept_bear__long_lower_bull__low_area__failed_down_breakout,long,2,observe_only,0.0,1.0,0.5,0.5,0.0,0.5,0.0,1.0,-0.45012910090282415,-0.45012910090282415,-1.0,-1.05,-1.05,0.0,1.198422266351607,1.9283312657036347,0.009372270217490403,0.0
phase2_core_setup,uptrend__kept_bear__long_upper_bear__high_area__no_breakout,long,2,observe_only,1.0,0.0,0.5,0.5,0.0,1.0,1.0,1.0,4.556901797377362,4.556901797377362,-1.0,-1.05,-1.05,0.0,9.708483183689284,2.822609215073405,0.00302686928114876,1.0
phase2_core_setup,uptrend__kept_bull__long_lower_bull__high_area__failed_up_breakout,long,2,observe_only,0.5,0.5,1.0,0.0,0.0,0.5,0.5,1.0,-5.09371625711606,-5.09371625711606,-1.0,-1.05,-1.05,0.0,4.848817412123219,17.368418198777107,0.005562927369107831,0.5
phase2_core_setup,uptrend__kept_bull__long_upper_bear__low_area__no_breakout,long,2,observe_only,0.5,0.5,1.0,0.0,0.0,1.0,1.0,1.0,30.996386615349177,30.996386615349177,-1.0,-1.05,-1.05,0.0,43.886520114506204,20.30157756452244,0.0015443414641265194,1.0
phase2_core_setup,uptrend__kept_bull__normal_bear__high_area__failed_up_breakout,long,2,observe_only,0.5,0.5,0.5,0.5,0.0,1.0,1.0,1.0,30.76199127906639,30.76199127906639,-1.0,-1.05,-1.05,0.0,37.440144541340096,9.191557655038425,0.002817766701675872,1.0
phase2_core_setup,uptrend__kept_bull__true_weak_bear__middle_area__failed_up_breakout,long,2,observe_only,1.0,0.0,0.5,0.5,0.0,1.0,1.0,1.0,6.581336096740022,6.581336096740022,-1.0,-1.05,-1.05,0.0,8.727625236343993,1.4493236925762023,0.007176612847062038,0.5
phase2_simple_setup,bear__long_lower_bear__high_area__huge_volume,long,1,observe_only,0.0,1.0,0.0,0.0,1.0,1.0,1.0,1.0,-4.554216867469802,-4.554216867469802,-1.0,-1.05,-1.05,0.0,2.8960843373493232,5.554216867469747,0.0035823246805446567,0.0
phase2_simple_setup,bear__normal_bear__middle_area__huge_volume,long,1,observe_only,0.0,1.0,1.0,0.0,0.0,0.0,0.0,1.0,-2.230314960629939,-2.230314960629939,-1.0,-1.05,-1.05,0.0,0.5354330708661638,4.543307086614224,0.004405591979741152,0.0
phase2_simple_setup,bear__true_weak_bear__high_area__high_volume,long,1,observe_only,0.0,1.0,1.0,0.0,0.0,1.0,1.0,1.0,-3.0493562231759497,-3.0493562231759497,-1.0,-1.05,-1.05,0.0,2.2703862660944067,5.257510729613693,0.006396705559368616,1.0
phase2_simple_setup,bear__true_weak_bear__middle_area__huge_volume,long,1,observe_only,1.0,0.0,0.0,1.0,0.0,1.0,1.0,1.0,2.3920765027322215,2.3920765027322215,-1.0,-1.05,-1.05,0.0,5.389344262295029,1.4918032786885198,0.005722729085067017,1.0
phase2_simple_setup,bull__long_lower_bull__low_area__huge_volume,long,1,observe_only,1.0,0.0,1.0,0.0,0.0,1.0,1.0,1.0,0.5947891401298935,0.5947891401298935,-1.0,-1.05,-1.05,0.0,2.201392692277619,3.0629058759095718,0.016298159013209548,0.0
phase2_simple_setup,bull__true_strong_bull__low_area__high_volume,long,1,observe_only,0.0,1.0,1.0,0.0,0.0,1.0,0.0,1.0,-1.2937302785018625,-1.2937302785018625,-1.0,-1.05,-1.05,0.0,1.8109480038414194,3.0244203594457644,0.007775762748026394,0.0
phase2_simple_setup,doji__doji_or_flat__high_area__normal_volume,long,1,observe_only,0.0,1.0,1.0,0.0,0.0,0.0,0.0,1.0,-4.6034985422741395,-4.6034985422741395,-1.0,-1.05,-1.05,0.0,0.11370262390669734,7.489795918367495,0.0038496071829404346,0.0
phase2_simple_setup,doji__doji_or_flat__low_area__high_volume,long,1,observe_only,0.0,1.0,1.0,0.0,0.0,0.0,0.0,1.0,-11.83499999999999,-11.83499999999999,-1.0,-1.05,-1.05,0.0,0.04499999999998181,14.490000000000009,0.0027770063871146904,0.0
phase2_core_setup,downtrend__changed_bear_to_bull__normal_bull__low_area__no_breakout,long,1,observe_only,0.0,1.0,1.0,0.0,0.0,1.0,0.0,1.0,-0.3144075403949708,-0.3144075403949708,-1.0,-1.05,-1.05,0.0,1.4631956912028774,4.595152603231609,0.008807089944580133,1.0
phase2_core_setup,downtrend__changed_bear_to_bull__true_strong_bull__high_area__no_breakout,long,1,observe_only,1.0,0.0,1.0,0.0,0.0,1.0,0.0,1.0,1.199119911991199,1.199119911991199,-1.0,-1.05,-1.05,0.0,1.8880088008800848,2.154895489548958,0.012231716342595707,0.0
phase2_core_setup,downtrend__changed_bear_to_bull__true_strong_bull__low_area__no_breakout,long,1,observe_only,0.0,1.0,0.0,1.0,0.0,1.0,0.0,1.0,-8.450939457202555,-8.450939457202555,-1.0,-1.05,-1.05,0.0,1.7933194154488579,12.04070981210865,0.0036935936584312355,1.0
phase2_core_setup,downtrend__changed_bull_to_bear__long_lower_bear__middle_area__no_breakout,long,1,observe_only,1.0,0.0,1.0,0.0,0.0,1.0,1.0,1.0,1.0266272189349548,1.0266272189349548,-1.0,-1.05,-1.05,0.0,15.914201183432338,5.328402366863977,0.0013049135012218806,1.0
phase2_core_setup,downtrend__changed_bull_to_bear__long_upper_bear__high_area__no_breakout,long,1,observe_only,0.0,1.0,1.0,0.0,0.0,1.0,1.0,1.0,-5.4545454545461105,-5.4545454545461105,-1.0,-1.05,-1.05,0.0,12.057851239670992,30.09090909091259,0.0004671075235193867,1.0
phase2_core_setup,downtrend__changed_bull_to_bear__normal_bear__low_area__no_breakout,long,1,observe_only,0.0,1.0,1.0,0.0,0.0,1.0,1.0,1.0,-6.003690036901121,-6.003690036901121,-1.0,-1.05,-1.05,0.0,7.756457564576828,8.701107011071285,0.0007348993106589178,1.0
phase2_core_setup,downtrend__changed_bull_to_bear__true_weak_bear__low_area__failed_down_breakout,long,1,observe_only,1.0,0.0,1.0,0.0,0.0,1.0,1.0,1.0,4.9411764705883945,4.9411764705883945,-1.0,-1.05,-1.05,0.0,8.637506284565362,4.97234791352453,0.0018382675737547718,1.0
phase2_core_setup,downtrend__changed_bull_to_bear__true_weak_bear__middle_area__no_breakout,long,1,observe_only,1.0,0.0,0.0,0.0,1.0,1.0,1.0,1.0,4.891823899371087,4.891823899371087,-1.0,-1.05,-1.05,0.0,6.245283018867925,5.200000000000018,0.003939836955175063,1.0
phase2_core_setup,downtrend__kept_bear__long_lower_bear__middle_area__failed_down_breakout,long,1,observe_only,1.0,0.0,1.0,0.0,0.0,1.0,0.0,1.0,1.3743823044944856,1.3743823044944856,-1.0,-1.05,-1.05,0.0,1.8632049572515645,1.8643030825947127,0.01656867637732232,0.0
phase2_core_setup,downtrend__kept_bear__long_lower_bull__middle_area__failed_down_breakout,long,1,observe_only,0.0,1.0,0.0,1.0,0.0,1.0,0.0,1.0,-1.5728504708674695,-1.5728504708674695,-1.0,-1.05,-1.05,0.0,1.3594671158410672,2.2734093867238405,0.01386158999155199,0.0
phase2_core_setup,downtrend__kept_bear__long_upper_bull__low_area__failed_down_breakout,long,1,observe_only,0.0,1.0,0.0,1.0,0.0,1.0,0.0,1.0,-10.184533687354815,-10.184533687354815,-1.0,-1.05,-1.05,0.0,1.2673415200796652,23.314636574842403,0.014062124440233605,0.0
phase2_core_setup,downtrend__kept_bear__normal_bear__high_area__no_breakout,long,1,observe_only,1.0,0.0,1.0,0.0,0.0,1.0,1.0,1.0,1.2552301255230316,1.2552301255230316,-1.0,-1.05,-1.05,0.0,5.924686192468725,3.435146443514674,0.003495071802521078,1.0
phase2_core_setup,downtrend__kept_bear__normal_bull__low_area__failed_down_breakout,long,1,observe_only,0.0,1.0,1.0,0.0,0.0,1.0,0.0,1.0,-4.590837004405292,-4.590837004405292,-1.0,-1.05,-1.05,0.0,1.3302202643171703,4.698854625550671,0.008505363999604332,0.0
phase2_core_setup,downtrend__kept_bull__long_lower_bear__low_area__no_breakout,long,1,observe_only,0.0,1.0,1.0,0.0,0.0,1.0,0.0,1.0,-4.28403755868541,-4.28403755868541,-1.0,-1.05,-1.05,0.0,1.021713615023457,5.680751173708872,0.008222588957410534,0.0
phase2_core_setup,downtrend__kept_bull__long_lower_bull__high_area__confirmed_up_breakout,long,1,observe_only,0.0,1.0,0.0,1.0,0.0,1.0,0.0,1.0,-0.44771371769384566,-0.44771371769384566,-1.0,-1.05,-1.05,0.0,1.1654075546719624,1.674552683896626,0.01449074954338294,0.0
phase2_core_setup,downtrend__kept_bull__long_upper_bull__high_area__confirmed_up_breakout,long,1,observe_only,1.0,0.0,1.0,0.0,0.0,1.0,1.0,1.0,9.155105557948906,9.155105557948906,-1.0,-1.05,-1.05,0.0,9.646273158121232,2.6742783283067473,0.002070083151164284,1.0
phase2_core_setup,downtrend__kept_bull__long_upper_bull__low_area__no_breakout,long,1,observe_only,0.0,1.0,0.0,0.0,1.0,1.0,1.0,1.0,-34.50000000000172,-34.50000000000172,-1.0,-1.05,-1.05,0.0,7.101382488479636,66.58525345622454,0.002120196582282085,1.0
phase2_core_setup,downtrend__kept_bull__normal_bull__low_area__no_breakout,long,1,observe_only,0.0,1.0,1.0,0.0,0.0,1.0,1.0,1.0,-1.0524326877657,-1.0524326877657,-1.0,-1.05,-1.05,0.0,2.8384506376948972,7.982994803967989,0.003566969558602211,1.0
phase2_core_setup,sideways__changed_bear_to_bull__long_upper_bull__high_area__failed_up_breakout,long,1,observe_only,0.0,1.0,0.0,1.0,0.0,1.0,1.0,1.0,-2.220488940628631,-2.220488940628631,-1.0,-1.05,-1.05,0.0,2.5664726426076734,2.775552968568099,0.006602907739161315,0.0
phase2_core_setup,sideways__changed_bear_to_bull__long_upper_bull__low_area__no_breakout,long,1,observe_only,0.0,1.0,1.0,0.0,0.0,1.0,1.0,1.0,-1.729139922978154,-1.729139922978154,-1.0,-1.05,-1.05,0.0,7.67137355584066,3.869062901155274,0.003187345542626203,1.0
phase2_core_setup,sideways__changed_bull_to_bear__long_lower_bear__low_area__no_breakout,long,1,observe_only,0.0,1.0,0.0,1.0,0.0,1.0,1.0,1.0,-0.1783561643835377,-0.1783561643835377,-1.0,-1.05,-1.05,0.0,9.830410958904126,2.7536986301369626,0.003780193649481803,1.0
phase2_core_setup,sideways__changed_bull_to_bear__long_upper_bear__middle_area__no_breakout,long,1,observe_only,0.0,1.0,1.0,0.0,0.0,1.0,0.0,1.0,-22.428571428571427,-22.428571428571427,-1.0,-1.05,-1.05,0.0,1.0857142857143376,32.12857142857138,0.0010145074566298062,1.0
phase2_core_setup,sideways__changed_bull_to_bear__normal_bear__high_area__no_breakout,long,1,observe_only,0.0,1.0,1.0,0.0,0.0,1.0,0.0,1.0,-3.3487544483985463,-3.3487544483985463,-1.0,-1.05,-1.05,0.0,1.3167259786476697,7.78647686832734,0.0031867720607415043,1.0
phase2_core_setup,sideways__changed_bull_to_bear__normal_bear__low_area__confirmed_down_breakout,long,1,observe_only,0.0,1.0,1.0,0.0,0.0,0.0,0.0,1.0,-26.130386740331485,-26.130386740331485,-1.0,-1.05,-1.05,0.0,0.143646408839779,26.65193370165746,0.003900862068965517,0.0
phase2_core_setup,sideways__changed_bull_to_bear__true_weak_bear__low_area__failed_down_breakout,long,1,observe_only,1.0,0.0,1.0,0.0,0.0,1.0,1.0,1.0,0.6669184290030724,0.6669184290030724,-1.0,-1.05,-1.05,0.0,11.589123867070063,6.956193353474626,0.0011490422333770229,1.0
phase2_core_setup,sideways__changed_bull_to_bear__true_weak_bear__middle_area__no_breakout,long,1,observe_only,1.0,0.0,1.0,0.0,0.0,1.0,1.0,1.0,25.788511749345222,25.788511749345222,-1.0,-1.05,-1.05,0.0,33.84595300260828,6.8172323759785565,0.0009254918638875228,1.0
phase2_core_setup,sideways__kept_bear__long_lower_bear__middle_area__confirmed_down_breakout,long,1,observe_only,0.0,1.0,1.0,0.0,0.0,0.0,0.0,1.0,-0.5792503517973706,-0.5792503517973706,-1.0,-1.05,-1.05,0.0,0.4574645004477513,1.7871306127670528,0.01009752631918875,0.0
phase2_core_setup,sideways__kept_bear__long_upper_bear__high_area__no_breakout,long,1,observe_only,1.0,0.0,1.0,0.0,0.0,1.0,1.0,1.0,5.6502732240437155,5.6502732240437155,-1.0,-1.05,-1.05,0.0,14.225136612021842,20.87868852459018,0.002144795998256035,1.0
phase2_core_setup,sideways__kept_bear__normal_bear__high_area__no_breakout,long,1,observe_only,0.0,1.0,0.0,0.0,1.0,1.0,1.0,1.0,-6.66322008862645,-6.66322008862645,-1.0,-1.05,-1.05,0.0,13.697193500739184,20.757754800591776,0.0007435009560082136,1.0
phase2_core_setup,sideways__kept_bear__normal_bear__low_area__failed_down_breakout,long,1,observe_only,1.0,0.0,0.0,0.0,1.0,1.0,1.0,1.0,8.267962308598175,8.267962308598175,-1.0,-1.05,-1.05,0.0,10.319199057714766,3.0571260306242456,0.0015049709242808437,1.0
phase2_core_setup,sideways__kept_bear__true_strong_bull__low_area__failed_down_breakout,long,1,observe_only,0.0,1.0,1.0,0.0,0.0,1.0,0.0,1.0,-1.2937302785018625,-1.2937302785018625,-1.0,-1.05,-1.05,0.0,1.8109480038414194,3.0244203594457644,0.007775762748026394,0.0
phase2_core_setup,sideways__kept_bull__doji_or_flat__low_area__no_breakout,long,1,observe_only,0.0,1.0,1.0,0.0,0.0,0.0,0.0,1.0,-11.83499999999999,-11.83499999999999,-1.0,-1.05,-1.05,0.0,0.04499999999998181,14.490000000000009,0.0027770063871146904,0.0
phase2_core_setup,sideways__kept_bull__long_lower_bear__low_area__failed_down_breakout,long,1,observe_only,0.0,1.0,0.0,1.0,0.0,1.0,1.0,1.0,-1.2425149700598261,-1.2425149700598261,-1.0,-1.05,-1.05,0.0,4.3892215568859925,1.655688622754506,0.0019499778146237507,1.0
phase2_core_setup,sideways__kept_bull__long_lower_bull__high_area__failed_down_breakout,long,1,observe_only,1.0,0.0,0.0,1.0,0.0,1.0,0.0,1.0,0.3571694138059229,0.3571694138059229,-1.0,-1.05,-1.05,0.0,1.899863675796271,1.1124055025406028,0.008870737230931534,0.0
phase2_core_setup,sideways__kept_bull__long_upper_bear__low_area__no_breakout,long,1,observe_only,1.0,0.0,1.0,0.0,0.0,1.0,1.0,1.0,3.3856209150325918,3.3856209150325918,-1.0,-1.05,-1.05,0.0,10.668300653594669,23.633986928104317,0.001896621720037583,1.0
phase2_core_setup,sideways__kept_bull__normal_bear__high_area__failed_up_breakout,long,1,observe_only,0.0,1.0,1.0,0.0,0.0,1.0,0.0,1.0,-2.0444444444444545,-2.0444444444444545,-1.0,-1.05,-1.05,0.0,1.247222222222212,3.0583333333333433,0.005070351121815185,1.0
phase2_core_setup,sideways__kept_bull__normal_bull__low_area__no_breakout,long,1,observe_only,0.0,1.0,1.0,0.0,0.0,1.0,0.0,1.0,-3.65604751619861,-3.65604751619861,-1.0,-1.05,-1.05,0.0,1.22192224622025,7.529157667386439,0.0032397502663348374,1.0
phase2_core_setup,sideways__kept_bull__true_strong_bull__high_area__failed_up_breakout,long,1,observe_only,0.0,1.0,1.0,0.0,0.0,0.0,0.0,1.0,-2.2720720720720786,-2.2720720720720786,-1.0,-1.05,-1.05,0.0,0.4621621621621556,3.7450450450450514,0.006494760308237813,0.0
phase2_core_setup,sideways__kept_bull__true_weak_bear__high_area__failed_up_breakout,long,1,observe_only,0.0,1.0,1.0,0.0,0.0,1.0,1.0,1.0,-28.462662337659694,-28.462662337659694,-1.0,-1.05,-1.05,0.0,9.134740259739349,36.93181818181469,0.0005392628906592473,1.0
phase2_core_setup,uptrend__changed_bear_to_bull__normal_bull__high_area__confirmed_up_breakout,long,1,observe_only,0.0,1.0,1.0,0.0,0.0,0.0,0.0,1.0,-0.9093904448105448,-0.9093904448105448,-1.0,-1.05,-1.05,0.0,0.16474464579900955,1.8039538714991548,0.006534610830014074,0.0
phase2_core_setup,uptrend__changed_bear_to_bull__true_strong_bull__high_area__failed_up_breakout,long,1,observe_only,0.0,1.0,1.0,0.0,0.0,0.0,0.0,1.0,-0.8497011101622518,-0.8497011101622518,-1.0,-1.05,-1.05,0.0,0.26729291204098354,1.9970111016225418,0.012091049422551755,0.0
phase2_core_setup,uptrend__changed_bull_to_bear__long_lower_bear__high_area__no_breakout,long,1,observe_only,0.0,1.0,0.0,0.0,1.0,1.0,1.0,1.0,-4.554216867469802,-4.554216867469802,-1.0,-1.05,-1.05,0.0,2.8960843373493232,5.554216867469747,0.0035823246805446567,0.0
phase2_core_setup,uptrend__changed_bull_to_bear__long_lower_bear__low_area__confirmed_down_breakout,long,1,observe_only,0.0,1.0,1.0,0.0,0.0,1.0,1.0,1.0,-1.423032183016665,-1.423032183016665,-1.0,-1.05,-1.05,0.0,3.19891430787125,2.537029856533537,0.00600573327464997,1.0
phase2_core_setup,uptrend__changed_bull_to_bear__long_lower_bear__middle_area__no_breakout,long,1,observe_only,0.0,1.0,1.0,0.0,0.0,0.0,0.0,1.0,-0.8735408560311275,-0.8735408560311275,-1.0,-1.05,-1.05,0.0,0.9892996108949557,5.69844357976657,0.003400505444778149,0.0
phase2_core_setup,uptrend__changed_bull_to_bear__normal_bear__high_area__no_breakout,long,1,observe_only,0.0,1.0,1.0,0.0,0.0,1.0,1.0,1.0,-13.044524669073635,-13.044524669073635,-1.0,-1.05,-1.05,0.0,13.101083032491257,15.944645006017126,0.001768435030761375,1.0
phase2_core_setup,uptrend__changed_bull_to_bear__normal_bear__low_area__no_breakout,long,1,observe_only,1.0,0.0,1.0,0.0,0.0,1.0,1.0,1.0,34.649920255183,34.649920255183,-1.0,-1.05,-1.05,0.0,46.38038277511907,3.8149920255183085,0.002186825336481643,1.0
phase2_core_setup,uptrend__kept_bear__long_lower_bull__high_area__no_breakout,long,1,observe_only,0.0,1.0,0.0,1.0,0.0,1.0,1.0,1.0,-0.1505599336375078,-0.1505599336375078,-1.0,-1.05,-1.05,0.0,2.147656574035695,1.6362505184570817,0.005483097006015227,0.0
phase2_core_setup,uptrend__kept_bear__long_upper_bull__low_area__failed_down_breakout,long,1,observe_only,1.0,0.0,1.0,0.0,0.0,1.0,0.0,1.0,1.2801261829653088,1.2801261829653088,-1.0,-1.05,-1.05,0.0,1.906624605678238,4.28643533123027,0.008645941862177686,0.0
phase2_core_setup,uptrend__kept_bear__long_upper_bull__middle_area__failed_up_breakout,long,1,observe_only,1.0,0.0,1.0,0.0,0.0,1.0,1.0,1.0,0.5627240143369143,0.5627240143369143,-1.0,-1.05,-1.05,0.0,4.720430107526662,5.1935483870965555,0.0015933797640770792,1.0
phase2_core_setup,uptrend__kept_bear__normal_bear__high_area__no_breakout,long,1,observe_only,1.0,0.0,1.0,0.0,0.0,1.0,1.0,1.0,11.274378585085373,11.274378585085373,-1.0,-1.05,-1.05,0.0,27.419694072656203,8.711281070745255,0.002180447679678599,1.0
phase2_core_setup,uptrend__kept_bear__true_weak_bear__high_area__no_breakout,long,1,observe_only,0.0,1.0,1.0,0.0,0.0,1.0,1.0,1.0,-1.2936288088642374,-1.2936288088642374,-1.0,-1.05,-1.05,0.0,10.252077562327344,11.218836565097405,0.0019602413105922834,1.0
phase2_core_setup,uptrend__kept_bear__true_weak_bear__low_area__failed_down_breakout,long,1,observe_only,1.0,0.0,1.0,0.0,0.0,1.0,1.0,1.0,9.485416666666652,9.485416666666652,-1.0,-1.05,-1.05,0.0,11.795833333333348,4.008333333333288,0.0016057378365358882,1.0
phase2_core_setup,uptrend__kept_bull__doji_or_flat__high_area__no_breakout,long,1,observe_only,0.0,1.0,1.0,0.0,0.0,0.0,0.0,1.0,-2.4976507439310374,-2.4976507439310374,-1.0,-1.05,-1.05,0.0,0.9440093970242092,6.002740798746881,0.002453690671652271,0.0
phase2_core_setup,uptrend__kept_bull__long_lower_bear__middle_area__failed_down_breakout,long,1,observe_only,0.0,1.0,1.0,0.0,0.0,0.0,0.0,1.0,-8.882908074100015,-8.882908074100015,-1.0,-1.05,-1.05,0.0,0.10800419433764982,12.54141908423634,0.006533738618483071,0.0
phase2_core_setup,uptrend__kept_bull__true_weak_bear__high_area__failed_up_breakout,long,1,observe_only,1.0,0.0,1.0,0.0,0.0,1.0,1.0,1.0,28.370370370369006,28.370370370369006,-1.0,-1.05,-1.05,0.0,41.90123456789931,16.876543209875877,0.0007291385363219339,1.0
phase2_core_setup,uptrend__kept_bear__long_upper_bear__low_area__no_breakout,long,28,observe_only,0.5,0.5,0.8214285714285714,0.0,0.17857142857142858,0.9285714285714286,0.9285714285714286,1.0,-684.7516012302625,-0.3861794889777785,-1.0,-1.0500000000000003,-1.05,0.0,236.74502333435655,741.7424706731607,0.001385288514497604,0.9285714285714286
phase2_core_setup,downtrend__kept_bear__true_weak_bear__low_area__no_breakout,long,27,observe_only,0.5925925925925926,0.4074074074074074,0.8518518518518519,0.0,0.14814814814814814,1.0,1.0,1.0,15.736996675219293,7.555624227441149,-1.0,-1.0500000000000003,-1.05,0.0,60.71820639378569,54.36436043574606,0.0011556168145023368,1.0
phase2_core_setup,downtrend__kept_bull__long_lower_bear__high_area__no_breakout,long,26,observe_only,0.4230769230769231,0.5769230769230769,0.7307692307692307,0.07692307692307693,0.19230769230769232,0.8461538461538461,0.7307692307692307,1.0,-2.6234673339310453,-2.30176687800786,-1.0,-1.0500000000000003,-1.05,0.0,6.657552911253902,10.410188023694051,0.004068866157885962,0.7307692307692307
phase2_simple_setup,bull__normal_bull__high_area__normal_volume,long,23,observe_only,0.391304347826087,0.6086956521739131,0.6521739130434783,0.21739130434782608,0.13043478260869565,0.782608695652174,0.5217391304347826,1.0,-0.05416513310804081,-0.9317880794701955,-1.0,-1.0500000000000003,-1.05,0.0,3.174511874972659,3.389760567429015,0.007128547465804059,0.30434782608695654
phase2_core_setup,sideways__kept_bear__true_weak_bear__low_area__no_breakout,long,21,observe_only,0.5238095238095238,0.47619047619047616,0.8571428571428571,0.047619047619047616,0.09523809523809523,0.9523809523809523,0.9523809523809523,1.0,29.437089379415518,0.08333333333327318,-1.0,-1.0500000000000003,-1.05,0.0,82.04789170460019,275.45879487868785,0.001272672660846099,0.9523809523809523
phase2_core_setup,uptrend__kept_bull__true_weak_bear__middle_area__no_breakout,long,15,observe_only,0.6,0.4,1.0,0.0,0.0,1.0,1.0,1.0,4.60621602103408,1.7914285714284883,-1.0,-1.0500000000000003,-1.05,0.0,41.8254291753083,37.50366637086479,0.0009464111329766619,1.0
phase2_core_setup,uptrend__kept_bull__normal_bear__high_area__no_breakout,long,14,observe_only,0.5714285714285714,0.42857142857142855,0.5714285714285714,0.07142857142857142,0.35714285714285715,0.9285714285714286,0.9285714285714286,1.0,333.51581209019054,0.7001584489529031,-1.0,-1.0500000000000003,-1.05,0.0,660.6921103964971,1319.4337051096838,0.001496427505699857,0.9285714285714286
phase2_simple_setup,bear__normal_bear__middle_area__normal_volume,long,13,observe_only,0.46153846153846156,0.5384615384615384,0.8461538461538461,0.15384615384615385,0.0,0.9230769230769231,0.9230769230769231,1.0,-4.737189527874173,-1.7409470752088432,-1.0,-1.0500000000000003,-1.05,0.0,16.23041826001507,21.10361503185248,0.00227601563976242,0.7692307692307693
phase2_core_setup,sideways__kept_bull__normal_bear__middle_area__no_breakout,long,13,observe_only,0.3076923076923077,0.6923076923076923,0.7692307692307693,0.07692307692307693,0.15384615384615385,0.9230769230769231,0.8461538461538461,1.0,-2.2606190021570525,-5.971461187214281,-1.0,-1.0500000000000003,-1.05,0.0,13.831073780175062,15.988458044766269,0.001324885884841202,0.8461538461538461
phase2_simple_setup,bear__normal_bear__high_area__normal_volume,long,12,observe_only,0.3333333333333333,0.6666666666666666,0.9166666666666666,0.0,0.08333333333333333,1.0,0.8333333333333334,1.0,-0.3695299801915037,-1.3432677986297499,-1.0,-1.0500000000000003,-1.05,0.0,13.18258686269292,13.830764552744737,0.002271536379978028,1.0
phase2_core_setup,downtrend__kept_bull__true_weak_bear__middle_area__no_breakout,long,12,observe_only,0.5833333333333334,0.4166666666666667,0.8333333333333334,0.0,0.16666666666666666,1.0,1.0,1.0,3.133922991983219,6.96981132075461,-1.0,-1.0500000000000003,-1.05,0.0,26.303368104926903,27.11453636053481,0.0010608154078949803,1.0
phase2_core_setup,downtrend__kept_bull__long_upper_bull__high_area__failed_up_breakout,long,11,observe_only,0.36363636363636365,0.6363636363636364,0.7272727272727273,0.09090909090909091,0.18181818181818182,1.0,0.8181818181818182,1.0,3.1453868321412775,-1.286492374727663,-1.0,-1.0500000000000003,-1.05,0.0,9.67262824012401,7.186895183035273,0.0041873621467185445,0.6363636363636364
phase2_core_setup,uptrend__kept_bear__normal_bear__middle_area__no_breakout,long,11,observe_only,0.6363636363636364,0.36363636363636365,0.9090909090909091,0.09090909090909091,0.0,1.0,1.0,1.0,22.48860437853814,3.3613445378152287,-1.0,-1.0500000000000003,-1.05,0.0,53.41957659592501,23.099156836097766,0.0014419979889398783,0.9090909090909091
phase2_core_setup,uptrend__kept_bear__true_strong_bull__high_area__no_breakout,long,11,observe_only,0.36363636363636365,0.6363636363636364,0.45454545454545453,0.45454545454545453,0.09090909090909091,0.8181818181818182,0.6363636363636364,1.0,-1.0708909179859214,-1.5919107391910658,-1.0,-1.0500000000000003,-1.05,0.0,2.7458958019625723,3.7948683207109855,0.008053183112634551,0.18181818181818182
phase2_simple_setup,bear__normal_bear__low_area__high_volume,long,10,observe_only,0.3,0.7,0.7,0.2,0.1,0.9,0.8,1.0,-14.656150680610716,-1.3148713517665165,-1.0,-1.0500000000000003,-1.05,0.0,5.451465452491499,23.494057485310385,0.005593751859893386,0.7
phase2_core_setup,uptrend__kept_bull__long_lower_bear__middle_area__failed_down_breakout,short,1,observe_only,0.0,1.0,0.0,0.0,1.0,1.0,1.0,0.0,36.35765379112945,36.35765379112945,36.35765379112945,36.307653791129454,36.307653791129454,1.0,51.331902718167726,0.44206008583692147,0.001596324115456059,0.0
phase2_simple_setup,doji__doji_or_flat__low_area__high_volume,short,1,observe_only,0.0,1.0,0.0,1.0,0.0,1.0,1.0,0.0,34.30434782608874,34.30434782608874,34.30434782608874,34.25434782608874,34.25434782608874,1.0,42.00000000000224,0.1304347826086498,0.0009580672035545177,0.0
phase2_core_setup,sideways__kept_bull__doji_or_flat__low_area__no_breakout,short,1,observe_only,0.0,1.0,0.0,1.0,0.0,1.0,1.0,0.0,34.30434782608874,34.30434782608874,34.30434782608874,34.25434782608874,34.25434782608874,1.0,42.00000000000224,0.1304347826086498,0.0009580672035545177,0.0
phase2_core_setup,downtrend__kept_bear__long_lower_bull__high_area__no_breakout,short,4,observe_only,0.5,0.5,0.5,0.25,0.25,1.0,1.0,0.75,29.501071535365202,28.817067149443837,28.51273885349952,28.462738853499523,-1.05,0.25,79.89106064207206,20.594473196419536,0.0004875924734179356,0.75
phase2_core_setup,downtrend__kept_bull__long_upper_bear__low_area__no_breakout,short,2,observe_only,0.0,1.0,0.0,0.5,0.5,1.0,1.0,0.0,15.182300361431906,15.182300361431906,15.182300361431906,15.132300361431906,15.132300361431906,1.0,22.219325023345128,0.21718248768524642,0.009579413610549412,0.0
phase2_core_setup,sideways__kept_bear__true_strong_bull__high_area__no_breakout,short,4,observe_only,0.0,1.0,0.5,0.0,0.5,1.0,1.0,0.75,31.124921707421304,31.57357357357257,12.48611111111111,12.436111111111112,-1.05,0.25,59.53145297082693,5.980620709996215,0.000535544833462899,0.75
phase2_core_setup,sideways__changed_bull_to_bear__normal_bear__low_area__confirmed_down_breakout,short,1,observe_only,0.0,1.0,0.0,1.0,0.0,1.0,1.0,0.0,12.394129979035682,12.394129979035682,12.394129979035682,12.344129979035682,12.344129979035682,1.0,12.641509433962312,0.06813417190775707,0.008224137931034452,0.0
phase2_core_setup,downtrend__kept_bull__long_upper_bear__high_area__no_breakout,short,9,observe_only,0.2222222222222222,0.7777777777777778,0.4444444444444444,0.3333333333333333,0.2222222222222222,1.0,0.7777777777777778,0.7777777777777778,12.333107053543412,3.8125633232015854,9.395220081669445,9.345220081669446,-1.05,0.2222222222222222,17.079356456705554,2.8188483183131634,0.005078985362979092,0.4444444444444444
phase2_simple_setup,bear__long_lower_bear__middle_area__high_volume,short,4,observe_only,0.25,0.75,0.5,0.0,0.5,0.75,0.75,0.5,12.113279522869544,6.8260846045659385,8.808011305620724,8.758011305620725,-0.11280428432327833,0.5,18.793238928877496,2.267195681864149,0.005506713781593993,0.25
signal_color,doji,short,4,observe_only,0.25,0.75,0.5,0.25,0.25,1.0,1.0,0.75,21.03212652292427,19.075877169980597,7.826086956522184,7.776086956522186,-1.05,0.25,37.69955231920131,4.9729696763553,0.0011570228164821594,0.75
last_hour_wick_type,doji_or_flat,short,4,observe_only,0.25,0.75,0.5,0.25,0.25,1.0,1.0,0.75,21.03212652292427,19.075877169980597,7.826086956522184,7.776086956522186,-1.05,0.25,37.69955231920131,4.9729696763553,0.0011570228164821594,0.75
phase2_core_setup,sideways__changed_bull_to_bear__long_lower_bear__middle_area__no_breakout,short,2,observe_only,0.0,1.0,0.5,0.0,0.5,1.0,1.0,0.5,8.968375747646633,8.968375747646633,5.6799660441424615,5.629966044142461,5.629966044142461,0.5,14.45062443082759,2.1258906548172747,0.002191934219827654,0.5
phase2_core_setup,sideways__changed_bull_to_bear__long_upper_bear__middle_area__no_breakout,short,1,observe_only,0.0,1.0,0.0,1.0,0.0,1.0,1.0,0.0,4.937106918238966,4.937106918238966,4.937106918238966,4.887106918238966,4.887106918238966,1.0,7.072327044025105,0.23899371069183398,0.004608762445832575,0.0
phase2_core_setup,downtrend__kept_bull__normal_bull__middle_area__no_breakout,short,5,observe_only,0.0,1.0,0.4,0.0,0.6,1.0,1.0,0.8,26.72037621719253,9.7691500524656,4.6796747967479675,4.629674796747967,-1.05,0.2,36.06585992459387,14.091954617088778,0.0021113897103989527,0.8
phase2_core_setup,uptrend__kept_bear__normal_bear__low_area__failed_down_breakout,short,3,observe_only,0.3333333333333333,0.6666666666666666,0.0,0.0,1.0,1.0,1.0,0.3333333333333333,4.063759837539181,6.019932694796744,4.606929741948676,4.556929741948676,5.969932694796745,0.6666666666666666,8.047845708027417,1.4587500768743444,0.00906060500985523,0.0
phase2_core_setup,uptrend__kept_bull__true_strong_bull__high_area__failed_up_breakout,short,3,observe_only,0.0,1.0,0.3333333333333333,0.0,0.6666666666666666,1.0,1.0,0.6666666666666666,10.011481266767555,10.447260834014445,4.1691542288559935,4.119154228855994,-1.05,0.3333333333333333,17.59207223663638,6.286645925118836,0.0017750163191922283,0.6666666666666666
phase2_core_setup,downtrend__changed_bull_to_bear__long_upper_bear__middle_area__no_breakout,short,2,observe_only,0.0,1.0,0.0,0.5,0.5,1.0,1.0,0.0,3.6835392388310004,3.6835392388310004,3.6835392388310004,3.6335392388310006,3.6335392388310006,1.0,5.456043605923979,0.8484138268310661,0.006626240911330236,0.0
phase2_simple_setup,bear__long_upper_bear__low_area__huge_volume,short,2,observe_only,0.0,1.0,0.0,1.0,0.0,1.0,1.0,0.0,3.597848879879833,3.597848879879833,3.597848879879833,3.547848879879833,3.547848879879833,1.0,8.250096110159815,0.5131845664558182,0.011014026803684017,0.0
phase2_core_setup,downtrend__kept_bull__long_lower_bear__low_area__no_breakout,short,1,observe_only,0.0,1.0,0.0,1.0,0.0,1.0,1.0,0.0,3.3151680290645307,3.3151680290645307,3.3151680290645307,3.265168029064531,3.265168029064531,1.0,4.396003633060912,0.7906448683015479,0.01062566953299155,0.0
phase2_core_setup,uptrend__kept_bull__normal_bull__high_area__failed_up_breakout,short,4,observe_only,0.5,0.5,0.5,0.5,0.0,1.0,1.0,0.75,-2.573101724930843,-3.077466496208812,3.014991181658048,2.9649911816580476,-1.05,0.25,9.746167157229847,12.667386243129583,0.0023604585191891758,0.75
phase2_simple_setup,bull__normal_bull__low_area__normal_volume,short,9,observe_only,0.4444444444444444,0.5555555555555556,0.7777777777777778,0.1111111111111111,0.1111111111111111,1.0,0.8888888888888888,0.8888888888888888,4.86976898665774,2.162992125984229,2.689821882951657,2.6398218829516567,-1.05,0.1111111111111111,14.567065282403986,7.484953076653962,0.002636209808645565,0.8888888888888888
phase2_core_setup,sideways__kept_bear__normal_bull__low_area__no_breakout,short,9,observe_only,0.3333333333333333,0.6666666666666666,0.7777777777777778,0.0,0.2222222222222222,1.0,1.0,0.8888888888888888,8.90844918178658,2.162992125984229,2.689821882951657,2.6398218829516567,-1.05,0.1111111111111111,21.51787541935863,7.684617308969084,0.0014379518673509049,0.8888888888888888
phase2_core_setup,uptrend__kept_bull__long_lower_bear__low_area__no_breakout,short,4,observe_only,0.75,0.25,0.5,0.25,0.25,0.75,0.5,0.75,-1.9323310447523145,-3.0336101214419515,2.5573553719008277,2.507355371900827,-1.05,0.25,5.329269118745991,9.449986610763833,0.004792558127707399,0.5
phase2_core_setup,uptrend__kept_bull__normal_bear__low_area__no_breakout,short,5,observe_only,0.2,0.8,0.2,0.2,0.6,1.0,0.8,0.6,4.491531391299029,6.348180336773547,2.4824465248710594,2.4324465248710596,-1.05,0.4,8.61304540699123,1.4801299481895844,0.006703114609796215,0.2
phase2_core_setup,sideways__changed_bull_to_bear__true_weak_bear__low_area__no_breakout,short,3,observe_only,0.6666666666666666,0.3333333333333333,0.0,0.6666666666666666,0.3333333333333333,1.0,0.3333333333333333,0.6666666666666666,2.279221720088648,-0.9730085582620244,2.4089627685428745,2.3589627685428742,-1.05,0.3333333333333333,4.310022923588224,1.7427262066811595,0.006774737394963609,0.0
phase2_core_setup,downtrend__kept_bull__normal_bear__middle_area__no_breakout,short,4,observe_only,0.5,0.5,0.25,0.75,0.0,0.75,0.75,0.75,-1.0566961428036303,0.8976537325157246,2.2305594651653267,2.180559465165326,-1.05,0.25,7.981666487277398,7.360324397119144,0.0037715157993279493,0.5
phase2_core_setup,uptrend__changed_bear_to_bull__normal_bull__high_area__confirmed_up_breakout,short,1,observe_only,0.0,1.0,0.0,1.0,0.0,1.0,1.0,0.0,2.0294117647058547,2.0294117647058547,2.0294117647058547,1.9794117647058547,1.9794117647058547,1.0,4.025735294117539,0.36764705882351956,0.002928194638820188,0.0
phase2_simple_setup,bear__normal_bear__low_area__huge_volume,short,9,observe_only,0.5555555555555556,0.4444444444444444,0.2222222222222222,0.4444444444444444,0.2222222222222222,0.7777777777777778,0.5555555555555556,0.4444444444444444,1.4714459186377584,-0.2675852066715088,1.8886595414726461,1.8386595414726463,-0.6293129341092547,0.4444444444444444,3.6386717191330495,1.8360472325688306,0.017971115395296264,0.0
phase2_simple_setup,bear__long_upper_bear__low_area__high_volume,short,8,observe_only,0.5,0.5,0.5,0.125,0.375,0.625,0.625,0.75,2.3979987832382315,-0.8590440617002152,1.8603595428455857,1.8103595428455854,-1.05,0.25,7.2463531228257985,3.890943377003596,0.0053459851877003745,0.125
phase2_core_setup,uptrend__changed_bear_to_bull__long_upper_bull__high_area__no_breakout,short,2,observe_only,0.0,1.0,0.0,1.0,0.0,1.0,1.0,0.0,1.7167778146224124,1.7167778146224124,1.7167778146224124,1.6667778146224126,1.6667778146224126,1.0,4.702298490598512,0.47864669687925937,0.006406457262550493,0.0
phase2_core_setup,downtrend__changed_bull_to_bear__true_weak_bear__low_area__confirmed_down_breakout,short,3,observe_only,0.3333333333333333,0.6666666666666666,0.3333333333333333,0.0,0.6666666666666666,0.6666666666666666,0.6666666666666666,0.3333333333333333,1.704994711187698,1.42545949625594,1.6556699901072502,1.6056699901072504,1.3754594962559399,0.6666666666666666,3.5147140191164072,0.4950508230236344,0.011597177202389125,0.0
phase2_simple_setup,bear__long_upper_bear__high_area__normal_volume,short,35,conclusion_ok,0.4857142857142857,0.5142857142857142,0.42857142857142855,0.4857142857142857,0.08571428571428572,0.8285714285714286,0.6285714285714286,0.8,1.1154488083513958,0.3014293006636221,1.6511659876275058,1.6011659876275055,-1.05,0.2,5.927858749982791,4.309020610718598,0.006180792319872257,0.3142857142857143
phase2_core_setup,downtrend__kept_bear__long_lower_bull__low_area__no_breakout,short,21,observe_only,0.47619047619047616,0.5238095238095238,0.8095238095238095,0.047619047619047616,0.14285714285714285,1.0,0.9523809523809523,0.9047619047619048,1.40720956522532,1.0310606060606502,1.6294342820739356,1.5794342820739358,-1.05,0.09523809523809523,27.67871420157192,19.17104780274761,0.001298881588694922,0.9047619047619048
phase2_core_setup,sideways__changed_bull_to_bear__normal_bear__high_area__no_breakout,short,1,observe_only,0.0,1.0,0.0,1.0,0.0,1.0,1.0,0.0,1.6280276816609265,1.6280276816609265,1.6280276816609265,1.5780276816609264,1.5780276816609264,1.0,3.785467128027748,0.6401384083045063,0.006554997334905845,0.0
phase2_core_setup,downtrend__kept_bull__normal_bear__low_area__no_breakout,short,3,observe_only,0.3333333333333333,0.6666666666666666,0.6666666666666666,0.3333333333333333,0.0,1.0,0.6666666666666666,0.6666666666666666,2.7625002882067675,5.358673116793484,1.6168224299065515,1.5668224299065516,-1.05,0.3333333333333333,5.781659721311446,3.042470333236384,0.00417507540650596,0.6666666666666666
phase2_core_setup,downtrend__kept_bear__normal_bull__low_area__no_breakout,short,12,observe_only,0.5833333333333334,0.4166666666666667,0.75,0.16666666666666666,0.08333333333333333,0.9166666666666666,0.8333333333333334,0.9166666666666666,-284.1059172942425,-5.6932826362484095,1.4589355197331662,1.4089355197331657,-1.05,0.08333333333333333,87.64634105436494,365.4587800735657,0.002638882599242755,0.8333333333333334
phase2_core_setup,uptrend__changed_bear_to_bull__long_upper_bull__middle_area__no_breakout,short,4,observe_only,0.25,0.75,0.5,0.25,0.25,1.0,1.0,0.75,1.785376131374969,1.0028264804139646,1.3017988007993777,1.2517988007993777,-1.05,0.25,5.51111897468933,2.640542898892002,0.0029875080096440445,0.25
phase2_core_setup,uptrend__kept_bear__true_strong_bull__high_area__no_breakout,short,11,observe_only,0.36363636363636365,0.6363636363636364,0.6363636363636364,0.09090909090909091,0.2727272727272727,1.0,1.0,0.9090909090909091,-0.06529477876730799,7.024928092041962,1.286093468575186,1.2360934685751856,-1.05,0.09090909090909091,29.934444900226026,22.93792301109977,0.0012935906389400771,0.9090909090909091
phase2_simple_setup,bull__long_lower_bull__high_area__shrinking_volume,short,78,conclusion_ok,0.5384615384615384,0.46153846153846156,0.76,0.0,0.24,1.0,0.9866666666666667,0.9733333333333334,-220.3868930137215,-2.5647668393778518,1.2821805092727168,1.232180509272717,-1.05,0.02564102564102564,156.9014917489132,459.57994737304455,0.000863221912296934,0.9358974358974359
phase2_core_setup,downtrend__kept_bear__long_lower_bear__middle_area__no_breakout,short,19,observe_only,0.42105263157894735,0.5789473684210527,0.6842105263157895,0.05263157894736842,0.2631578947368421,0.9473684210526315,0.8947368421052632,0.8421052631578947,6.813708950498335,1.7143765903307677,1.2444511791486979,1.1944511791486978,-1.05,0.15789473684210525,17.186124889977574,9.193649637207457,0.0034942419550526185,0.631578947368421
phase2_core_setup,downtrend__changed_bull_to_bear__normal_bear__middle_area__no_breakout,short,4,observe_only,0.5,0.5,0.0,0.75,0.25,1.0,1.0,0.5,1.4150603088185165,1.103102961478751,1.2201496086446608,1.170149608644661,0.8077260055754801,0.5,5.380133192537211,1.7230375961302011,0.0066529889185957276,0.5
phase2_simple_setup,bull__long_upper_bull__middle_area__huge_volume,short,3,observe_only,0.6666666666666666,0.3333333333333333,0.3333333333333333,0.3333333333333333,0.0,0.3333333333333333,0.3333333333333333,0.3333333333333333,0.46210405598405324,-0.07604746912085576,1.1534223839583218,1.103422383958322,-0.12604746912085577,0.3333333333333333,2.1438094305004,2.1645076561549494,0.007979536997326033,0.0
phase2_simple_setup,bull__true_strong_bull__high_area__shrinking_volume,short,67,conclusion_ok,0.40298507462686567,0.5970149253731343,0.746031746031746,0.015873015873015872,0.23809523809523808,0.9841269841269841,0.9841269841269841,0.9365079365079365,108.34758199475661,5.079720279720239,1.121213202013332,1.0712132020133323,-1.05,0.05970149253731343,224.0818867722818,196.2842558656363,0.0009676355348866037,0.8656716417910447
phase2_core_setup,uptrend__kept_bear__long_upper_bull__high_area__no_breakout,short,4,observe_only,0.5,0.5,0.5,0.0,0.5,1.0,1.0,0.75,-2.069867074919437,-0.15339686752336945,1.0957394711067827,1.045739471106783,-1.05,0.25,7.5835821179788026,7.0154648293222905,0.0028268709170252027,0.5
phase2_core_setup,uptrend__kept_bull__long_lower_bull__middle_area__no_breakout,short,15,observe_only,0.3333333333333333,0.6666666666666666,0.8,0.0,0.2,1.0,0.9333333333333333,0.9333333333333333,-6.4064727079435055,1.7085714285714078,1.0918866080152831,1.0418866080152829,-1.05,0.06666666666666667,34.07076728791114,47.94807245398129,0.000756555460617023,0.9333333333333333
phase2_simple_setup,bear__long_lower_bear__low_area__normal_volume,short,37,conclusion_ok,0.5675675675675675,0.43243243243243246,0.7027027027027027,0.08108108108108109,0.21621621621621623,0.8108108108108109,0.7027027027027027,0.8648648648648649,-0.928264292236464,-2.0502454519202833,1.0517707472306714,1.001770747230672,-1.05,0.13513513513513514,6.9139808642554375,8.37996400140029,0.004331764656557449,0.5405405405405406
phase2_simple_setup,bull__true_strong_bull__high_area__high_volume,short,18,observe_only,0.4444444444444444,0.5555555555555556,0.7222222222222222,0.0,0.2777777777777778,1.0,1.0,0.8888888888888888,7.628742432169446,6.404084572673364,1.0440653873489718,0.9940653873489718,-1.05,0.1111111111111111,29.70463765300105,26.03130517408169,0.0012573258013378,0.8888888888888888
phase2_core_setup,sideways__kept_bear__long_lower_bear__low_area__no_breakout,short,27,observe_only,0.5925925925925926,0.4074074074074074,0.5555555555555556,0.1111111111111111,0.3333333333333333,0.8888888888888888,0.7777777777777778,0.9259259259259259,-1.4251251853248459,-1.5517241379312292,0.9936420978666733,0.9436420978666737,-1.05,0.07407407407407407,11.893497929907081,10.291091893544275,0.0027488398389425824,0.7037037037037037
phase2_core_setup,downtrend__kept_bear__long_upper_bear__high_area__no_breakout,short,4,observe_only,0.5,0.5,0.25,0.75,0.0,1.0,1.0,0.5,-3.906081070605137,-1.776011494892446,0.9923900381188258,0.9423900381188257,0.9248953974896744,0.5,11.126582804856465,6.01298422120686,0.004891689753091521,0.25
phase2_core_setup,sideways__kept_bull__long_upper_bull__high_area__no_breakout,short,33,conclusion_ok,0.3333333333333333,0.6666666666666666,0.5454545454545454,0.30303030303030304,0.15151515151515152,0.9393939393939394,0.8484848484848485,0.7878787878787878,3.2464245230615734,2.9432739059967004,0.9753069698606458,0.9253069698606456,-1.05,0.21212121212121213,10.963986399866819,6.285909476729414,0.0031951760657167086,0.5454545454545454
phase2_simple_setup,bear__long_lower_bear__high_area__high_volume,short,4,observe_only,0.0,1.0,0.75,0.0,0.25,1.0,1.0,0.75,3.0940352142701766,2.43895579322189,0.9598591549295723,0.9098591549295725,-1.05,0.25,5.5574615803433645,1.3166899805843217,0.006865053139423629,0.0
phase2_simple_setup,bear__long_upper_bear__middle_area__normal_volume,short,21,observe_only,0.47619047619047616,0.5238095238095238,0.38095238095238093,0.42857142857142855,0.19047619047619047,0.8571428571428571,0.5714285714285714,0.5714285714285714,-0.7082042231880759,0.6226851851852004,0.9385842523490954,0.8885842523490955,-1.05,0.38095238095238093,4.02263405024982,4.8431323509577755,0.007786112904469082,0.14285714285714285
phase2_core_setup,sideways__kept_bull__long_upper_bear__middle_area__failed_up_breakout,short,2,observe_only,0.0,1.0,0.0,0.5,0.0,0.5,0.0,0.0,0.9081952265368797,0.9081952265368797,0.9081952265368797,0.8581952265368796,0.8581952265368796,1.0,1.1370996626126502,0.48793716160482253,0.012003557230454629,0.0
phase2_simple_setup,bear__normal_bear__middle_area__huge_volume,short,1,observe_only,0.0,1.0,0.0,1.0,0.0,1.0,0.0,0.0,0.8844652615144336,0.8844652615144336,0.8844652615144336,0.8344652615144336,0.8344652615144336,1.0,1.8017174082747744,0.2123341139734633,0.01110937662607975,0.0
phase2_simple_setup,bear__long_lower_bear__high_area__normal_volume,short,24,observe_only,0.3333333333333333,0.6666666666666666,0.375,0.3333333333333333,0.2916666666666667,0.9583333333333334,0.9166666666666666,0.7083333333333334,1.8169808712547662,2.7768816186931686,0.8756334962602583,0.8256334962602584,-1.05,0.2916666666666667,7.430215215529433,4.7863848641127875,0.004273457552025365,0.4583333333333333
phase2_core_setup,uptrend__changed_bull_to_bear__long_lower_bear__middle_area__no_breakout,short,1,observe_only,0.0,1.0,0.0,0.0,1.0,1.0,1.0,0.0,0.8743914313534434,0.8743914313534434,0.8743914313534434,0.8243914313534434,0.8243914313534434,1.0,5.703992210321276,0.9902629016553068,0.0033971975601042887,0.0
phase2_core_setup,sideways__kept_bear__long_lower_bear__low_area__confirmed_down_breakout,short,2,observe_only,0.5,0.5,0.5,0.5,0.0,0.5,0.5,0.5,-0.09473722852697897,-0.09473722852697897,0.860207100591716,0.8102071005917161,0.8102071005917161,0.5,2.8482472968551606,1.823629667761359,0.01096992028647908,0.0
phase2_simple_setup,bear__true_weak_bear__high_area__high_volume,short,1,observe_only,0.0,1.0,0.0,1.0,0.0,1.0,0.0,0.0,0.8319672131147553,0.8319672131147553,0.8319672131147553,0.7819672131147553,0.7819672131147553,1.0,1.434426229508195,0.6194379391100706,0.02344543582704189,0.0
phase2_core_setup,sideways__kept_bull__long_lower_bear__high_area__no_breakout,short,22,observe_only,0.3181818181818182,0.6818181818181818,0.2727272727272727,0.3181818181818182,0.4090909090909091,1.0,0.9090909090909091,0.7272727272727273,1.9618741528575108,2.202742259150529,0.8220791242156037,0.7720791242156037,-1.05,0.2727272727272727,8.028505995243151,3.89294137884593,0.0034735852291433917,0.5909090909090909
phase2_core_setup,sideways__kept_bear__long_lower_bear__middle_area__confirmed_down_breakout,short,1,observe_only,0.0,1.0,0.0,1.0,0.0,1.0,1.0,0.0,0.8155619596541882,0.8155619596541882,0.8155619596541882,0.7655619596541882,0.7655619596541882,1.0,2.516210374639783,0.6440922190201868,0.007171736743525119,0.0
phase2_core_setup,sideways__kept_bull__normal_bear__high_area__failed_up_breakout,short,1,observe_only,0.0,1.0,0.0,1.0,0.0,1.0,0.0,0.0,0.7755532139093851,0.7755532139093851,0.7755532139093851,0.7255532139093851,0.7255532139093851,1.0,1.1601685985247712,0.4731296101159095,0.013366008929451646,0.0
phase2_simple_setup,bear__true_weak_bear__low_area__normal_volume,short,35,conclusion_ok,0.5714285714285714,0.42857142857142855,0.45714285714285713,0.34285714285714286,0.2,0.6857142857142857,0.45714285714285713,0.7142857142857143,0.5843913734374551,-0.2935230748769739,0.7749224133638882,0.7249224133638881,-1.05,0.2857142857142857,3.9129709042901886,2.627910648655461,0.011495549760880894,0.02857142857142857
phase2_core_setup,downtrend__kept_bull__normal_bull__high_area__no_breakout,short,17,observe_only,0.47058823529411764,0.5294117647058824,0.47058823529411764,0.058823529411764705,0.47058823529411764,1.0,1.0,0.9411764705882353,-5.048658680458692,2.8260105448154444,0.7370588235294074,0.6870588235294073,-1.05,0.058823529411764705,16.66702615797797,18.89069162340601,0.001296712150800986,0.9411764705882353
phase2_core_setup,sideways__kept_bear__true_weak_bear__low_area__confirmed_down_breakout,short,11,observe_only,0.6363636363636364,0.36363636363636365,0.45454545454545453,0.2727272727272727,0.18181818181818182,0.5454545454545454,0.36363636363636365,0.5454545454545454,0.4355414399518661,-0.027225544055603595,0.7256197235647277,0.6756197235647273,-1.05,0.2727272727272727,3.4536415743116957,2.3056434226268485,0.02105454954916042,0.09090909090909091
phase2_core_setup,downtrend__kept_bull__true_strong_bull__high_area__no_breakout,short,13,observe_only,0.46153846153846156,0.5384615384615384,0.75,0.08333333333333333,0.16666666666666666,1.0,1.0,0.9166666666666666,485.26385886492193,-3.793346452187069,0.720481380563173,0.6704813805631726,-1.05,0.07692307692307693,689.8725991317332,593.1780621202398,0.0014721922239891566,0.8461538461538461
phase2_core_setup,downtrend__kept_bull__long_upper_bull__middle_area__no_breakout,short,15,observe_only,0.7333333333333333,0.26666666666666666,0.6666666666666666,0.13333333333333333,0.2,0.8,0.8,0.9333333333333333,-6.272846911593807,-4.465393794749451,0.6842767295598132,0.6342767295598128,-1.05,0.06666666666666667,7.981417877326276,13.529519580832158,0.003033649261994716,0.6666666666666666
phase2_simple_setup,bear__long_upper_bear__high_area__shrinking_volume,short,68,conclusion_ok,0.39705882352941174,0.6029411764705882,0.39705882352941174,0.4264705882352941,0.17647058823529413,0.9117647058823529,0.8088235294117647,0.7205882352941176,0.5323394049993957,1.0451697264033943,0.6074214297685168,0.5574214297685166,-1.05,0.27941176470588236,7.010981917459648,5.088891327431929,0.004101974725457433,0.4264705882352941
phase2_core_setup,sideways__kept_bear__long_upper_bull__middle_area__no_breakout,short,29,observe_only,0.4482758620689655,0.5517241379310345,0.3793103448275862,0.3103448275862069,0.3103448275862069,0.9655172413793104,0.8620689655172413,0.896551724137931,0.3856583195700681,0.21575342465750394,0.6053826652448273,0.5553826652448269,-1.05,0.10344827586206896,8.726713566667671,8.05951207290528,0.0025075474973463943,0.6206896551724138
phase2_core_setup,uptrend__kept_bull__long_upper_bear__high_area__no_breakout,short,41,conclusion_ok,0.4146341463414634,0.5853658536585366,0.34146341463414637,0.5121951219512195,0.14634146341463414,0.9024390243902439,0.7317073170731707,0.7073170731707317,-0.7260686010065355,0.9096509240246914,0.6049007583115763,0.5549007583115763,-1.05,0.2926829268292683,5.1445890060997534,5.686362804751804,0.004752216498823194,0.34146341463414637
phase2_simple_setup,bear__normal_bear__low_area__high_volume,short,10,observe_only,0.3,0.7,0.3,0.5,0.2,0.8,0.6,0.5,0.9297808234421734,0.46167039011210687,0.5271958367105807,0.47719583671058075,-0.3876137841352453,0.5,3.1437076446184706,1.478341903169856,0.01801997649325656,0.1
phase2_core_setup,sideways__kept_bull__long_upper_bear__middle_area__no_breakout,short,16,observe_only,0.4375,0.5625,0.5,0.3125,0.1875,0.9375,0.8125,0.8125,3.688079304114483,3.991849586887593,0.5168164177845347,0.4668164177845348,-1.05,0.1875,8.55202062049937,3.9877439793116527,0.0044144731549511235,0.375
phase2_core_setup,uptrend__changed_bull_to_bear__true_weak_bear__low_area__confirmed_down_breakout,short,2,observe_only,0.0,1.0,0.0,0.5,0.0,0.5,0.5,0.0,0.5059308049852091,0.5059308049852091,0.5059308049852091,0.4559308049852091,0.4559308049852091,1.0,1.9950500800173385,0.3155158312887006,0.021669055810442383,0.0
phase2_core_setup,sideways__kept_bull__true_weak_bear__low_area__no_breakout,short,3,observe_only,0.3333333333333333,0.6666666666666666,0.3333333333333333,0.0,0.6666666666666666,0.6666666666666666,0.6666666666666666,0.3333333333333333,-0.43817494794180184,0.48170276325615935,0.501801467152536,0.45180146715253594,0.43170276325615936,0.6666666666666666,2.4867959393208987,1.528548354125977,0.012513633937197203,0.0
doji_day,True,short,430,conclusion_ok,0.4930232558139535,0.5069767441860465,0.6282352941176471,0.18352941176470589,0.18352941176470589,0.8988235294117647,0.7952941176470588,0.8776470588235294,-10.193103978772175,0.13442842775729896,0.49726249321564836,0.44726249321564826,-1.05,0.11627906976744186,16.372427712523066,24.743094694209887,0.0034700192339550844,0.5976744186046512
phase2_core_setup,uptrend__kept_bear__true_weak_bear__low_area__no_breakout,short,19,observe_only,0.5789473684210527,0.42105263157894735,0.5263157894736842,0.2631578947368421,0.21052631578947367,0.6842105263157895,0.42105263157894735,0.7894736842105263,0.4120499919313559,-0.18944519621109235,0.4881019514902811,0.438101951490281,-1.05,0.21052631578947367,3.7580025626140316,2.8094203505327515,0.006768671540927238,0.05263157894736842
phase2_core_setup,sideways__kept_bear__long_lower_bear__high_area__no_breakout,short,3,observe_only,0.0,1.0,0.6666666666666666,0.3333333333333333,0.0,1.0,1.0,0.6666666666666666,4.943993706212868,5.043147208121567,0.4859662195727689,0.435966219572769,-1.05,0.3333333333333333,8.991895991252443,3.770907204728547,0.004026282925792714,0.6666666666666666
phase2_simple_setup,bear__true_weak_bear__low_area__huge_volume,short,24,observe_only,0.5833333333333334,0.4166666666666667,0.5,0.3333333333333333,0.08333333333333333,0.5416666666666666,0.2916666666666667,0.5416666666666666,0.5216388620066854,-0.07278084474614004,0.4854101950035288,0.4354101950035288,-1.05,0.375,2.1034542477598226,1.2011901766649327,0.026256172376163844,0.0
changed_bull_to_bear,True,short,59,conclusion_ok,0.4067796610169492,0.5932203389830508,0.4745762711864407,0.3898305084745763,0.11864406779661017,0.864406779661017,0.5932203389830508,0.711864406779661,1.1467642017343274,0.8743914313534434,0.4530700083051476,0.40307000830514755,-1.05,0.2711864406779661,4.485645052051606,3.05867782592779,0.007641293071340998,0.2033898305084746
last_hour_change_type,changed_bull_to_bear,short,59,conclusion_ok,0.4067796610169492,0.5932203389830508,0.4745762711864407,0.3898305084745763,0.11864406779661017,0.864406779661017,0.5932203389830508,0.711864406779661,1.1467642017343274,0.8743914313534434,0.4530700083051476,0.40307000830514755,-1.05,0.2711864406779661,4.485645052051606,3.05867782592779,0.007641293071340998,0.2033898305084746
phase2_core_setup,sideways__kept_bear__long_lower_bear__low_area__failed_down_breakout,short,10,observe_only,0.5,0.5,0.7,0.2,0.1,0.8,0.7,0.8,-0.30390812915799925,-1.1390394088670481,0.4507429148298566,0.40074291482985674,-1.05,0.2,8.914994571217738,8.578584643477281,0.0037481502176290723,0.4
volume_bucket,high_volume,short,160,conclusion_ok,0.425,0.575,0.5625,0.2625,0.16875,0.85625,0.7,0.80625,-0.6673597773223534,0.3737936780933859,0.4185663831934793,0.3685663831934793,-1.05,0.1875,10.453146370632107,11.68287803146434,0.007285634201980712,0.41875
recent_3day_bias,two_bearish,short,283,conclusion_ok,0.5229681978798587,0.47703180212014135,0.6099290780141844,0.20212765957446807,0.18439716312056736,0.875886524822695,0.7730496453900709,0.8900709219858156,-4.2208857701182065,-0.3293201133144606,0.40596079927622997,0.35596079927622964,-1.05,0.0989399293286219,16.370514833400406,16.65774688738397,0.004465177925929929,0.5830388692579506
phase2_core_setup,downtrend__kept_bear__true_weak_bear__low_area__confirmed_down_breakout,short,19,observe_only,0.5263157894736842,0.47368421052631576,0.5263157894736842,0.42105263157894735,0.05263157894736842,0.631578947368421,0.42105263157894735,0.631578947368421,-0.013560247331744282,-0.7627193629258302,0.3979688034119968,0.3479688034119967,-1.05,0.3684210526315789,2.5893971695412312,2.0803560406640877,0.02783659342672426,0.05263157894736842
phase2_core_setup,downtrend__kept_bear__normal_bear__low_area__confirmed_down_breakout,short,10,observe_only,0.6,0.4,0.5,0.3,0.2,0.6,0.3,0.6,-0.3393529808158938,-0.49813576687462835,0.39398206259895174,0.3439820625989518,-1.05,0.4,2.051573510388843,2.280654039404733,0.017614014623315057,0.0
phase2_core_setup,downtrend__kept_bull__long_upper_bear__middle_area__no_breakout,short,17,observe_only,0.35294117647058826,0.6470588235294118,0.4117647058823529,0.35294117647058826,0.23529411764705882,1.0,0.7647058823529411,0.7647058823529411,3.302680730069804,1.5899772209567198,0.37898961102864975,0.3289896110286497,-1.05,0.23529411764705882,9.264565903623875,4.049034937127761,0.0047308829656958745,0.35294117647058826
phase2_core_setup,sideways__kept_bull__long_lower_bull__middle_area__no_breakout,short,16,observe_only,0.5625,0.4375,0.8,0.0,0.2,1.0,0.9333333333333333,0.9333333333333333,-17.904030691958166,-3.2987012987013293,0.37749999999999395,0.32749999999999374,-1.05,0.0625,20.881693094552084,38.96684266268905,0.0008228746542520911,0.875
phase2_simple_setup,bear__true_weak_bear__low_area__high_volume,short,18,observe_only,0.3888888888888889,0.6111111111111112,0.3333333333333333,0.5555555555555556,0.1111111111111111,0.8333333333333334,0.5555555555555556,0.6111111111111112,0.5382885660403065,0.29617066022017935,0.3603638397464411,0.3103638397464411,-1.05,0.3888888888888889,3.5732636399061213,1.9257583947626908,0.014331566197706334,0.16666666666666666
phase2_simple_setup,bull__long_lower_bull__low_area__shrinking_volume,short,51,conclusion_ok,0.5294117647058824,0.47058823529411764,0.78,0.0,0.22,0.98,0.94,0.94,5.0594606960887525,-2.016520523574174,0.3436137353694402,0.2936137353694406,-1.05,0.058823529411764705,40.995058785567956,23.49598381275031,0.0009360144458133371,0.9019607843137255
phase2_core_setup,uptrend__kept_bear__long_lower_bear__middle_area__no_breakout,short,19,observe_only,0.5263157894736842,0.47368421052631576,0.47368421052631576,0.21052631578947367,0.3157894736842105,1.0,0.9473684210526315,0.8421052631578947,2.4015620382364093,-0.3608562691131364,0.3358901467453585,0.2858901467453584,-1.05,0.15789473684210525,17.53980616163694,8.454558645941509,0.0037323267759615565,0.631578947368421
breakout_type,confirmed_down_breakout,short,78,conclusion_ok,0.5256410256410257,0.47435897435897434,0.46153846153846156,0.358974358974359,0.14102564102564102,0.6410256410256411,0.44871794871794873,0.6153846153846154,0.22258152138102616,-0.1309780414888782,0.32941601329106024,0.27941601329106014,-1.05,0.3333333333333333,2.913121058495539,2.133532030723755,0.0179025948024005,0.07692307692307693
phase2_core_setup,sideways__kept_bull__long_upper_bull__high_area__confirmed_up_breakout,short,2,observe_only,0.0,1.0,0.5,0.5,0.0,1.0,0.5,0.5,1.3173065315786174,1.3173065315786174,0.32098765432104215,0.2709876543210421,0.2709876543210421,0.5,2.0619634358850503,0.7709471553432805,0.007365366632498244,0.0
phase2_core_setup,uptrend__changed_bull_to_bear__long_upper_bear__middle_area__no_breakout,short,3,observe_only,0.0,1.0,0.6666666666666666,0.3333333333333333,0.0,1.0,1.0,0.6666666666666666,4.729824593674739,3.1956124314442413,0.31642512077296664,0.26642512077296665,-1.05,0.3333333333333333,7.66746459948934,1.751964271620998,0.004111911545168159,0.3333333333333333
phase2_core_setup,sideways__kept_bear__true_weak_bear__middle_area__no_breakout,short,13,observe_only,0.6153846153846154,0.38461538461538464,0.6153846153846154,0.23076923076923078,0.15384615384615385,0.6923076923076923,0.6153846153846154,0.8461538461538461,-1.549446569218335,-0.7762557077625055,0.3130293931469399,0.2630293931469398,-1.05,0.15384615384615385,5.1343218660442975,5.95148910002508,0.005872950431706521,0.38461538461538464
phase2_core_setup,sideways__kept_bull__true_strong_bull__high_area__confirmed_up_breakout,short,19,observe_only,0.5263157894736842,0.47368421052631576,0.7368421052631579,0.10526315789473684,0.15789473684210525,0.9473684210526315,0.9473684210526315,0.8947368421052632,-14.3335274961042,-0.8076152304609566,0.3039086265281096,0.2539086265281096,-1.05,0.10526315789473684,34.52358926832745,68.67049612791472,0.0018874776278850881,0.8421052631578947
phase2_simple_setup,bear__normal_bear__middle_area__normal_volume,short,13,observe_only,0.46153846153846156,0.5384615384615384,0.3076923076923077,0.6153846153846154,0.07692307692307693,0.8461538461538461,0.6923076923076923,0.7692307692307693,0.7992402335965338,0.8680555555555556,0.3035258308139781,0.2535258308139781,-1.05,0.23076923076923078,4.255542126067041,3.271185946862756,0.007494686311036878,0.23076923076923078
phase2_simple_setup,bear__long_upper_bear__middle_area__high_volume,short,5,observe_only,0.4,0.6,0.2,0.6,0.0,0.8,0.2,0.6,0.39980886100029595,0.13442842775729896,0.29772785167211263,0.24772785167211264,-1.05,0.4,1.9098755815395108,1.985825655513765,0.011549997713425065,0.0
phase2_core_setup,sideways__kept_bull__long_lower_bear__middle_area__no_breakout,short,17,observe_only,0.5882352941176471,0.4117647058823529,0.6470588235294118,0.11764705882352941,0.23529411764705882,0.8823529411764706,0.7058823529411765,0.9411764705882353,-1.2017259385477308,-1.5621468926553672,0.2849249425455672,0.23492494254556706,-1.05,0.058823529411764705,8.099611439331637,7.241565951054592,0.0031549543830388057,0.5294117647058824
last_hour_wick_type,long_upper_bear,short,362,conclusion_ok,0.47513812154696133,0.5248618784530387,0.4972375690607735,0.3425414364640884,0.1574585635359116,0.8646408839779005,0.7099447513812155,0.8232044198895028,0.5622362832337761,0.193299621756572,0.26039547524166995,0.21039547524167004,-1.05,0.17403314917127072,6.332532787489265,5.07121721005597,0.0054422846976787285,0.40331491712707185
phase2_core_setup,sideways__kept_bull__long_upper_bear__high_area__failed_up_breakout,short,6,observe_only,0.0,1.0,0.5,0.5,0.0,1.0,0.8333333333333334,0.6666666666666666,2.4077353180318855,1.1941570770145693,0.25228167698213483,0.20228167698213492,-1.05,0.3333333333333333,4.709171700414022,1.3858968655562798,0.009155284909928998,0.3333333333333333
phase2_simple_setup,bull__normal_bull__low_area__shrinking_volume,short,24,observe_only,0.4583333333333333,0.5416666666666666,0.8333333333333334,0.041666666666666664,0.125,0.9583333333333334,0.9583333333333334,0.9583333333333334,-139.00442821544883,1.2270503311540946,0.22946775986658308,0.17946775986658295,-1.05,0.041666666666666664,56.12799074917674,190.43673760068262,0.0015054423430168956,0.9166666666666666
break_prev_23h_low,True,short,151,conclusion_ok,0.5695364238410596,0.4304635761589404,0.5894039735099338,0.24503311258278146,0.1456953642384106,0.7218543046357616,0.5629139072847682,0.7549668874172185,-0.8756981710518306,-0.6152258656271584,0.2060402011780947,0.15604020117809472,-1.05,0.2185430463576159,5.478481393014889,5.800523432286288,0.011673993663524751,0.2980132450331126
volume_bucket,huge_volume,short,110,conclusion_ok,0.5363636363636364,0.4636363636363636,0.509090909090909,0.34545454545454546,0.1,0.7090909090909091,0.5636363636363636,0.6727272727272727,-0.5173982325619358,-0.17634202607342092,0.19311798903696514,0.14311798903696493,-1.05,0.2727272727272727,5.404430881402455,7.0218252896811375,0.011704930613137371,0.2636363636363636
prev_2_days_bearish,True,short,530,conclusion_ok,0.5339622641509434,0.4660377358490566,0.634469696969697,0.1875,0.17424242424242425,0.8636363636363636,0.7651515151515151,0.8901515151515151,-2.785568141372799,-0.43108565477742444,0.19165900984196801,0.14165900984196783,-1.05,0.10377358490566038,13.445591352825476,13.600545217583855,0.00483994844040046,0.5528301886792453
phase2_core_setup,sideways__kept_bull__normal_bear__high_area__no_breakout,short,9,observe_only,0.4444444444444444,0.5555555555555556,0.5555555555555556,0.4444444444444444,0.0,0.8888888888888888,0.6666666666666666,0.7777777777777778,0.9727041443411593,0.18272095332670427,0.1867583640111814,0.13675836401118147,-1.05,0.2222222222222222,6.100811309380794,4.557894406645065,0.003986657884168342,0.4444444444444444
phase2_core_setup,downtrend__kept_bear__long_upper_bull__middle_area__no_breakout,short,28,observe_only,0.32142857142857145,0.6785714285714286,0.5357142857142857,0.17857142857142858,0.2857142857142857,0.9285714285714286,0.8571428571428571,0.8571428571428571,2.850790350878895,2.8485317620780988,0.18640033878343168,0.13640033878343155,-1.05,0.14285714285714285,9.597500183252377,5.412057771810437,0.003849327561262087,0.5357142857142857
phase2_core_setup,sideways__kept_bull__normal_bear__middle_area__no_breakout,short,13,observe_only,0.3076923076923077,0.6923076923076923,0.38461538461538464,0.23076923076923078,0.38461538461538464,1.0,0.7692307692307693,0.8461538461538461,1.0878289193919441,2.160677406030668,0.1858184054870897,0.13581840548708962,-1.05,0.15384615384615385,5.090585247358063,3.8930489170245584,0.004509779278211978,0.6153846153846154
phase2_simple_setup,bull__long_upper_bull__middle_area__shrinking_volume,short,128,conclusion_ok,0.53125,0.46875,0.5703125,0.203125,0.2265625,0.9140625,0.828125,0.90625,-1.2258566663955863,-0.8486856213918921,0.17348252682127213,0.12348252682127175,-1.05,0.09375,9.033883519425867,9.794423669281699,0.0025984278443078636,0.6328125
phase2_core_setup,uptrend__kept_bull__normal_bull__middle_area__no_breakout,short,14,observe_only,0.5714285714285714,0.42857142857142855,0.6428571428571429,0.07142857142857142,0.2857142857142857,1.0,0.9285714285714286,0.9285714285714286,-14.459750039417372,-6.695979959645781,0.16058002148223352,0.11058002148223349,-1.05,0.07142857142857142,35.0907938106541,40.343884253930746,0.0009947757862505183,0.7857142857142857
trend_regime,downtrend,short,698,conclusion_ok,0.5229226361031518,0.47707736389684813,0.6221264367816092,0.21408045977011494,0.16379310344827586,0.8922413793103449,0.7772988505747126,0.8864942528735632,-7.166196608724033,-0.30369584400783,0.160289005248951,0.11028900524895102,-1.05,0.10888252148997135,31.388195028920272,41.184349575928216,0.005123453422682525,0.5687679083094556
phase2_core_setup,uptrend__kept_bull__long_upper_bull__high_area__confirmed_up_breakout,short,8,observe_only,0.375,0.625,0.375,0.5,0.125,1.0,0.75,0.625,-0.35467391116344715,0.3750880952569847,0.15919807956912546,0.10919807956912547,-1.05,0.375,3.7309194916157695,2.9121623884783334,0.007634157136244936,0.25
phase2_core_setup,sideways__kept_bear__long_upper_bear__low_area__no_breakout,short,28,observe_only,0.5,0.5,0.5357142857142857,0.2857142857142857,0.17857142857142858,0.9285714285714286,0.7857142857142857,0.8928571428571429,0.5600612436776096,0.09117280719905844,0.15547001897988721,0.10547001897988714,-1.05,0.10714285714285714,6.461660947508811,5.466550694495061,0.004832669850436712,0.6071428571428571
phase2_core_setup,downtrend__kept_bear__long_upper_bull__low_area__no_breakout,short,23,observe_only,0.43478260869565216,0.5652173913043478,0.6086956521739131,0.21739130434782608,0.17391304347826086,0.9130434782608695,0.8260869565217391,0.9565217391304348,1.4535532492385996,1.0653846153846434,0.15231646471845836,0.10231646471845811,-1.05,0.043478260869565216,8.121543294057437,6.697779757454409,0.005075588082822411,0.43478260869565216
phase2_simple_setup,bull__normal_bull__high_area__huge_volume,short,7,observe_only,0.5714285714285714,0.42857142857142855,0.42857142857142855,0.42857142857142855,0.14285714285714285,0.7142857142857143,0.7142857142857143,0.7142857142857143,-0.8251612390666028,-0.5186206896552025,0.14334615202012582,0.09334615202012594,-1.05,0.2857142857142857,3.8101728469870673,4.332301367745727,0.006819683492738279,0.2857142857142857
phase2_simple_setup,bear__long_lower_bear__middle_area__shrinking_volume,short,94,conclusion_ok,0.574468085106383,0.425531914893617,0.6063829787234043,0.1702127659574468,0.22340425531914893,0.925531914893617,0.8723404255319149,0.9042553191489362,1.6705048566432146,-0.8871892105783663,0.1378647748775156,0.08786477487751551,-1.05,0.09574468085106383,12.798520394078523,9.380836361703683,0.002884992381561633,0.6595744680851063
phase2_core_setup,sideways__kept_bear__long_lower_bull__middle_area__no_breakout,short,20,observe_only,0.65,0.35,0.65,0.05,0.3,1.0,0.95,0.95,788.2322669252978,-4.991666666666585,0.13258064516129142,0.08258064516129132,-1.05,0.05,2547.7330880846275,344.27265822380133,0.0007236086254521468,0.9
phase2_core_setup,uptrend__kept_bull__long_lower_bull__high_area__no_breakout,short,50,conclusion_ok,0.52,0.48,0.7872340425531915,0.0,0.2127659574468085,1.0,1.0,0.9787234042553191,-352.18374438876737,-0.36249999999987875,0.1300549527969292,0.0800549527969295,-1.05,0.02,188.10525236022966,675.3804102094027,0.0010762148580802085,0.92
last_hour_wick_type,long_lower_bull,short,304,conclusion_ok,0.5296052631578947,0.47039473684210525,0.7559322033898305,0.02711864406779661,0.21694915254237288,0.9898305084745763,0.9525423728813559,0.9694915254237289,-16.81661251344767,-1.5576323987538765,0.12927164646033565,0.07927164646033567,-1.05,0.029605263157894735,314.5025508534995,224.5060570864835,0.0010922186657187254,0.9144736842105263
close_area,high_area,short,857,conclusion_ok,0.4597432905484247,0.5402567094515752,0.6099290780141844,0.2127659574468085,0.1773049645390071,0.9208037825059102,0.8451536643026005,0.8888888888888888,6.8937558144492685,0.7198455667586025,0.09768414392919823,0.04768414392919811,-1.05,0.10968494749124855,70.20409444312364,66.76914536023067,0.0032544071917002307,0.6487747957992999
phase2_core_setup,uptrend__kept_bull__true_strong_bull__high_area__confirmed_up_breakout,short,18,observe_only,0.5,0.5,0.7777777777777778,0.05555555555555555,0.16666666666666666,0.8888888888888888,0.8888888888888888,0.8888888888888888,-7.480570419056118,0.08134303436488044,0.08745334350368268,0.0374533435036826,-1.05,0.1111111111111111,31.774023994517126,38.57623311663109,0.0019140646286608634,0.7777777777777778
phase2_core_setup,downtrend__kept_bull__long_upper_bull__high_area__failed_up_breakout,short,11,observe_only,0.36363636363636365,0.6363636363636364,0.5454545454545454,0.45454545454545453,0.0,0.8181818181818182,0.6363636363636364,0.8181818181818182,-2.3068195204921946,0.44366197183099415,0.07509129673073192,0.025091296730731818,-1.05,0.18181818181818182,4.523403101938262,6.706690459509122,0.00576679024071165,0.36363636363636365
failed_down_breakout,True,short,73,conclusion_ok,0.6164383561643836,0.3835616438356164,0.726027397260274,0.1232876712328767,0.1506849315068493,0.8082191780821918,0.684931506849315,0.9041095890410958,-2.0492024999526905,-1.6932870370370385,0.07421399097520003,0.02421399097520005,-1.05,0.0958904109589041,8.219551339487621,9.718678628476392,0.005018776008287645,0.5342465753424658
breakout_type,failed_down_breakout,short,73,conclusion_ok,0.6164383561643836,0.3835616438356164,0.726027397260274,0.1232876712328767,0.1506849315068493,0.8082191780821918,0.684931506849315,0.9041095890410958,-2.0492024999526905,-1.6932870370370385,0.07421399097520003,0.02421399097520005,-1.05,0.0958904109589041,8.219551339487621,9.718678628476392,0.005018776008287645,0.5342465753424658
phase2_simple_setup,bull__true_strong_bull__high_area__huge_volume,short,22,observe_only,0.36363636363636365,0.6363636363636364,0.6818181818181818,0.18181818181818182,0.13636363636363635,0.9090909090909091,0.9090909090909091,0.8636363636363636,-1.2618816789396194,1.9174920001219093,0.048304990972129876,-0.0016950090278702009,-1.05,0.13636363636363635,13.327303029726098,20.51946911409127,0.0024799035319161633,0.7727272727272727
phase2_simple_setup,bull__long_upper_bull__high_area__high_volume,short,19,observe_only,0.2631578947368421,0.7368421052631579,0.5263157894736842,0.42105263157894735,0.05263157894736842,0.8947368421052632,0.8421052631578947,0.7894736842105263,0.23070540567968345,0.7502837684449138,0.04758518211305505,-0.0024148178869450106,-1.05,0.21052631578947367,4.909643990907933,3.834260021312064,0.006610809572957776,0.3684210526315789
last_hour_wick_type,long_lower_bear,short,365,conclusion_ok,0.5397260273972603,0.4602739726027397,0.5917808219178082,0.19726027397260273,0.21095890410958903,0.8958904109589041,0.7917808219178082,0.8904109589041096,-0.6913518262656301,-0.3802083333333682,0.045841171572917505,-0.004158828427082449,-1.05,0.10410958904109589,9.962059145625018,9.845039021940464,0.0036549980839633484,0.6027397260273972
temp_day_color_7h,bull,short,1218,conclusion_ok,0.47701149425287354,0.5229885057471264,0.5870646766169154,0.22470978441127695,0.1857379767827529,0.9096185737976783,0.8109452736318408,0.8739635157545605,-2.0344406054655617,0.26784940212072167,0.04532081949606322,-0.004679180503936856,-1.05,0.1206896551724138,55.37077173332678,57.767455237448004,0.003747255631359824,0.5919540229885057
phase2_core_setup,downtrend__kept_bull__normal_bear__high_area__failed_up_breakout,short,2,observe_only,0.0,1.0,0.5,0.5,0.0,1.0,1.0,0.5,3.3672064479965056,3.3672064479965056,0.04175561437963793,-0.008244385620362116,-0.008244385620362116,0.5,4.323209402094406,1.6541591037806813,0.010786762418924678,0.0
phase2_simple_setup,bull__long_lower_bull__middle_area__shrinking_volume,short,94,conclusion_ok,0.5638297872340425,0.43617021276595747,0.7362637362637363,0.03296703296703297,0.23076923076923078,0.989010989010989,0.945054945054945,0.9560439560439561,120.51654731971178,-1.9497716894968067,0.04165835980080503,-0.008341640199195323,-1.05,0.0425531914893617,829.7459684914454,306.47450607196856,0.0008126618724285375,0.8829787234042553
trend_regime,sideways,short,735,conclusion_ok,0.48707482993197276,0.5129251700680272,0.6027397260273972,0.20821917808219179,0.18493150684931506,0.9027397260273973,0.7986301369863014,0.8767123287671232,17.67435355918462,0.17042290075855426,0.039012421840159364,-0.010987578159840692,-1.05,0.11700680272108843,87.67046946186885,31.17182346875715,0.003850050308342538,0.6095238095238096
prev_2_days_bullish,False,short,1789,conclusion_ok,0.5265511458915595,0.47344885410844045,0.6252110298255487,0.2076533483398987,0.16488463702870004,0.887450759707372,0.7737760270118177,0.8925154755205402,14.140321698929853,-0.37814941137638824,0.03599586823743864,-0.014004131762561451,-1.05,0.10061486864169927,78.20104105606691,41.347434266906724,0.004412433587446143,0.5796534376746786
signal_color,bear,short,1187,conclusion_ok,0.523167649536647,0.476832350463353,0.5417017691659646,0.2940185341196293,0.16006739679865206,0.8399326032013479,0.6840775063184499,0.8399326032013479,-0.23529815861498077,-0.18944519621109235,0.028948606572931797,-0.02105139342706828,-1.05,0.15080033698399326,6.513845647505464,6.188311223574074,0.006143210568102905,0.4035383319292334
phase2_core_setup,sideways__kept_bear__long_upper_bear__low_area__confirmed_down_breakout,short,5,observe_only,0.4,0.6,0.4,0.0,0.6,0.8,0.8,0.8,2.1952920239009126,0.14098360655737704,0.027974384900583082,-0.022025615099416918,-1.05,0.2,6.403651649329193,1.6970852545736688,0.0049602190307037036,0.0
volume_bucket,normal_volume,short,530,conclusion_ok,0.5037735849056604,0.4962264150943396,0.5958254269449715,0.23719165085388993,0.16698292220113853,0.8690702087286527,0.7419354838709677,0.8690702087286527,1.0091967169099731,-0.022105263157879418,0.02490501362642335,-0.025094986373576662,-1.05,0.12452830188679245,14.884827595183353,12.480892165337714,0.005103422276124422,0.5264150943396226
last_hour_change_type,kept_bull,short,1159,conclusion_ok,0.48058671268334774,0.5194132873166523,0.5928509154315605,0.21621621621621623,0.1891891891891892,0.911944202266783,0.8221447253705318,0.8823016564952049,-2.198077121267476,0.2157320872274581,0.024346798450085912,-0.025653201549914132,-1.05,0.11302847282139776,57.98822811885009,60.58159461607025,0.0035469520490068263,0.6117342536669542
phase2_core_setup,downtrend__kept_bear__normal_bear__low_area__no_breakout,short,18,observe_only,0.5555555555555556,0.4444444444444444,0.7222222222222222,0.16666666666666666,0.1111111111111111,0.7222222222222222,0.5,0.8888888888888888,0.893302109328026,-1.0536468218918937,0.021370924833327958,-0.028629075166672086,-1.05,0.1111111111111111,4.974861895252724,4.5499790979177686,0.006750274932034138,0.3333333333333333
phase2_core_setup,uptrend__changed_bear_to_bull__normal_bull__middle_area__no_breakout,short,4,observe_only,0.5,0.5,0.5,0.5,0.0,1.0,1.0,0.75,0.3985962209904387,0.2781298634433782,0.013129102844687601,-0.03687089715531239,-1.05,0.25,10.973629892666194,5.257801605897684,0.0019643590411964704,0.75
long_wick_day,True,short,1212,conclusion_ok,0.5148514851485149,0.48514851485148514,0.6181364392678869,0.2021630615640599,0.17803660565723795,0.8960066555740432,0.7878535773710482,0.8935108153078203,-13.47684316149839,-0.22854017221536532,0.009459199331665218,-0.040540800668334945,-1.05,0.10231023102310231,42.65783942288696,56.068642058813715,0.0037733939085324466,0.5973597359735974
big_bear_day,False,short,2217,conclusion_ok,0.5074424898511503,0.4925575101488498,0.616643929058663,0.20691223283310595,0.17462482946793997,0.8940427467030468,0.791268758526603,0.8894952251023193,5.997382841705619,-0.09416195856873759,0.0054106001449355815,-0.044589399855064396,-1.05,0.10554803788903924,69.04905880411839,46.86133839351066,0.0038627899676457133,0.5940460081190798
prev_3_days_bullish,False,short,2101,conclusion_ok,0.5140409328891005,0.4859590671108996,0.6201438848920864,0.2081534772182254,0.1697841726618705,0.8935251798561151,0.7851318944844125,0.890167865707434,5.733924995807438,-0.18944519621109235,0.004352809193761605,-0.04564719080623843,-1.05,0.10376011423131842,70.71969184106409,48.22433236250132,0.004245551517209869,0.586863398381723
break_prev_23h_high,False,short,2201,conclusion_ok,0.5156746933212176,0.4843253066787824,0.6156665139715988,0.2038479157123225,0.17911131470453504,0.896472743930371,0.7897388914338067,0.891433806688044,4.894440312719098,-0.19771863117871274,0.004097047191559828,-0.04590295280844019,-1.05,0.10313493866424353,69.54891578357524,48.46440730738942,0.004103512990931994,0.5929123125851885
close_area,low_area,short,657,conclusion_ok,0.5403348554033486,0.4596651445966514,0.6280487804878049,0.2225609756097561,0.1448170731707317,0.8414634146341463,0.7057926829268293,0.8765243902439024,-9.725550832133106,-0.4409625400495174,0.002973068191247056,-0.04702693180875298,-1.05,0.1156773211567732,13.521224601158714,22.923483942197734,0.0061800536535529865,0.4977168949771689
changed_bear_to_bull,False,short,2318,conclusion_ok,0.5120793787748059,0.48792062122519414,0.6136462407648848,0.20903954802259886,0.17470664928292046,0.8909169926119078,0.7844415471534115,0.8878748370273793,4.48397205437001,-0.14964200477326275,0.002091349778746815,-0.04790865022125321,-1.05,0.10612597066436583,66.52245298648317,46.787093111179665,0.004247824381108691,0.5858498705780846
big_bull_day,False,short,2134,conclusion_ok,0.5164011246485474,0.4835988753514527,0.6159659896079358,0.2026452527161077,0.17902692489371752,0.8913556920170052,0.7841284837033538,0.8904109589041096,-1.7264840385810953,-0.19986438379385546,-0.00039961757362790733,-0.050399617573627944,-1.05,0.10356138706654171,57.75298548075762,46.7186775573105,0.004186787400593243,0.5862230552952202
failed_up_breakout,False,short,2282,conclusion_ok,0.5144609991235758,0.4855390008764242,0.6170494699646644,0.20318021201413428,0.1784452296819788,0.8979681978798587,0.7932862190812721,0.8904593639575972,4.511291771441674,-0.18661757527449763,-0.0016924339078958574,-0.0516924339078959,-1.05,0.10429447852760736,67.79652235273997,47.857745521690724,0.004077302752995479,0.5968448729184925
prev_day_color,bull,short,1214,conclusion_ok,0.48105436573311366,0.5189456342668863,0.5978351373855121,0.21315570358034971,0.18734388009991673,0.9134054954204829,0.8251457119067444,0.8834304746044963,-2.1897998260703226,0.2338041889917244,-0.0036232665855325044,-0.053623266585532556,-1.05,0.11202635914332784,56.15463461417017,58.82991180394524,0.0034863705849685965,0.6169686985172982
phase2_simple_setup,bear__normal_bear__low_area__normal_volume,short,24,observe_only,0.5833333333333334,0.4166666666666667,0.5416666666666666,0.2916666666666667,0.16666666666666666,0.75,0.5416666666666666,0.7916666666666666,-0.820930948788393,-1.0536468218918937,-0.0056592926720417935,-0.05565929267204176,-1.05,0.20833333333333334,3.1939895098630267,3.661119314947811,0.008887096257532123,0.16666666666666666
prev_3_days_bearish,False,short,2126,conclusion_ok,0.5075258701787394,0.4924741298212606,0.6102418207681366,0.2119487908961593,0.17543859649122806,0.8971076339497392,0.7904220009483167,0.8880986249407302,4.973615341659664,-0.09416195856873759,-0.00672363060751015,-0.0567236306075102,-1.05,0.10536218250235184,71.8419136035667,50.422538192550064,0.00407620121946342,0.5973659454374413
breakout_type,no_breakout,short,2050,conclusion_ok,0.5117073170731707,0.48829268292682926,0.6176181102362205,0.20078740157480315,0.1815944881889764,0.9094488188976378,0.8065944881889764,0.9015748031496063,5.323225209889084,-0.1488367504181389,-0.010909555294644307,-0.06090955529464438,-1.05,0.09463414634146342,74.310055347047,51.6348041898405,0.0035409428228407006,0.6146341463414634
overall,all,short,2373,conclusion_ok,0.5115887062789718,0.48841129372102826,0.6157112526539278,0.20764331210191084,0.1740976645435244,0.8921443736730361,0.7868365180467092,0.8883227176220807,4.334974337192664,-0.14515620069422464,-0.011662473524660976,-0.061662473524661025,-1.05,0.10577328276443321,65.3916699962612,46.21007910859026,0.004200858162746308,0.5891276864728192
failed_down_breakout,False,short,2300,conclusion_ok,0.5082608695652174,0.4917391304347826,0.612182296231376,0.21034180543382996,0.17484662576687116,0.894829097283085,0.7900964066608238,0.887817703768624,4.539200853017211,-0.09588792071603977,-0.01440961721812718,-0.06440961721812719,-1.05,0.10608695652173913,67.22057650894502,47.37742014060091,0.004174693393804801,0.5908695652173913
prev_day_color,bear,short,1159,conclusion_ok,0.543572044866264,0.45642795513373596,0.634315424610052,0.2019064124783362,0.16031195840554593,0.8700173310225303,0.7469670710571924,0.8934142114384749,11.12548886932339,-0.7019012410879426,-0.020029100503771297,-0.07002910050377141,-1.05,0.0992234685073339,75.00491045890533,33.07626709202066,0.004944445321248068,0.5599654874892148
phase2_core_setup,uptrend__kept_bull__true_weak_bear__high_area__no_breakout,short,15,observe_only,0.4666666666666667,0.5333333333333333,0.6,0.4,0.0,0.8666666666666667,0.7333333333333333,0.8666666666666667,-0.6001999410428129,0.03181489515544353,-0.021590461027354912,-0.07159046102735496,-1.05,0.13333333333333333,4.924871707122236,4.554196327707205,0.004842563541274156,0.2
changed_bull_to_bear,False,short,2314,conclusion_ok,0.5142610198789974,0.4857389801210026,0.6193379790940766,0.2029616724738676,0.1755226480836237,0.8928571428571429,0.7918118466898955,0.8928571428571429,4.416901339802441,-0.19296048356811407,-0.023604640958440892,-0.07360464095844094,-1.05,0.10155574762316336,66.95676384282407,47.318934803571565,0.0041124497744156946,0.5989628349178912
break_prev_23h_low,False,short,2222,conclusion_ok,0.5076507650765076,0.49234923492349236,0.617513611615245,0.20508166969147004,0.17604355716878403,0.9038112522686026,0.8021778584392014,0.8974591651542649,4.691966872920855,-0.09588792071603977,-0.026577674922172858,-0.07657767492217284,-1.05,0.09810981098109811,69.49643019548543,48.97861037316463,0.003688860222357222,0.6089108910891089
recent_3day_bias,mixed,short,1259,conclusion_ok,0.5234312946783162,0.4765687053216839,0.6212970376301041,0.21617293835068055,0.16092874299439552,0.8975180144115292,0.7774219375500401,0.8935148118494796,21.295541743509357,-0.2935230748769739,-0.02980888658016863,-0.07980888658016866,-1.05,0.09928514694201747,105.57564269202487,53.077103937076835,0.004231706732073942,0.5909451945988881
long_wick_day,False,short,1161,conclusion_ok,0.508182601205857,0.491817398794143,0.6131830008673027,0.21335646140503037,0.16999132697311362,0.8881179531656548,0.7857762359063313,0.8829141370338248,22.903755458985078,-0.09416195856873759,-0.03368177168017184,-0.08368177168017189,-1.05,0.10938845822566753,89.09163907622289,35.93254860887769,0.0046464887209120165,0.5805340223944875
phase2_core_setup,sideways__kept_bear__true_weak_bear__low_area__no_breakout,short,21,observe_only,0.5238095238095238,0.47619047619047616,0.3333333333333333,0.5238095238095238,0.14285714285714285,0.9047619047619048,0.8571428571428571,0.8095238095238095,1.8931141461981995,-0.022105263157879418,-0.037621281892237596,-0.08762128189223758,-1.05,0.14285714285714285,6.406619454743243,2.9337945722402514,0.007530509277398713,0.38095238095238093
phase2_simple_setup,bull__normal_bull__middle_area__shrinking_volume,short,51,conclusion_ok,0.5294117647058824,0.47058823529411764,0.7843137254901961,0.0392156862745098,0.17647058823529413,0.9019607843137255,0.8627450980392157,0.9411764705882353,-3.333394598263278,-0.16899224806198165,-0.04027489910443789,-0.09027489910443803,-1.05,0.058823529411764705,23.56728623252501,26.651158140117968,0.0017513366766075563,0.803921568627451
last_hour_change_type,kept_bear,short,1100,conclusion_ok,0.5509090909090909,0.4490909090909091,0.6429223744292237,0.1917808219178082,0.16255707762557078,0.8703196347031964,0.7552511415525114,0.9031963470319635,11.66315531259988,-0.8111851787724017,-0.045520285361968775,-0.09552028536196884,-1.05,0.09,78.80457864064448,34.69365318033069,0.00479913571644854,0.5790909090909091
phase2_core_setup,uptrend__kept_bull__long_upper_bull__middle_area__no_breakout,short,28,observe_only,0.5714285714285714,0.42857142857142855,0.5714285714285714,0.17857142857142858,0.25,0.8571428571428571,0.7857142857142857,0.8928571428571429,-3.3400373403509422,-1.1662116624983638,-0.049706706938705256,-0.09970670693870536,-1.05,0.10714285714285714,9.136527434844963,10.822131604886879,0.00283166241695319,0.6428571428571429
prev_3_days_bearish,True,short,247,conclusion_ok,0.5465587044534413,0.4534412955465587,0.6626016260162602,0.17073170731707318,0.16260162601626016,0.8495934959349594,0.7560975609756098,0.8902439024390244,-1.140204030371967,-0.7198987190944334,-0.05400401707047853,-0.10400401707047852,-1.05,0.10931174089068826,10.092630289727385,10.095948181471528,0.005269563420403264,0.5182186234817814
recent_3day_bias,three_bearish,short,247,conclusion_ok,0.5465587044534413,0.4534412955465587,0.6626016260162602,0.17073170731707318,0.16260162601626016,0.8495934959349594,0.7560975609756098,0.8902439024390244,-1.140204030371967,-0.7198987190944334,-0.05400401707047853,-0.10400401707047852,-1.05,0.10931174089068826,10.092630289727385,10.095948181471528,0.005269563420403264,0.5182186234817814
phase2_simple_setup,bear__long_upper_bear__middle_area__huge_volume,short,4,observe_only,0.5,0.5,0.5,0.5,0.0,0.5,0.0,0.5,-0.22634869184199422,-0.2252511432497421,-0.05614039604448525,-0.10614039604448529,-0.5032618047472007,0.5,0.7690161404991644,1.8871156912364657,0.016793733693937968,0.0
phase2_core_setup,uptrend__kept_bull__true_strong_bull__high_area__no_breakout,short,40,conclusion_ok,0.4,0.6,0.8055555555555556,0.0,0.19444444444444445,0.9722222222222222,0.9444444444444444,0.9722222222222222,24.183714706029868,8.29984767073189,-0.05835603996360127,-0.10835603996360109,-1.05,0.025,125.07736847073394,113.41184129548674,0.0008941469871913217,0.85
phase2_core_setup,sideways__kept_bear__normal_bear__middle_area__no_breakout,short,7,observe_only,0.42857142857142855,0.5714285714285714,0.42857142857142855,0.42857142857142855,0.14285714285714285,0.7142857142857143,0.42857142857142855,0.8571428571428571,-0.4872984515009919,1.107427055702923,-0.06288390196433762,-0.1128839019643376,-1.05,0.14285714285714285,3.5276265152936483,4.740353228161969,0.004916365138820322,0.14285714285714285
prev_2_days_bearish,False,short,1843,conclusion_ok,0.5051546391752577,0.4948453608247423,0.6102900930487137,0.2134646962233169,0.17405582922824303,0.9003831417624522,0.7931034482758621,0.8877941981390257,6.392799421310099,-0.06294779938588956,-0.07042204835639614,-0.12042204835639626,-1.05,0.10634834508952794,80.40400142687645,55.634180857058446,0.00401616212191358,0.5995659251220835
temp_day_color_7h,bear,short,1155,conclusion_ok,0.548051948051948,0.45194805194805193,0.6457789382071366,0.18973020017406442,0.1618798955613577,0.8738033072236727,0.7615317667536988,0.9033942558746736,11.020365478050651,-0.7915194346289574,-0.07147261397983362,-0.12147261397983371,-1.05,0.09004329004329005,75.9096885385579,34.07936056080745,0.0046769631695801625,0.5861471861471862
phase2_core_setup,uptrend__kept_bear__long_upper_bull__middle_area__failed_up_breakout,short,1,observe_only,1.0,0.0,0.0,0.0,0.0,0.0,0.0,0.0,-0.07604746912085576,-0.07604746912085576,-0.07604746912085576,-0.12604746912085577,-0.12604746912085577,0.0,0.7018648583192102,0.6379268588035857,0.011790439150311721,0.0
phase2_simple_setup,bear__long_lower_bear__middle_area__normal_volume,short,35,conclusion_ok,0.5142857142857142,0.4857142857142857,0.6,0.2,0.2,0.8857142857142857,0.6857142857142857,0.9142857142857143,-2.107212519089939,-0.12617041198500595,-0.07819877277377318,-0.12819877277377337,-1.05,0.05714285714285714,8.573417400628315,10.709562987579416,0.0044860170526146,0.45714285714285713
phase2_core_setup,uptrend__kept_bear__long_upper_bull__middle_area__no_breakout,short,37,conclusion_ok,0.6216216216216216,0.3783783783783784,0.6756756756756757,0.1891891891891892,0.13513513513513514,0.8378378378378378,0.7297297297297297,0.9459459459459459,-1.6025388668496812,-2.4794007490638315,-0.07995012809736154,-0.12995012809736164,-1.05,0.05405405405405406,7.6751902177005435,9.865533087645064,0.002856208879861981,0.5945945945945946
signal_color,bull,short,1182,conclusion_ok,0.5008460236886633,0.49915397631133673,0.6915807560137457,0.11941580756013746,0.18814432989690721,0.9450171821305842,0.8908934707903781,0.9381443298969072,8.938174374804992,-0.019596989045110844,-0.0800098530745149,-0.130009853074515,-1.05,0.06006768189509306,125.52804969787742,87.16436340175449,0.002230585857099208,0.7749576988155669
volume_bucket,shrinking_volume,short,1573,conclusion_ok,0.5212968849332485,0.47870311506675145,0.6354300385109114,0.1822849807445443,0.1822849807445443,0.9165596919127086,0.8267008985879333,0.9184852374839538,6.316244713883543,-0.31129091360915906,-0.08267244379764091,-0.13267244379764112,-1.05,0.07946598855689765,92.35307309517206,63.93173611212957,0.003048956093702156,0.6503496503496503
phase2_simple_setup,bear__true_weak_bear__middle_area__high_volume,short,5,observe_only,0.4,0.6,0.6,0.4,0.0,0.4,0.4,0.6,-0.5123598444637738,0.04455492876948664,-0.10579049120368307,-0.1557904912036831,-1.05,0.4,1.3290911057941344,2.1272213973366676,0.015779383144653967,0.0
last_hour_wick_type,normal_bull,short,202,conclusion_ok,0.504950495049505,0.49504950495049505,0.7064676616915423,0.1044776119402985,0.1890547263681592,0.945273631840796,0.9154228855721394,0.9402985074626866,58.56909589382947,-0.06294779938588956,-0.10604064253911821,-0.15604064253911837,-1.05,0.0594059405940594,145.4129583574732,44.2911927080487,0.0021407859101003363,0.8415841584158416
phase2_core_setup,downtrend__kept_bull__long_lower_bear__middle_area__no_breakout,short,15,observe_only,0.4666666666666667,0.5333333333333333,0.4666666666666667,0.4,0.13333333333333333,0.9333333333333333,0.8,0.8666666666666667,6.8537802017112295,0.7405660377358512,-0.10720287856492412,-0.15720287856492438,-1.05,0.13333333333333333,14.970763196609903,7.891075930197388,0.0032737161452643525,0.4
last_hour_wick_type,true_strong_bull,short,239,conclusion_ok,0.4811715481171548,0.5188284518828452,0.8008658008658008,0.025974025974025976,0.17316017316017315,0.9696969696969697,0.9437229437229437,0.9567099567099567,16.96001461867201,0.648351648351912,-0.11012851163993027,-0.16012851163993055,-1.05,0.04184100418410042,89.15144131420278,98.26647308820812,0.0012358679747948116,0.895397489539749
big_bull_day,True,short,239,conclusion_ok,0.4686192468619247,0.5313807531380753,0.6134453781512605,0.25210084033613445,0.13025210084033614,0.8991596638655462,0.8109243697478992,0.8697478991596639,58.25139190657527,0.6413163112289908,-0.11184510397985864,-0.1618451039798587,-1.05,0.12552301255230125,133.33744780853462,41.68611727690649,0.00432601700088933,0.6150627615062761
doji_day,False,short,1943,conclusion_ok,0.5156973751930005,0.4843026248069995,0.6129533678756477,0.21295336787564767,0.17202072538860103,0.8906735751295337,0.7849740932642487,0.8906735751295337,7.534162567392173,-0.1987915074862841,-0.12373144288457366,-0.17373144288457382,-1.05,0.10344827586206896,76.18606272713616,50.93726479569476,0.0043617941962884165,0.5872362326299537
phase2_simple_setup,bull__normal_bull__high_area__normal_volume,short,23,observe_only,0.391304347826087,0.6086956521739131,0.6086956521739131,0.2608695652173913,0.13043478260869565,1.0,1.0,0.9130434782608695,-4.551159594848555,2.334431630972004,-0.12969420680241328,-0.17969420680241335,-1.05,0.08695652173913043,10.289106783093365,13.128016716387695,0.002404133660654441,0.8695652173913043
close_area,middle_area,short,859,conclusion_ok,0.5413271245634459,0.4586728754365541,0.611957796014068,0.1910902696365768,0.19343493552168817,0.902696365767878,0.7913247362250879,0.8968347010550997,12.610443717402077,-0.597416974169747,-0.1313672258477566,-0.18136722584775672,-1.05,0.09429569266589057,100.50972520979187,43.72829291898382,0.0036174411399277845,0.59953434225844
prev_3_days_bullish,True,short,272,conclusion_ok,0.49264705882352944,0.5073529411764706,0.5814814814814815,0.2037037037037037,0.2074074074074074,0.8814814814814815,0.8,0.8740740740740741,-6.468033526554741,0.10077126085851495,-0.1353360456280354,-0.18533604562803546,-1.05,0.1213235294117647,24.247501305838927,30.655567870054828,0.0038557261477221343,0.6066176470588235
recent_3day_bias,three_bullish,short,272,conclusion_ok,0.49264705882352944,0.5073529411764706,0.5814814814814815,0.2037037037037037,0.2074074074074074,0.8814814814814815,0.8,0.8740740740740741,-6.468033526554741,0.10077126085851495,-0.1353360456280354,-0.18533604562803546,-1.05,0.1213235294117647,24.247501305838927,30.655567870054828,0.0038557261477221343,0.6066176470588235
phase2_simple_setup,bear__long_upper_bear__low_area__shrinking_volume,short,72,conclusion_ok,0.5277777777777778,0.4722222222222222,0.5972222222222222,0.25,0.1527777777777778,0.8611111111111112,0.7083333333333334,0.9305555555555556,1.1139502322795056,-0.19089147286822955,-0.14815105396957107,-0.1981510539695712,-1.05,0.06944444444444445,6.6735875059369585,4.887736930231015,0.004916464432925304,0.5138888888888888
last_hour_wick_type,normal_bear,short,208,conclusion_ok,0.5288461538461539,0.47115384615384615,0.5432692307692307,0.2980769230769231,0.15384615384615385,0.8317307692307693,0.6298076923076923,0.8365384615384616,-0.37888748461152855,-0.27324117173448603,-0.14825858784093285,-0.19825858784093284,-1.05,0.15384615384615385,4.35870165896964,4.454763193106538,0.006904870817274322,0.3317307692307692
phase2_core_setup,uptrend__kept_bear__long_upper_bear__low_area__no_breakout,short,28,observe_only,0.5,0.5,0.5357142857142857,0.2857142857142857,0.17857142857142858,0.8214285714285714,0.7142857142857143,0.9285714285714286,1.9424242928349784,-0.09705786368832553,-0.15026137120678068,-0.20026137120678073,-1.05,0.07142857142857142,7.498089902983358,4.963198405174727,0.0057142186473752065,0.4642857142857143
breakout_type,confirmed_up_breakout,short,81,conclusion_ok,0.48148148148148145,0.5185185185185185,0.654320987654321,0.18518518518518517,0.16049382716049382,0.9382716049382716,0.8888888888888888,0.8641975308641975,-5.81479792743009,0.6830620965542384,-0.15772252329199207,-0.20772252329199223,-1.05,0.13580246913580246,20.568437667389304,31.507835914526957,0.003370920661447218,0.7037037037037037
prev_2_days_bullish,True,short,584,conclusion_ok,0.4657534246575342,0.5342465753424658,0.5865051903114187,0.20761245674740483,0.20242214532871972,0.9065743944636678,0.8269896193771626,0.8754325259515571,-25.81053130607202,0.43580478504216186,-0.158183015585649,-0.20818301558564906,-1.05,0.12157534246575342,26.01061052692773,61.15976748864501,0.0035503918484009653,0.6181506849315068
phase2_core_setup,uptrend__kept_bull__long_lower_bear__high_area__no_breakout,short,42,conclusion_ok,0.5,0.5,0.5,0.21428571428571427,0.2857142857142857,0.9523809523809523,0.8333333333333334,0.8809523809523809,-1.6759884680442576,-0.030117812296021763,-0.16354075158625184,-0.21354075158625183,-1.05,0.11904761904761904,9.047447937421328,10.347846561430321,0.0033811097637356765,0.6666666666666666
phase2_core_setup,uptrend__kept_bear__long_upper_bear__middle_area__no_breakout,short,35,conclusion_ok,0.5428571428571428,0.45714285714285713,0.5428571428571428,0.34285714285714286,0.11428571428571428,0.8857142857142857,0.6857142857142857,0.9142857142857143,-1.257931671359919,-2.0670529801324538,-0.16624893138396765,-0.21624893138396778,-1.05,0.08571428571428572,6.861114581354214,7.969195472136658,0.003540093490033929,0.5428571428571428
phase2_core_setup,uptrend__kept_bull__normal_bull__high_area__confirmed_up_breakout,short,6,observe_only,0.6666666666666666,0.3333333333333333,0.5,0.3333333333333333,0.16666666666666666,1.0,1.0,0.8333333333333334,0.7432462801197935,-0.33188844517471355,-0.170998116760829,-0.22099811676082895,-1.05,0.16666666666666666,5.972812652187572,3.374434663672133,0.007596263140607033,0.5
phase2_simple_setup,bear__long_lower_bear__low_area__high_volume,short,14,observe_only,0.5714285714285714,0.42857142857142855,0.5714285714285714,0.2857142857142857,0.14285714285714285,0.7857142857142857,0.5714285714285714,0.9285714285714286,-6.472633579184161,-2.071740812589981,-0.17768273716950858,-0.22768273716950865,-1.05,0.07142857142857142,9.324824071606946,13.323217649802812,0.004171122622004814,0.5714285714285714
recent_3day_bias,two_bullish,short,312,conclusion_ok,0.4423076923076923,0.5576923076923077,0.5909090909090909,0.21103896103896103,0.19805194805194806,0.9285714285714286,0.8506493506493507,0.8766233766233766,-42.76661702188262,0.7806730071958592,-0.17821120353550507,-0.22821120353550517,-1.05,0.12179487179487179,27.55619328567441,87.90046195948703,0.0032827286639311097,0.6282051282051282
trend_regime,uptrend,short,940,conclusion_ok,0.5223404255319148,0.4776595744680851,0.6210979547900969,0.2023681377825619,0.17330462863293863,0.883745963401507,0.7847147470398278,0.898815931108719,2.4696009747641394,-0.27889713679746325,-0.18030714827466404,-0.23030714827466411,-1.05,0.09468085106382979,73.3603405747065,61.79224743131466,0.0037853182626377446,0.5882978723404255
last_hour_wick_type,true_weak_bear,short,252,conclusion_ok,0.5634920634920635,0.4365079365079365,0.5317460317460317,0.3611111111111111,0.09523809523809523,0.7301587301587301,0.5357142857142857,0.7936507936507936,-0.6018906167478418,-0.3798570112013784,-0.1817278070976801,-0.23172780709768023,-1.05,0.18253968253968253,3.558715798805779,3.927439703046569,0.010125382750550664,0.1746031746031746
phase2_simple_setup,bear__long_upper_bear__middle_area__shrinking_volume,short,119,conclusion_ok,0.5210084033613446,0.4789915966386555,0.5294117647058824,0.3025210084033613,0.16806722689075632,0.9159663865546218,0.773109243697479,0.8823529411764706,-0.052737294536471344,-0.15033095723014886,-0.18962821654052922,-0.23962821654052938,-1.05,0.11764705882352941,7.039378885302789,6.4035063002433805,0.00400738806877312,0.48739495798319327
last_hour_wick_type,long_upper_bull,short,437,conclusion_ok,0.4897025171624714,0.5102974828375286,0.5835240274599542,0.2379862700228833,0.17620137299771166,0.9016018306636155,0.8100686498855835,0.9061784897025171,-0.7442013451553429,0.21428571428571427,-0.19339301909690554,-0.2433930190969057,-1.05,0.09153318077803203,8.042127627263216,8.301938538754474,0.003566164670866555,0.5812356979405034
phase2_simple_setup,bear__true_weak_bear__middle_area__normal_volume,short,10,observe_only,0.6,0.4,0.3,0.4,0.3,0.8,0.5,0.6,-0.535228778583279,-0.8061731573730146,-0.19840112142580613,-0.24840112142580617,-1.05,0.3,2.996096435664795,2.2683113114852054,0.01560395567134346,0.1
phase2_core_setup,uptrend__kept_bull__long_upper_bear__middle_area__no_breakout,short,19,observe_only,0.5263157894736842,0.47368421052631576,0.5263157894736842,0.3157894736842105,0.15789473684210525,0.8947368421052632,0.7368421052631579,0.7894736842105263,-0.9411481568705884,-1.0882956878850347,-0.20281019941555742,-0.25281019941555744,-1.05,0.21052631578947367,4.511862470888861,5.221667626440473,0.005354824528844693,0.42105263157894735
phase2_simple_setup,bear__normal_bear__high_area__shrinking_volume,short,31,conclusion_ok,0.5161290322580645,0.4838709677419355,0.6774193548387096,0.22580645161290322,0.0967741935483871,0.7741935483870968,0.6774193548387096,0.8387096774193549,0.14373123026086573,-0.19986438379385546,-0.2097126773552244,-0.2597126773552245,-1.05,0.16129032258064516,5.210180854668099,4.101509705344235,0.004861408837119514,0.41935483870967744
break_prev_23h_high,True,short,172,conclusion_ok,0.45930232558139533,0.5406976744186046,0.6162790697674418,0.2558139534883721,0.11046511627906977,0.8372093023255814,0.75,0.8488372093023255,-2.765689759168952,0.39762735388215087,-0.21168011145204496,-0.26168011145204506,-1.05,0.13953488372093023,12.62848654447887,17.598460166854398,0.005436349500366359,0.5406976744186046
phase2_core_setup,uptrend__kept_bull__normal_bear__high_area__no_breakout,short,14,observe_only,0.5714285714285714,0.42857142857142855,0.6428571428571429,0.14285714285714285,0.21428571428571427,0.7142857142857143,0.6428571428571429,0.8571428571428571,-1.3940148109275565,-0.23938076029565936,-0.23508511964003978,-0.28508511964003974,-1.05,0.14285714285714285,4.278661683607017,4.031241163013091,0.004852769622334537,0.2857142857142857
phase2_core_setup,downtrend__kept_bear__long_lower_bear__low_area__failed_down_breakout,short,11,observe_only,0.8181818181818182,0.18181818181818182,0.9090909090909091,0.0,0.09090909090909091,0.5454545454545454,0.45454545454545453,0.9090909090909091,-5.933308433332853,-4.519429024583698,-0.2357293868921776,-0.2857293868921776,-1.05,0.09090909090909091,4.090906273060383,10.485006870096596,0.006439459212434726,0.36363636363636365
phase2_simple_setup,bear__long_lower_bear__middle_area__huge_volume,short,5,observe_only,0.6,0.4,0.6,0.4,0.0,0.8,0.8,0.6,-4.91412295117853,-2.723344731115928,-0.2512577763274641,-0.3012577763274642,-1.05,0.4,2.60199213930274,8.885942120461651,0.0055216031527139725,0.2
big_bear_day,True,short,156,conclusion_ok,0.5705128205128205,0.42948717948717946,0.6025641025641025,0.21794871794871795,0.16666666666666666,0.8653846153846154,0.7243589743589743,0.8717948717948718,-19.098591697576506,-0.6774631200794867,-0.25232714659801286,-0.30232714659801296,-1.05,0.10897435897435898,13.836554685505158,37.029828034616195,0.008966319451375843,0.5192307692307693
phase2_simple_setup,bull__long_upper_bull__middle_area__normal_volume,short,28,observe_only,0.5357142857142857,0.4642857142857143,0.5357142857142857,0.17857142857142858,0.2857142857142857,0.8571428571428571,0.7857142857142857,0.9285714285714286,-1.5071874977231996,-1.5951146475319091,-0.2537984526558218,-0.30379845265582184,-1.05,0.07142857142857142,5.973454617266919,6.658107118203256,0.0037642314065251745,0.5357142857142857
failed_up_breakout,True,short,91,conclusion_ok,0.43956043956043955,0.5604395604395604,0.5824175824175825,0.31868131868131866,0.06593406593406594,0.7472527472527473,0.6263736263736264,0.8351648351648352,-0.05164842258486261,0.35159273593330764,-0.25970829431978437,-0.30970829431978447,-1.05,0.14285714285714285,5.561057522987172,5.217587248596404,0.0072748081372064725,0.3956043956043956
breakout_type,failed_up_breakout,short,91,conclusion_ok,0.43956043956043955,0.5604395604395604,0.5824175824175825,0.31868131868131866,0.06593406593406594,0.7472527472527473,0.6263736263736264,0.8351648351648352,-0.05164842258486261,0.35159273593330764,-0.25970829431978437,-0.30970829431978447,-1.05,0.14285714285714285,5.561057522987172,5.217587248596404,0.0072748081372064725,0.3956043956043956
phase2_simple_setup,bear__normal_bear__low_area__shrinking_volume,short,47,conclusion_ok,0.6382978723404256,0.3617021276595745,0.7021276595744681,0.19148936170212766,0.10638297872340426,0.8297872340425532,0.6170212765957447,0.9361702127659575,-0.9025911633814505,-1.7389906782385167,-0.27252007063784467,-0.32252007063784477,-1.05,0.06382978723404255,4.980655250493666,5.623968289050965,0.005049910109896275,0.425531914893617
phase2_core_setup,sideways__kept_bull__true_strong_bull__high_area__no_breakout,short,17,observe_only,0.4117647058823529,0.5882352941176471,0.8823529411764706,0.0,0.11764705882352941,0.9411764705882353,0.9411764705882353,0.9411764705882353,40.76102286591351,2.020790020790327,-0.2901179229018921,-0.3401179229018922,-1.05,0.058823529411764705,65.28153899663424,29.211725891323145,0.0008747811210191903,0.8823529411764706
phase2_simple_setup,bear__long_upper_bear__low_area__normal_volume,short,19,observe_only,0.3157894736842105,0.6842105263157895,0.5263157894736842,0.3157894736842105,0.15789473684210525,0.7894736842105263,0.7368421052631579,0.8947368421052632,1.8137127903130117,0.9788203753351362,-0.2975048513496405,-0.3475048513496405,-1.05,0.10526315789473684,5.1213958848309575,2.5609234588110588,0.011216015002315803,0.3684210526315789
phase2_simple_setup,bull__long_upper_bull__high_area__normal_volume,short,46,conclusion_ok,0.6304347826086957,0.3695652173913043,0.6304347826086957,0.2391304347826087,0.13043478260869565,0.782608695652174,0.6521739130434783,0.9130434782608695,-3.406639114726438,-1.0915323430973443,-0.30061062857849846,-0.3506106285784985,-1.05,0.08695652173913043,4.576761440943877,8.711457199752989,0.004740627128145927,0.5
phase2_core_setup,uptrend__kept_bear__long_lower_bull__middle_area__no_breakout,short,30,conclusion_ok,0.5,0.5,0.7241379310344828,0.0,0.27586206896551724,1.0,0.9310344827586207,0.9655172413793104,128.24330437214428,-0.9177215189873841,-0.3069483200545423,-0.35694832005454247,-1.05,0.03333333333333333,690.4269645156743,346.0545091559234,0.0012565948361258743,0.9
phase2_simple_setup,bear__true_weak_bear__high_area__shrinking_volume,short,39,conclusion_ok,0.5128205128205128,0.48717948717948717,0.5897435897435898,0.41025641025641024,0.0,0.7948717948717948,0.6410256410256411,0.8717948717948718,-1.3162630126468824,-0.07772511848341922,-0.32441804707894495,-0.3744180470789451,-1.05,0.1282051282051282,4.034526091993592,5.367118772842472,0.0059381900384781385,0.23076923076923078
phase2_core_setup,sideways__kept_bear__long_upper_bear__middle_area__no_breakout,short,25,observe_only,0.64,0.36,0.52,0.32,0.16,0.84,0.6,0.88,-2.797744927964224,-1.38902439024392,-0.3281764014266858,-0.37817640142668596,-1.05,0.12,4.910177594271786,7.434456777728048,0.005863897299237887,0.32
phase2_simple_setup,bull__long_upper_bull__high_area__huge_volume,short,8,observe_only,0.625,0.375,0.375,0.5,0.125,0.875,0.5,0.75,-2.178041159823544,-1.354394410074374,-0.32870260650506117,-0.3787026065050612,-1.05,0.25,2.7236629910828833,4.127673493760787,0.005450304682413876,0.25
phase2_simple_setup,bull__long_upper_bull__high_area__shrinking_volume,short,118,conclusion_ok,0.423728813559322,0.576271186440678,0.576271186440678,0.2627118644067797,0.16101694915254236,0.9491525423728814,0.8728813559322034,0.8983050847457628,-0.03627282711564951,1.8416289207325023,-0.3338476219349337,-0.38384762193493366,-1.05,0.1016949152542373,9.542350560917823,8.86893168964813,0.003079732457478541,0.6271186440677966
phase2_core_setup,downtrend__kept_bear__normal_bear__low_area__failed_down_breakout,short,2,observe_only,0.5,0.5,0.0,0.5,0.5,1.0,1.0,0.5,-1.0392212858097354,-1.0392212858097354,-0.33761378413524523,-0.3876137841352453,-0.3876137841352453,0.5,5.3821819952438315,3.4476377226072845,0.015175565575288083,0.0
phase2_core_setup,sideways__kept_bear__normal_bear__low_area__confirmed_down_breakout,short,3,observe_only,0.6666666666666666,0.3333333333333333,0.3333333333333333,0.3333333333333333,0.0,0.6666666666666666,0.0,0.3333333333333333,-2.2455302866700433,-0.5793129341092547,-0.3553129770978926,-0.40531297709789255,-0.6293129341092547,0.3333333333333333,1.2414264181541201,2.8609266785407694,0.0311273302145724,0.0
phase2_core_setup,sideways__kept_bull__long_upper_bear__high_area__no_breakout,short,33,conclusion_ok,0.48484848484848486,0.5151515151515151,0.42424242424242425,0.3939393939393939,0.18181818181818182,0.8484848484848485,0.696969696969697,0.8181818181818182,0.6410707525929072,0.18707149853083385,-0.3604181672913253,-0.4104181672913253,-1.05,0.18181818181818182,5.8709282979427195,4.376684241578895,0.0037931968389113063,0.36363636363636365
phase2_simple_setup,bull__normal_bull__high_area__shrinking_volume,short,59,conclusion_ok,0.4745762711864407,0.5254237288135594,0.6551724137931034,0.05172413793103448,0.29310344827586204,0.9655172413793104,0.9482758620689655,0.9655172413793104,265.84512311800347,2.6730743172868725,-0.38015077928385277,-0.43015077928385287,-1.05,0.03389830508474576,448.3506340156931,37.8014778518826,0.0014030444561078516,0.9152542372881356
phase2_simple_setup,bear__true_weak_bear__middle_area__huge_volume,short,1,observe_only,1.0,0.0,0.0,0.0,0.0,0.0,0.0,0.0,-0.3815646110263685,-0.3815646110263685,-0.3815646110263685,-0.4315646110263685,-0.4315646110263685,0.0,0.23796033994334456,0.8596644149052088,0.035876507884388335,0.0
phase2_simple_setup,bull__long_upper_bull__low_area__shrinking_volume,short,63,conclusion_ok,0.4603174603174603,0.5396825396825397,0.6507936507936508,0.19047619047619047,0.15873015873015872,0.9523809523809523,0.8888888888888888,0.9523809523809523,0.5470176383063451,0.7403065825067972,-0.38293353271677716,-0.43293353271677687,-1.05,0.047619047619047616,9.293925575471699,8.357129257308666,0.0031475782960806485,0.6666666666666666
phase2_core_setup,sideways__kept_bull__true_weak_bear__high_area__no_breakout,short,6,observe_only,0.5,0.5,0.0,1.0,0.0,1.0,0.6666666666666666,0.6666666666666666,-6.149207731664031,-0.4829733121944625,-0.3985665713217665,-0.4485665713217666,-1.05,0.3333333333333333,3.899035832745735,7.531205886545606,0.007968090455413777,0.3333333333333333
phase2_core_setup,sideways__kept_bear__long_lower_bull__low_area__no_breakout,short,21,observe_only,0.6190476190476191,0.38095238095238093,0.75,0.0,0.25,0.95,0.95,0.95,-10.872545539948772,-2.7258553129835446,-0.401871657754032,-0.4518716577540321,-1.05,0.047619047619047616,31.50643959089506,32.347198402554646,0.0009759386765535525,0.8571428571428571
phase2_core_setup,downtrend__kept_bear__long_upper_bear__middle_area__no_breakout,short,25,observe_only,0.6,0.4,0.52,0.28,0.2,0.92,0.8,0.88,-1.0851297920613758,-0.38392857142857784,-0.4236043218258629,-0.4736043218258631,-1.05,0.08,5.846341656063068,6.61762859569873,0.005162814376302235,0.52
phase2_simple_setup,bear__long_lower_bear__low_area__huge_volume,short,13,observe_only,0.6923076923076923,0.3076923076923077,0.6153846153846154,0.38461538461538464,0.0,0.46153846153846156,0.3076923076923077,0.7692307692307693,-0.8142449838149133,-0.4501885531528922,-0.4245637591590026,-0.47456375915900256,-1.05,0.15384615384615385,1.8830608512482148,3.237661636387415,0.008960696475244863,0.0
phase2_core_setup,uptrend__changed_bull_to_bear__true_weak_bear__middle_area__no_breakout,short,9,observe_only,0.6666666666666666,0.3333333333333333,0.7777777777777778,0.2222222222222222,0.0,0.6666666666666666,0.3333333333333333,0.7777777777777778,-0.1996902884911545,-0.7341463414634235,-0.42946330767228535,-0.47946330767228534,-1.05,0.1111111111111111,2.3681028426529793,3.6356563445768284,0.0073443562615440805,0.1111111111111111
phase2_core_setup,downtrend__kept_bear__true_weak_bear__low_area__no_breakout,short,27,observe_only,0.5925925925925926,0.4074074074074074,0.6666666666666666,0.25925925925925924,0.07407407407407407,0.7037037037037037,0.5185185185185185,0.8518518518518519,-2.3318099394873046,-0.5471850951802258,-0.43419104456922497,-0.4841910445692252,-1.05,0.14814814814814814,3.074097960170416,5.4531983005913025,0.007853363808128469,0.2222222222222222
phase2_core_setup,uptrend__kept_bear__normal_bear__low_area__confirmed_down_breakout,short,5,observe_only,0.6,0.4,0.6,0.2,0.2,0.6,0.6,0.8,-1.489085782982973,-1.577868276927399,-0.43467143096421196,-0.48467143096421206,-1.05,0.2,2.1463262923500657,3.5138202049495666,0.011637097807352637,0.0
phase2_simple_setup,bear__normal_bear__high_area__normal_volume,short,12,observe_only,0.3333333333333333,0.6666666666666666,0.3333333333333333,0.5,0.16666666666666666,0.8333333333333334,0.5,0.75,0.8855229915821973,0.5170264720383426,-0.43975761444476674,-0.4897576144447667,-1.05,0.25,3.521639911505172,2.716295046782317,0.0071427329522689535,0.08333333333333333
phase2_core_setup,uptrend__kept_bull__long_lower_bear__middle_area__no_breakout,short,41,conclusion_ok,0.6341463414634146,0.36585365853658536,0.5853658536585366,0.21951219512195122,0.1951219512195122,0.8292682926829268,0.7560975609756098,0.9512195121951219,-1.8303164375249676,-0.5616438356164082,-0.44163714129115617,-0.4916371412911564,-1.05,0.024390243902439025,7.915204464264882,10.185154326735478,0.003580358306133365,0.5853658536585366
phase2_simple_setup,bear__long_lower_bear__high_area__shrinking_volume,short,68,conclusion_ok,0.4852941176470588,0.5147058823529411,0.4852941176470588,0.22058823529411764,0.29411764705882354,0.9705882352941176,0.8676470588235294,0.9117647058823529,0.3210916320691367,0.1188903005981505,-0.44792283799702326,-0.4979228379970233,-1.05,0.08823529411764706,11.547430350130396,10.447237651260437,0.0029626454835116403,0.7941176470588235
phase2_core_setup,downtrend__kept_bull__long_upper_bear__middle_area__failed_up_breakout,short,2,observe_only,0.5,0.5,0.0,1.0,0.0,1.0,0.0,0.5,-0.9285717221025785,-0.9285717221025785,-0.45326180474720074,-0.5032618047472007,-0.5032618047472007,0.5,1.059784478377678,2.149914057366472,0.016231952449960108,0.0
phase2_core_setup,sideways__kept_bull__true_weak_bear__middle_area__no_breakout,short,11,observe_only,0.36363636363636365,0.6363636363636364,0.7272727272727273,0.18181818181818182,0.09090909090909091,0.7272727272727273,0.7272727272727273,0.8181818181818182,-0.4264790422472806,0.8223350253807321,-0.4677469633671105,-0.5177469633671105,-1.05,0.18181818181818182,4.861218561452923,5.5398109124515535,0.003981446271093956,0.36363636363636365
phase2_core_setup,downtrend__kept_bull__true_weak_bear__high_area__no_breakout,short,19,observe_only,0.5263157894736842,0.47368421052631576,0.631578947368421,0.3684210526315789,0.0,0.7368421052631579,0.5789473684210527,0.8947368421052632,-0.2610548830112021,-0.07772511848341922,-0.4792147515591144,-0.5292147515591145,-1.05,0.10526315789473684,3.103997455722414,4.828550356206033,0.007333493856572239,0.15789473684210525
phase2_core_setup,uptrend__kept_bear__true_weak_bear__low_area__confirmed_down_breakout,short,7,observe_only,0.5714285714285714,0.42857142857142855,0.42857142857142855,0.5714285714285714,0.0,0.5714285714285714,0.42857142857142855,0.7142857142857143,-0.02150164403265783,-0.23741811791020642,-0.48048840470832277,-0.5304884047083228,-1.05,0.2857142857142857,1.7437739706087816,1.6888318018882675,0.014235373046274868,0.0
phase2_core_setup,uptrend__kept_bull__long_upper_bear__high_area__failed_up_breakout,short,12,observe_only,0.4166666666666667,0.5833333333333334,0.6666666666666666,0.25,0.08333333333333333,0.75,0.6666666666666666,0.8333333333333334,-0.7127818687725371,0.2685069855925346,-0.4876579773610172,-0.5376579773610172,-1.05,0.16666666666666666,3.402054997365282,4.3972533127735325,0.007937443291568343,0.3333333333333333
phase2_core_setup,uptrend__kept_bull__long_upper_bull__high_area__no_breakout,short,51,conclusion_ok,0.5098039215686274,0.49019607843137253,0.6470588235294118,0.23529411764705882,0.11764705882352941,0.8431372549019608,0.803921568627451,0.9215686274509803,-2.3006834602874027,-0.5712328767123387,-0.49987930773674305,-0.5498793077367431,-1.05,0.0784313725490196,8.113519790569816,10.415339280681614,0.003243306343048083,0.5686274509803921
phase2_simple_setup,bear__normal_bear__middle_area__shrinking_volume,short,54,conclusion_ok,0.5370370370370371,0.46296296296296297,0.5555555555555556,0.24074074074074073,0.2037037037037037,0.8888888888888888,0.7037037037037037,0.9444444444444444,-1.2768893285080583,-0.702661064425772,-0.5031027323659253,-0.5531027323659253,-1.05,0.05555555555555555,4.613827965018377,6.085366555523152,0.004506327260946625,0.5
phase2_core_setup,sideways__kept_bull__normal_bull__high_area__confirmed_up_breakout,short,8,observe_only,0.375,0.625,0.625,0.25,0.125,0.875,0.75,0.875,2.238298800513734,3.6124052261980895,-0.5053664353859622,-0.5553664353859622,-1.05,0.125,6.756516375301754,5.060791056785431,0.004710767022613036,0.625
phase2_core_setup,downtrend__kept_bear__long_upper_bear__low_area__no_breakout,short,28,observe_only,0.5,0.5,0.6071428571428571,0.32142857142857145,0.07142857142857142,0.8214285714285714,0.6785714285714286,0.8928571428571429,0.546856065739292,0.05810451106752311,-0.5318288837122016,-0.5818288837122018,-1.05,0.10714285714285714,5.006830618395059,3.6597140249539692,0.006424364605415317,0.42857142857142855
phase2_core_setup,uptrend__kept_bull__true_weak_bear__middle_area__no_breakout,short,15,observe_only,0.6,0.4,0.4,0.5333333333333333,0.06666666666666667,0.8666666666666667,0.7333333333333333,0.8,-1.4677301921619086,-0.14964200477326275,-0.5496831922613286,-0.5996831922613286,-1.05,0.2,3.0406484411810815,4.2303192212440575,0.007727213935354182,0.06666666666666667
phase2_core_setup,sideways__kept_bear__long_upper_bull__low_area__no_breakout,short,28,observe_only,0.32142857142857145,0.6785714285714286,0.6428571428571429,0.14285714285714285,0.21428571428571427,0.9285714285714286,0.8928571428571429,0.9285714285714286,1.6283588947431586,1.5822660017770818,-0.5581461160600536,-0.6081461160600538,-1.05,0.07142857142857142,9.801979324847514,6.424344065823669,0.0029969583598289285,0.7142857142857143
phase2_simple_setup,bear__true_weak_bear__middle_area__shrinking_volume,short,61,conclusion_ok,0.5901639344262295,0.4098360655737705,0.6557377049180327,0.2786885245901639,0.06557377049180328,0.7377049180327869,0.5901639344262295,0.9016393442622951,-1.2668936321590514,-0.597416974169747,-0.5693810511150461,-0.6193810511150459,-1.05,0.08196721311475409,3.9198750373017943,5.587622247783825,0.005921693029498425,0.2459016393442623
phase2_core_setup,sideways__kept_bull__normal_bull__high_area__no_breakout,short,15,observe_only,0.6,0.4,0.8666666666666667,0.06666666666666667,0.06666666666666667,1.0,0.9333333333333333,0.9333333333333333,-6.705692726633487,-4.059493670886039,-0.5719163465642259,-0.6219163465642262,-1.05,0.06666666666666667,10.836573470681838,15.322162000562667,0.0022772198892740516,0.9333333333333333
phase2_core_setup,downtrend__kept_bull__long_lower_bear__high_area__no_breakout,short,26,observe_only,0.4230769230769231,0.5769230769230769,0.5384615384615384,0.23076923076923078,0.23076923076923078,1.0,1.0,0.9230769230769231,4.0140391498219,2.4611246706789256,-0.5876553953335425,-0.6376553953335425,-1.05,0.07692307692307693,14.815792249595047,10.166807884957434,0.0036191002577879556,0.7692307692307693
changed_bear_to_bull,True,short,55,conclusion_ok,0.4909090909090909,0.509090909090909,0.7037037037037037,0.14814814814814814,0.14814814814814814,0.9444444444444444,0.8888888888888888,0.9074074074074074,-2.0139839447531838,0.33088966445047197,-0.5977281665087604,-0.6477281665087603,-1.05,0.09090909090909091,17.20775035735777,21.622871331586293,0.002199575413638064,0.7272727272727273
last_hour_change_type,changed_bear_to_bull,short,55,conclusion_ok,0.4909090909090909,0.509090909090909,0.7037037037037037,0.14814814814814814,0.14814814814814814,0.9444444444444444,0.8888888888888888,0.9074074074074074,-2.0139839447531838,0.33088966445047197,-0.5977281665087604,-0.6477281665087603,-1.05,0.09090909090909091,17.20775035735777,21.622871331586293,0.002199575413638064,0.7272727272727273
phase2_core_setup,downtrend__kept_bear__true_weak_bear__middle_area__no_breakout,short,7,observe_only,0.5714285714285714,0.42857142857142855,0.7142857142857143,0.2857142857142857,0.0,0.42857142857142855,0.42857142857142855,0.8571428571428571,-3.5010379375450458,-1.3163211057947883,-0.6357966580371859,-0.685796658037186,-1.05,0.14285714285714285,1.4710198950075548,7.448646999842202,0.015981144673506326,0.14285714285714285
phase2_core_setup,downtrend__kept_bear__normal_bull__middle_area__no_breakout,short,13,observe_only,0.6153846153846154,0.38461538461538464,0.7692307692307693,0.07692307692307693,0.15384615384615385,0.9230769230769231,0.8461538461538461,0.9230769230769231,4.220283633630278,-1.0150943396226964,-0.6692703183705723,-0.7192703183705724,-1.05,0.07692307692307693,14.544549344489436,8.324361900171255,0.0036441427535974335,0.7692307692307693
phase2_core_setup,uptrend__kept_bull__true_weak_bear__middle_area__failed_up_breakout,short,2,observe_only,1.0,0.0,0.5,0.0,0.0,0.0,0.0,0.5,-1.8524952503704328,-1.8524952503704328,-0.6907823055131843,-0.7407823055131842,-0.7407823055131842,0.0,0.336031401884069,2.2913887189895563,0.031923158777022474,0.0
phase2_simple_setup,bear__true_weak_bear__low_area__shrinking_volume,short,54,conclusion_ok,0.6296296296296297,0.37037037037037035,0.5740740740740741,0.3148148148148148,0.1111111111111111,0.7592592592592593,0.5925925925925926,0.9074074074074074,-1.026312273722617,-0.8352012205179031,-0.6964254931405066,-0.7464254931405064,-1.05,0.07407407407407407,3.7499398138685023,4.420677621754748,0.006387218415176017,0.2777777777777778
phase2_core_setup,downtrend__kept_bull__normal_bear__high_area__no_breakout,short,12,observe_only,0.4166666666666667,0.5833333333333334,0.5,0.25,0.25,0.75,0.6666666666666666,0.9166666666666666,1.906616869510086,2.885220302291998,-0.7212425080682351,-0.7712425080682351,-1.05,0.08333333333333333,5.314747465653114,3.070241585327,0.005354657342047372,0.3333333333333333
phase2_core_setup,downtrend__kept_bear__long_lower_bear__low_area__no_breakout,short,34,conclusion_ok,0.5882352941176471,0.4117647058823529,0.6764705882352942,0.23529411764705882,0.08823529411764706,0.9705882352941176,0.8235294117647058,0.9705882352941176,-5.958275403812346,-1.824362745098027,-0.7245577578857623,-0.7745577578857623,-1.05,0.029411764705882353,10.135083806139102,15.48757211972516,0.0027574329653559855,0.6764705882352942
phase2_core_setup,uptrend__kept_bear__normal_bear__low_area__no_breakout,short,20,observe_only,0.6,0.4,0.65,0.3,0.05,0.85,0.75,0.9,-3.393343778767405,-2.3914339236010225,-0.7280982420654466,-0.7780982420654468,-1.05,0.1,3.44675008661281,6.47368014322331,0.005677573693618829,0.45
phase2_simple_setup,bull__true_strong_bull__high_area__normal_volume,short,46,conclusion_ok,0.5652173913043478,0.43478260869565216,0.8444444444444444,0.022222222222222223,0.13333333333333333,0.9333333333333333,0.8888888888888888,0.9777777777777777,0.8376407916078448,-5.534722222222286,-0.7318223264296038,-0.7818223264296034,-1.05,0.021739130434782608,33.032118950747446,35.43902115102848,0.001374447972684845,0.8913043478260869
phase2_simple_setup,bull__normal_bull__middle_area__normal_volume,short,16,observe_only,0.625,0.375,0.5625,0.25,0.1875,1.0,0.9375,0.9375,-1.1822249503083713,-1.6017252520031282,-0.7467177242888281,-0.7967177242888281,-1.05,0.0625,12.347890926747466,12.890337677489377,0.0023390358265218112,0.8125
phase2_simple_setup,bear__long_lower_bear__low_area__shrinking_volume,short,66,conclusion_ok,0.6363636363636364,0.36363636363636365,0.6818181818181818,0.18181818181818182,0.13636363636363635,0.9242424242424242,0.7878787878787878,0.9848484848484849,-4.63013938081836,-1.5993914807303204,-0.7844027047332832,-0.8344027047332833,-1.05,0.015151515151515152,9.750858858637082,13.812938233957688,0.002807931907435443,0.7121212121212122
phase2_core_setup,downtrend__kept_bear__long_lower_bear__low_area__confirmed_down_breakout,short,4,observe_only,0.75,0.25,0.75,0.25,0.0,0.75,0.5,0.75,-0.41980365893650334,-0.7838781845902187,-0.8086826347305383,-0.8586826347305383,-1.05,0.0,3.713913068060842,2.8899910518279324,0.007009015868470701,0.5
phase2_simple_setup,bear__normal_bear__middle_area__high_volume,short,5,observe_only,0.6,0.4,0.4,0.4,0.2,1.0,0.4,0.8,0.06624850997570934,-0.04798331015298798,-0.8095966620305977,-0.8595966620305976,-1.05,0.0,2.835142288326327,1.509206433868324,0.007574832481103984,0.0
phase2_core_setup,downtrend__kept_bull__long_upper_bull__high_area__no_breakout,short,43,conclusion_ok,0.5348837209302325,0.46511627906976744,0.5348837209302325,0.2558139534883721,0.20930232558139536,1.0,0.8837209302325582,0.9534883720930233,-1.2970686353567906,-0.20007249003261418,-0.8185342727571643,-0.8685342727571641,-1.05,0.046511627906976744,8.342783727796869,9.044931071702512,0.003474896440573683,0.7209302325581395
phase2_core_setup,uptrend__kept_bull__normal_bear__middle_area__no_breakout,short,19,observe_only,0.5263157894736842,0.47368421052631576,0.5263157894736842,0.2631578947368421,0.21052631578947367,0.8421052631578947,0.631578947368421,0.8947368421052632,-2.0518842281283045,-0.035663338088445816,-0.8507114762441345,-0.9007114762441346,-1.05,0.05263157894736842,3.319376904970018,5.285388650240859,0.005034430244517026,0.3157894736842105
phase2_core_setup,downtrend__kept_bull__true_weak_bear__middle_area__no_breakout,short,12,observe_only,0.5833333333333334,0.4166666666666667,0.5,0.3333333333333333,0.16666666666666666,0.8333333333333334,0.6666666666666666,0.8333333333333334,-0.19323991930869563,-0.6323097732585079,-0.8840315869112912,-0.9340315869112915,-1.05,0.08333333333333333,5.210009875392335,4.854317235977632,0.006927045748699515,0.25
phase2_core_setup,sideways__kept_bull__long_upper_bull__middle_area__no_breakout,short,17,observe_only,0.5882352941176471,0.4117647058823529,0.5294117647058824,0.17647058823529413,0.29411764705882354,1.0,0.8823529411764706,0.9411764705882353,-1.5199542708800826,-1.5074360499702555,-0.8977052359405303,-0.9477052359405304,-1.05,0.058823529411764705,7.404344531029948,8.328093911025565,0.0020846698354783292,0.7058823529411765
phase2_core_setup,sideways__kept_bear__long_lower_bear__middle_area__no_breakout,short,19,observe_only,0.631578947368421,0.3684210526315789,0.7894736842105263,0.10526315789473684,0.10526315789473684,0.8947368421052632,0.7894736842105263,0.9473684210526315,-5.946874348584873,-2.1461444308445463,-0.9139207569485507,-0.9639207569485508,-1.05,0.05263157894736842,7.579378606649372,13.781952056709349,0.003372417771539552,0.7368421052631579
phase2_simple_setup,bull__true_strong_bull__middle_area__shrinking_volume,short,49,conclusion_ok,0.5306122448979592,0.46938775510204084,0.8260869565217391,0.0,0.17391304347826086,1.0,0.9565217391304348,1.0,-1.935867458974222,-1.2743304638927788,-1.0,-1.05,-1.05,0.0,48.14090966457907,46.41508260205698,0.0009990316574638607,0.9387755102040817
phase2_simple_setup,bull__long_lower_bull__high_area__normal_volume,short,26,observe_only,0.38461538461538464,0.6153846153846154,0.875,0.08333333333333333,0.041666666666666664,0.9583333333333334,0.9583333333333334,1.0,8.734151951669658,5.96280394808775,-1.0,-1.05,-1.05,0.0,43.8578206974046,26.981760484587443,0.0014507364067317342,0.8461538461538461
phase2_simple_setup,bull__long_lower_bull__middle_area__normal_volume,short,24,observe_only,0.5416666666666666,0.4583333333333333,0.6666666666666666,0.0,0.3333333333333333,1.0,0.875,1.0,17.677668186717195,-2.4020388213937345,-1.0,-1.05,-1.05,0.0,63.27599284560775,27.9685439719017,0.0013856824839904285,1.0
phase2_core_setup,downtrend__kept_bear__long_lower_bull__middle_area__no_breakout,short,18,observe_only,0.7222222222222222,0.2777777777777778,0.8333333333333334,0.05555555555555555,0.1111111111111111,0.9444444444444444,0.8888888888888888,1.0,-15.625412371827744,-8.467251461988418,-1.0,-1.05,-1.05,0.0,32.162001623940476,40.822991062709306,0.0006671979412154136,0.9444444444444444
phase2_core_setup,uptrend__kept_bear__long_lower_bear__low_area__no_breakout,short,18,observe_only,0.6666666666666666,0.3333333333333333,0.6666666666666666,0.16666666666666666,0.16666666666666666,0.8333333333333334,0.7777777777777778,1.0,-5.0717861627651475,-2.2389136190556043,-1.0,-1.05,-1.05,0.0,7.202608888650689,13.65643684817709,0.0032060557211962817,0.7222222222222222
phase2_core_setup,downtrend__kept_bull__long_lower_bull__high_area__no_breakout,short,17,observe_only,0.7058823529411765,0.29411764705882354,0.7647058823529411,0.058823529411764705,0.17647058823529413,1.0,0.9411764705882353,1.0,3.126837007670343,-11.99999999999863,-1.0,-1.05,-1.05,0.0,50.79889790398516,74.90537641534848,0.0011431772536912293,0.9411764705882353
phase2_simple_setup,bull__true_strong_bull__low_area__shrinking_volume,short,16,observe_only,0.625,0.375,0.9375,0.0,0.0625,0.9375,0.875,1.0,-191.06684487035682,-6.434662956091408,-1.0,-1.05,-1.05,0.0,70.30465363742773,320.75930916365314,0.001030020752145644,0.9375
phase2_core_setup,sideways__kept_bear__true_strong_bull__middle_area__no_breakout,short,16,observe_only,0.3125,0.6875,0.9333333333333333,0.0,0.06666666666666667,1.0,1.0,1.0,42.6639633691213,3.9919354838704995,-1.0,-1.05,-1.05,0.0,97.0652203305618,36.31741307699748,0.000901852819922895,0.9375
phase2_core_setup,sideways__kept_bull__long_upper_bull__high_area__failed_up_breakout,short,16,observe_only,0.4375,0.5625,0.5,0.375,0.125,0.8125,0.6875,1.0,-1.1202718328145864,0.7435428285428457,-1.0,-1.05,-1.05,0.0,4.5446741276494205,6.534797268303237,0.0055397632483075495,0.5
phase2_simple_setup,bull__long_lower_bull__low_area__normal_volume,short,9,observe_only,0.4444444444444444,0.5555555555555556,0.8888888888888888,0.1111111111111111,0.0,1.0,1.0,1.0,-2.0547674281876547,0.24223602484476262,-1.0,-1.05,-1.05,0.0,63.03187489236379,62.01983060030946,0.0016946649604637173,1.0
phase2_core_setup,uptrend__kept_bear__long_lower_bear__low_area__failed_down_breakout,short,9,observe_only,0.7777777777777778,0.2222222222222222,0.8888888888888888,0.0,0.1111111111111111,0.5555555555555556,0.4444444444444444,1.0,-4.513243053311597,-2.722989727240556,-1.0,-1.05,-1.05,0.0,4.956656537464382,9.921376437681465,0.006300022269122861,0.3333333333333333
phase2_core_setup,uptrend__kept_bear__true_strong_bull__low_area__no_breakout,short,9,observe_only,0.4444444444444444,0.5555555555555556,0.8888888888888888,0.0,0.1111111111111111,1.0,0.8888888888888888,1.0,6.76150157996529,0.648351648351912,-1.0,-1.05,-1.05,0.0,34.5857368422002,18.25832007318491,0.0010301555696115854,1.0
phase2_core_setup,uptrend__kept_bull__true_strong_bull__middle_area__no_breakout,short,9,observe_only,0.6666666666666666,0.3333333333333333,0.7777777777777778,0.0,0.2222222222222222,1.0,1.0,1.0,-12.729386693058078,-21.921599999999977,-1.0,-1.05,-1.05,0.0,26.839798384519483,35.65230733377631,0.000664227024279876,1.0
phase2_core_setup,downtrend__kept_bear__true_strong_bull__high_area__no_breakout,short,8,observe_only,0.625,0.375,0.875,0.0,0.125,1.0,1.0,1.0,-0.22173425036231809,-14.379394653695805,-1.0,-1.05,-1.05,0.0,37.690417215421796,40.491102434838155,0.0010301056450269877,1.0
phase2_core_setup,sideways__kept_bear__long_upper_bull__high_area__no_breakout,short,8,observe_only,0.5,0.5,0.875,0.0,0.125,0.875,0.75,1.0,-3.0146548351227422,-0.32279366325173897,-1.0,-1.05,-1.05,0.0,6.433077278372297,10.65110901731391,0.0020798278756394006,0.75
phase2_core_setup,uptrend__kept_bull__long_upper_bull__high_area__failed_up_breakout,short,8,observe_only,0.625,0.375,0.625,0.375,0.0,0.75,0.75,1.0,-1.1759387634567886,-1.3242114311338127,-1.0,-1.05,-1.05,0.0,7.267327962831286,7.233595833879326,0.005127407213235253,0.375
phase2_simple_setup,bear__long_upper_bear__high_area__high_volume,short,7,observe_only,0.42857142857142855,0.5714285714285714,0.7142857142857143,0.14285714285714285,0.14285714285714285,0.5714285714285714,0.2857142857142857,1.0,1.340964287879457,0.30320978219334477,-1.0,-1.05,-1.05,0.0,2.5381633275943,2.841665010549785,0.00860878223228255,0.0
phase2_simple_setup,bull__long_lower_bull__low_area__high_volume,short,7,observe_only,0.7142857142857143,0.2857142857142857,0.7142857142857143,0.14285714285714285,0.14285714285714285,1.0,0.8571428571428571,1.0,-17.428418129628316,-13.270420301347594,-1.0,-1.05,-1.05,0.0,7.854384508854368,26.658660675007916,0.002818581131194133,0.8571428571428571
phase2_simple_setup,bull__long_lower_bull__high_area__high_volume,short,6,observe_only,0.16666666666666666,0.8333333333333334,0.6666666666666666,0.16666666666666666,0.16666666666666666,1.0,1.0,1.0,-12.0084633354252,11.189403196085811,-1.0,-1.05,-1.05,0.0,26.943824593503894,76.22733997329493,0.001966623752148088,1.0
phase2_core_setup,downtrend__kept_bear__true_strong_bull__low_area__no_breakout,short,6,observe_only,0.6666666666666666,0.3333333333333333,1.0,0.0,0.0,1.0,1.0,1.0,-4.452305232828455,-3.6489498773487137,-1.0,-1.05,-1.05,0.0,13.851960541022256,24.260173880397193,0.0013282931218950129,1.0
phase2_core_setup,downtrend__kept_bull__true_strong_bull__high_area__confirmed_up_breakout,short,6,observe_only,0.6666666666666666,0.3333333333333333,0.6666666666666666,0.16666666666666666,0.16666666666666666,1.0,1.0,1.0,-8.913953050058495,-2.317606929239191,-1.0,-1.05,-1.05,0.0,9.318790977766168,14.919464813270315,0.0033313728532916517,1.0
phase2_core_setup,sideways__changed_bear_to_bull__true_strong_bull__high_area__no_breakout,short,6,observe_only,0.6666666666666666,0.3333333333333333,0.6666666666666666,0.0,0.3333333333333333,1.0,1.0,1.0,-13.398936536782905,-19.614534485123592,-1.0,-1.05,-1.05,0.0,25.23096074078141,48.99533720890048,0.0005173497140331221,1.0
phase2_core_setup,sideways__kept_bull__normal_bull__middle_area__no_breakout,short,6,observe_only,0.6666666666666666,0.3333333333333333,1.0,0.0,0.0,0.8333333333333334,0.8333333333333334,1.0,0.5651413191910741,-0.12971178515551265,-1.0,-1.05,-1.05,0.0,13.89114827147396,21.07482746056858,0.001962172644058128,0.8333333333333334
phase2_core_setup,uptrend__kept_bear__normal_bull__low_area__no_breakout,short,6,observe_only,0.5,0.5,1.0,0.0,0.0,1.0,1.0,1.0,4.313163631777549,-0.818665696803238,-1.0,-1.05,-1.05,0.0,19.253996576397117,20.902535347598327,0.0009540311715725778,1.0
phase2_core_setup,uptrend__kept_bear__true_weak_bear__middle_area__no_breakout,short,6,observe_only,0.5,0.5,0.6666666666666666,0.16666666666666666,0.16666666666666666,0.6666666666666666,0.3333333333333333,1.0,-0.16169884116149238,-0.1054867083931688,-1.0,-1.05,-1.05,0.0,2.114113751282437,3.0827234388634004,0.008697969734673816,0.16666666666666666
phase2_simple_setup,bull__long_upper_bull__middle_area__high_volume,short,5,observe_only,0.6,0.4,0.6,0.0,0.4,0.8,0.6,1.0,-1.247010636724547,-1.5868953880764847,-1.0,-1.05,-1.05,0.0,2.6792664037433354,3.282308710016802,0.007902918553799796,0.2
phase2_core_setup,downtrend__changed_bear_to_bull__long_lower_bull__middle_area__no_breakout,short,5,observe_only,0.8,0.2,0.25,0.25,0.5,1.0,1.0,1.0,-4.419980186434523,-0.5927334821127997,-1.0,-1.05,-1.05,0.0,14.862151961213485,22.78173498695952,0.002141568050607793,0.6
phase2_core_setup,downtrend__changed_bull_to_bear__true_weak_bear__low_area__no_breakout,short,5,observe_only,0.6,0.4,0.6,0.4,0.0,1.0,0.4,1.0,-0.7529358965113703,-0.027608176267591017,-1.0,-1.05,-1.05,0.0,2.9045515146995853,2.6262107120165354,0.009538260076643367,0.0
phase2_simple_setup,bear__true_weak_bear__high_area__normal_volume,short,4,observe_only,0.5,0.5,0.0,1.0,0.0,1.0,0.5,1.0,-0.7098360314094787,-0.5302842377261057,-1.0,-1.05,-1.05,0.0,1.9515752293061952,2.6420534582827067,0.007288746513399813,0.0
phase2_simple_setup,bull__true_strong_bull__low_area__normal_volume,short,4,observe_only,0.25,0.75,1.0,0.0,0.0,1.0,1.0,1.0,29.43620884808063,10.740321908404242,-1.0,-1.05,-1.05,0.0,66.64256883732563,13.820559754787547,0.0008776278011402656,1.0
phase2_core_setup,downtrend__kept_bear__long_lower_bull__low_area__failed_down_breakout,short,4,observe_only,0.75,0.25,0.75,0.0,0.25,1.0,0.75,1.0,-2.557518525639825,-1.8228046922855834,-1.0,-1.05,-1.05,0.0,6.939920901506201,12.631223981533397,0.0032160818789533606,1.0
phase2_core_setup,downtrend__kept_bear__normal_bull__high_area__no_breakout,short,4,observe_only,0.25,0.75,0.5,0.0,0.5,1.0,1.0,1.0,4.917005642906364,5.1560332871006995,-1.0,-1.05,-1.05,0.0,15.256385158784802,10.675516879114571,0.001274902156686954,1.0
phase2_core_setup,downtrend__kept_bull__true_strong_bull__middle_area__no_breakout,short,4,observe_only,0.75,0.25,1.0,0.0,0.0,1.0,0.75,1.0,-21.13242301508817,-28.803231259932144,-1.0,-1.05,-1.05,0.0,11.524277310917586,41.08247677236487,0.0014224264989913245,1.0
phase2_core_setup,sideways__kept_bull__true_strong_bull__middle_area__no_breakout,short,4,observe_only,0.5,0.5,0.5,0.0,0.5,1.0,1.0,1.0,47.61811891947413,11.105933395871643,-1.0,-1.05,-1.05,0.0,69.16320129118905,17.622957466211396,0.0004466286538335033,1.0
phase2_core_setup,uptrend__kept_bear__long_lower_bear__low_area__confirmed_down_breakout,short,4,observe_only,0.5,0.5,0.5,0.5,0.0,0.75,0.5,1.0,0.30415963920248196,0.4421671935370558,-1.0,-1.05,-1.05,0.0,2.2505125082444,3.0543909465274752,0.007670166586631409,0.25
phase2_core_setup,uptrend__kept_bull__long_lower_bull__high_area__confirmed_up_breakout,short,4,observe_only,0.0,1.0,0.75,0.25,0.0,1.0,1.0,1.0,17.483469072875987,19.882776266242587,-1.0,-1.05,-1.05,0.0,38.89892873852707,36.28484804297064,0.0018879466439949738,1.0
phase2_core_setup,uptrend__kept_bull__long_upper_bull__low_area__no_breakout,short,4,observe_only,0.75,0.25,0.75,0.25,0.0,1.0,1.0,1.0,-6.266891469659857,-7.9186187847401595,-1.0,-1.05,-1.05,0.0,5.943517598373093,11.38281049748111,0.00295163440389745,0.5
phase2_simple_setup,bull__long_lower_bull__middle_area__high_volume,short,3,observe_only,0.6666666666666666,0.3333333333333333,0.6666666666666666,0.0,0.3333333333333333,1.0,1.0,1.0,-19.337380185705417,-26.308139534882606,-1.0,-1.05,-1.05,0.0,6.859343726041332,25.805636425589455,0.003436518869446341,1.0
phase2_simple_setup,bull__long_lower_bull__middle_area__huge_volume,short,3,observe_only,0.3333333333333333,0.6666666666666666,1.0,0.0,0.0,1.0,1.0,1.0,3.466091427565542,6.513618677043029,-1.0,-1.05,-1.05,0.0,11.413834043352892,6.523619621413583,0.0022453025270359563,1.0
phase2_core_setup,downtrend__kept_bull__long_upper_bear__high_area__failed_up_breakout,short,3,observe_only,1.0,0.0,1.0,0.0,0.0,0.0,0.0,1.0,-1.4664157451814617,-1.6574923547400586,-1.0,-1.05,-1.05,0.0,0.452382436584358,3.0772975957711406,0.008053718132606746,0.0
phase2_core_setup,downtrend__kept_bull__normal_bull__high_area__confirmed_up_breakout,short,3,observe_only,0.3333333333333333,0.6666666666666666,0.6666666666666666,0.0,0.3333333333333333,1.0,1.0,1.0,-1.4692024498460967,2.1799999999999273,-1.0,-1.05,-1.05,0.0,4.907385561749657,13.280591305116637,0.001757068391712288,0.6666666666666666
phase2_core_setup,downtrend__kept_bull__true_weak_bear__low_area__no_breakout,short,3,observe_only,0.6666666666666666,0.3333333333333333,0.6666666666666666,0.3333333333333333,0.0,0.6666666666666666,0.3333333333333333,1.0,-0.3980970692316949,-1.4132698076583738,-1.0,-1.05,-1.05,0.0,1.742495234832291,2.194957236348398,0.010310368443289262,0.0
phase2_core_setup,sideways__changed_bear_to_bull__normal_bull__high_area__no_breakout,short,3,observe_only,0.6666666666666666,0.3333333333333333,1.0,0.0,0.0,0.6666666666666666,0.6666666666666666,1.0,-0.4713230020606538,-2.912885662431634,-1.0,-1.05,-1.05,0.0,13.125515894630377,21.525827834873734,0.0017142700088304003,0.6666666666666666
phase2_core_setup,sideways__changed_bull_to_bear__normal_bear__low_area__no_breakout,short,3,observe_only,0.3333333333333333,0.6666666666666666,0.6666666666666666,0.3333333333333333,0.0,1.0,1.0,1.0,4.184806728204289,3.9972826086956523,-1.0,-1.05,-1.05,0.0,9.40104210658455,2.5003708610899023,0.0028466993710211546,0.3333333333333333
phase2_core_setup,sideways__kept_bear__long_lower_bull__low_area__failed_down_breakout,short,3,observe_only,0.3333333333333333,0.6666666666666666,0.6666666666666666,0.0,0.3333333333333333,1.0,1.0,1.0,-12.60488389189616,0.24223602484476262,-1.0,-1.05,-1.05,0.0,11.041704448577683,25.039015151514572,0.0016443090373236807,1.0
phase2_core_setup,sideways__kept_bear__true_strong_bull__low_area__no_breakout,short,3,observe_only,0.6666666666666666,0.3333333333333333,1.0,0.0,0.0,0.6666666666666666,0.6666666666666666,1.0,-1006.0961620554837,-9.643786982248452,-1.0,-1.05,-1.05,0.0,299.32272427142954,1609.0742843971402,0.0005169841282560776,0.6666666666666666
phase2_core_setup,sideways__kept_bear__true_weak_bear__low_area__failed_down_breakout,short,3,observe_only,1.0,0.0,0.3333333333333333,0.6666666666666666,0.0,0.6666666666666666,0.0,1.0,-1.4693465142740534,-1.006717420510524,-1.0,-1.05,-1.05,0.0,0.9079158837639517,2.270496645701356,0.00894022316811106,0.0
phase2_core_setup,sideways__kept_bull__long_lower_bear__low_area__no_breakout,short,3,observe_only,0.6666666666666666,0.3333333333333333,0.6666666666666666,0.3333333333333333,0.0,1.0,0.3333333333333333,1.0,0.637066865883286,-0.20540019286392436,-1.0,-1.05,-1.05,0.0,5.995687478322036,8.332772004350458,0.00147412021857732,0.6666666666666666
phase2_core_setup,sideways__kept_bull__long_lower_bull__low_area__no_breakout,short,3,observe_only,1.0,0.0,0.6666666666666666,0.0,0.3333333333333333,1.0,1.0,1.0,-135.77100094223397,-6.634920634920472,-1.0,-1.05,-1.05,0.0,13.13596434007376,151.081967094296,0.0006798978414822944,1.0
phase2_core_setup,sideways__kept_bull__normal_bull__high_area__failed_up_breakout,short,3,observe_only,0.6666666666666666,0.3333333333333333,1.0,0.0,0.0,0.6666666666666666,0.6666666666666666,1.0,-3.4091281487761758,-1.4982349974785385,-1.0,-1.05,-1.05,0.0,5.84772848344575,7.085149689022869,0.006531437532582989,0.6666666666666666
phase2_core_setup,uptrend__changed_bear_to_bull__true_strong_bull__high_area__no_breakout,short,3,observe_only,0.3333333333333333,0.6666666666666666,0.6666666666666666,0.0,0.3333333333333333,1.0,0.6666666666666666,1.0,13.537328348843523,0.42794759825332956,-1.0,-1.05,-1.05,0.0,31.205741278307432,13.619780215455092,0.0012920040287659337,1.0
phase2_core_setup,uptrend__changed_bear_to_bull__true_strong_bull__middle_area__no_breakout,short,3,observe_only,0.3333333333333333,0.6666666666666666,1.0,0.0,0.0,1.0,1.0,1.0,8.493713774457815,5.914634146340939,-1.0,-1.05,-1.05,0.0,27.672603420430267,32.09647010499986,0.0006424345213185196,1.0
phase2_core_setup,uptrend__changed_bull_to_bear__normal_bear__middle_area__no_breakout,short,3,observe_only,0.6666666666666666,0.3333333333333333,0.3333333333333333,0.6666666666666666,0.0,1.0,0.3333333333333333,1.0,-3.068901589972292,-1.3216582064297775,-1.0,-1.05,-1.05,0.0,2.915704294298284,6.113644492370457,0.00925226916831956,0.3333333333333333
phase2_simple_setup,bear__long_upper_bear__high_area__huge_volume,short,2,observe_only,0.5,0.5,1.0,0.0,0.0,0.5,0.5,1.0,-1.0436369416840088,-1.0436369416840088,-1.0,-1.05,-1.05,0.0,1.662607411576275,2.549751170658391,0.008692719281382445,0.0
phase2_simple_setup,bear__normal_bear__high_area__high_volume,short,2,observe_only,0.0,1.0,0.5,0.0,0.5,1.0,1.0,1.0,1.519479001352071,1.519479001352071,-1.0,-1.05,-1.05,0.0,3.728403052422317,2.226803939679408,0.008732319306400959,0.0
phase2_simple_setup,bull__long_lower_bull__high_area__huge_volume,short,2,observe_only,1.0,0.0,0.5,0.0,0.5,1.0,1.0,1.0,-11.428105263157818,-11.428105263157818,-1.0,-1.05,-1.05,0.0,14.983192982456178,34.37305263157897,0.0006311519533872376,1.0
phase2_simple_setup,bull__long_upper_bull__low_area__high_volume,short,2,observe_only,1.0,0.0,0.5,0.5,0.0,1.0,0.0,1.0,-9.287078053525615,-9.287078053525615,-1.0,-1.05,-1.05,0.0,1.6256030154056957,11.117445054945286,0.003929658565221917,0.5
phase2_simple_setup,bull__long_upper_bull__low_area__huge_volume,short,2,observe_only,0.5,0.5,0.0,1.0,0.0,1.0,1.0,1.0,4.361282238768231,4.361282238768231,-1.0,-1.05,-1.05,0.0,8.895947355282015,1.8252942175524935,0.006164350671566739,0.5
phase2_simple_setup,bull__normal_bull__middle_area__high_volume,short,2,observe_only,0.5,0.5,1.0,0.0,0.0,1.0,1.0,1.0,-7.468325484315093,-7.468325484315093,-1.0,-1.05,-1.05,0.0,17.477145763722294,23.891999263332053,0.0020917540299235666,1.0
phase2_simple_setup,bull__true_strong_bull__middle_area__high_volume,short,2,observe_only,0.0,1.0,1.0,0.0,0.0,1.0,1.0,1.0,10.201987179486952,10.201987179486952,-1.0,-1.05,-1.05,0.0,105.1649628879888,24.269905533063433,0.001052772766797896,1.0
phase2_simple_setup,doji__doji_or_flat__high_area__shrinking_volume,short,2,observe_only,0.5,0.5,0.5,0.0,0.5,1.0,1.0,1.0,-4.328661607928627,-4.328661607928627,-1.0,-1.05,-1.05,0.0,6.825030564340306,9.158499739184315,0.0016834968796718673,1.0
phase2_core_setup,downtrend__changed_bear_to_bull__long_upper_bull__middle_area__no_breakout,short,2,observe_only,1.0,0.0,1.0,0.0,0.0,1.0,0.5,1.0,-12.521146411732566,-12.521146411732566,-1.0,-1.05,-1.05,0.0,2.014865033140345,18.37171497625575,0.006478205694953765,0.0
phase2_core_setup,downtrend__changed_bear_to_bull__normal_bull__middle_area__no_breakout,short,2,observe_only,0.5,0.5,1.0,0.0,0.0,1.0,1.0,1.0,10.749867794819833,10.749867794819833,-1.0,-1.05,-1.05,0.0,20.347369116872308,7.363630354310232,0.0007862770625612314,1.0
phase2_core_setup,downtrend__changed_bear_to_bull__true_strong_bull__middle_area__no_breakout,short,2,observe_only,0.0,1.0,1.0,0.0,0.0,1.0,1.0,1.0,17.194109332695504,17.194109332695504,-1.0,-1.05,-1.05,0.0,25.176039492542948,2.5297399015933215,0.001595508982810394,1.0
phase2_core_setup,downtrend__kept_bear__long_upper_bull__high_area__no_breakout,short,2,observe_only,1.0,0.0,1.0,0.0,0.0,1.0,0.5,1.0,-8.028765109583347,-8.028765109583347,-1.0,-1.05,-1.05,0.0,2.1415811735178782,10.482757932938675,0.005172077197929361,0.5
phase2_core_setup,downtrend__kept_bull__normal_bull__high_area__failed_up_breakout,short,2,observe_only,0.5,0.5,0.5,0.5,0.0,1.0,1.0,1.0,1.7448038677528348,1.7448038677528348,-1.0,-1.05,-1.05,0.0,6.748436900574076,4.262390521822273,0.0028520997549009246,1.0
phase2_core_setup,sideways__changed_bear_to_bull__long_upper_bull__middle_area__no_breakout,short,2,observe_only,0.5,0.5,0.5,0.0,0.5,1.0,1.0,1.0,-0.5840823547770868,-0.5840823547770868,-1.0,-1.05,-1.05,0.0,4.705166325319948,5.766336809146242,0.0075407313491013045,0.5
phase2_core_setup,sideways__changed_bear_to_bull__normal_bull__middle_area__no_breakout,short,2,observe_only,0.5,0.5,0.5,0.5,0.0,1.0,1.0,1.0,-60.31904761904835,-60.31904761904835,-1.0,-1.05,-1.05,0.0,14.89432234432211,82.1527472527475,0.0011790921153070426,1.0
phase2_core_setup,sideways__changed_bear_to_bull__true_strong_bull__middle_area__no_breakout,short,2,observe_only,1.0,0.0,1.0,0.0,0.0,1.0,1.0,1.0,-6.566777087646862,-6.566777087646862,-1.0,-1.05,-1.05,0.0,20.19927536232062,43.34690821256429,0.000694261756463107,1.0
phase2_core_setup,sideways__changed_bull_to_bear__long_upper_bear__low_area__no_breakout,short,2,observe_only,0.0,1.0,1.0,0.0,0.0,0.0,0.0,1.0,0.17979110617731883,0.17979110617731883,-1.0,-1.05,-1.05,0.0,0.7380464819027174,1.7553897137266856,0.016363611511973526,0.0
phase2_core_setup,sideways__kept_bear__long_lower_bull__high_area__no_breakout,short,2,observe_only,0.5,0.5,0.5,0.0,0.5,1.0,1.0,1.0,-6.148954669010212,-6.148954669010212,-1.0,-1.05,-1.05,0.0,7.225645586825182,16.327140629995586,0.0007212477699749469,1.0
phase2_core_setup,sideways__kept_bear__long_lower_bull__middle_area__failed_down_breakout,short,2,observe_only,0.0,1.0,1.0,0.0,0.0,1.0,1.0,1.0,4.746523113118997,4.746523113118997,-1.0,-1.05,-1.05,0.0,15.630919980390946,4.4242898310630885,0.004517172207283412,1.0
phase2_core_setup,sideways__kept_bear__long_upper_bear__low_area__failed_down_breakout,short,2,observe_only,0.0,1.0,0.5,0.5,0.0,1.0,1.0,1.0,8.314089579819932,8.314089579819932,-1.0,-1.05,-1.05,0.0,12.810033122484844,3.4674079016477544,0.005923917644219857,0.5
phase2_core_setup,sideways__kept_bear__long_upper_bull__low_area__failed_down_breakout,short,2,observe_only,0.5,0.5,1.0,0.0,0.0,1.0,1.0,1.0,2.2079919612539847,2.2079919612539847,-1.0,-1.05,-1.05,0.0,9.14063141819722,2.2470507923990137,0.002145690705710007,1.0
phase2_core_setup,sideways__kept_bear__normal_bull__high_area__no_breakout,short,2,observe_only,1.0,0.0,0.5,0.5,0.0,1.0,1.0,1.0,-8.023680358218375,-8.023680358218375,-1.0,-1.05,-1.05,0.0,12.569034702486519,23.809842417976093,0.0018641016037517766,1.0
phase2_core_setup,sideways__kept_bear__normal_bull__low_area__failed_down_breakout,short,2,observe_only,1.0,0.0,1.0,0.0,0.0,1.0,1.0,1.0,-13.3112991190919,-13.3112991190919,-1.0,-1.05,-1.05,0.0,11.940969124244216,15.318198097439911,0.0015572275578382305,1.0
phase2_core_setup,sideways__kept_bull__doji_or_flat__high_area__no_breakout,short,2,observe_only,0.5,0.5,1.0,0.0,0.0,1.0,1.0,1.0,22.988375875867938,22.988375875867938,-1.0,-1.05,-1.05,0.0,49.77576326325037,9.15364114114087,0.0010385713237479367,1.0
phase2_core_setup,sideways__kept_bull__long_lower_bull__high_area__confirmed_up_breakout,short,2,observe_only,1.0,0.0,0.5,0.0,0.5,1.0,1.0,1.0,-10.954823529411708,-10.954823529411708,-1.0,-1.05,-1.05,0.0,7.139725490196048,22.65258823529413,0.0014995483448491957,1.0
phase2_core_setup,uptrend__changed_bear_to_bull__long_lower_bull__low_area__no_breakout,short,2,observe_only,0.0,1.0,0.5,0.0,0.5,1.0,1.0,1.0,16.9687295465165,16.9687295465165,-1.0,-1.05,-1.05,0.0,25.4151916783537,8.044711313697958,0.0012719772876313693,1.0
phase2_core_setup,uptrend__changed_bear_to_bull__true_strong_bull__high_area__confirmed_up_breakout,short,2,observe_only,1.0,0.0,1.0,0.0,0.0,0.5,0.5,1.0,-35.560493115595484,-35.560493115595484,-1.0,-1.05,-1.05,0.0,26.13385846942062,62.85998719180451,0.0007528070330232083,0.5
phase2_core_setup,uptrend__changed_bull_to_bear__long_upper_bear__low_area__no_breakout,short,2,observe_only,0.5,0.5,1.0,0.0,0.0,0.5,0.5,1.0,0.47131914287566234,0.47131914287566234,-1.0,-1.05,-1.05,0.0,2.418008644729241,2.3613767350767123,0.012324785880602436,0.0
phase2_core_setup,uptrend__kept_bear__long_lower_bear__high_area__no_breakout,short,2,observe_only,0.5,0.5,0.5,0.0,0.5,1.0,0.5,1.0,-6.410669135080164,-6.410669135080164,-1.0,-1.05,-1.05,0.0,7.988411962425479,15.114474543080567,0.00195569554570383,1.0
phase2_core_setup,uptrend__kept_bear__long_lower_bull__low_area__failed_down_breakout,short,2,observe_only,0.0,1.0,0.5,0.5,0.0,1.0,1.0,1.0,1.639586828859074,1.639586828859074,-1.0,-1.05,-1.05,0.0,12.175125838926167,8.49937080536912,0.002813392876598913,0.5
phase2_core_setup,uptrend__kept_bear__long_lower_bull__middle_area__failed_down_breakout,short,2,observe_only,1.0,0.0,0.5,0.0,0.5,1.0,1.0,1.0,-18.942504799548296,-18.942504799548296,-1.0,-1.05,-1.05,0.0,5.407597967250116,22.661228684359113,0.0019441316536504324,1.0
phase2_core_setup,uptrend__kept_bear__long_upper_bear__high_area__no_breakout,short,2,observe_only,1.0,0.0,1.0,0.0,0.0,0.5,0.5,1.0,-2.641122536573793,-2.641122536573793,-1.0,-1.05,-1.05,0.0,1.744150166489676,4.823705329988482,0.0043928932576551725,0.5
phase2_core_setup,uptrend__kept_bear__normal_bull__high_area__no_breakout,short,2,observe_only,0.5,0.5,1.0,0.0,0.0,0.5,0.5,1.0,-15.420950846093,-15.420950846093,-1.0,-1.05,-1.05,0.0,6.507544319097581,24.953753273571266,0.0010512897727078404,0.5
phase2_core_setup,uptrend__kept_bull__long_lower_bull__high_area__failed_up_breakout,short,2,observe_only,0.5,0.5,0.5,0.0,0.5,1.0,1.0,1.0,11.665849213743313,11.665849213743313,-1.0,-1.05,-1.05,0.0,36.7939256629428,9.454856206989739,0.0027327600488450364,1.0
phase2_core_setup,uptrend__kept_bull__long_upper_bear__low_area__no_breakout,short,2,observe_only,0.5,0.5,0.5,0.0,0.5,1.0,0.5,1.0,-0.6089437775420512,-0.6089437775420512,-1.0,-1.05,-1.05,0.0,4.528554086648235,5.0848711163032405,0.007279038882293212,0.5
phase2_core_setup,uptrend__kept_bull__long_upper_bear__middle_area__failed_up_breakout,short,2,observe_only,1.0,0.0,1.0,0.0,0.0,0.0,0.0,1.0,-1.340416591595018,-1.340416591595018,-1.0,-1.05,-1.05,0.0,0.14946984869885102,3.3300225807254087,0.013137582636057351,0.0
phase2_core_setup,uptrend__kept_bull__normal_bear__high_area__failed_up_breakout,short,2,observe_only,0.5,0.5,1.0,0.0,0.0,0.5,0.5,1.0,-2.7968949584244323,-2.7968949584244323,-1.0,-1.05,-1.05,0.0,2.881320380828721,5.039208898005166,0.008042815315659778,0.0
phase2_core_setup,uptrend__kept_bull__true_weak_bear__low_area__no_breakout,short,2,observe_only,0.5,0.5,1.0,0.0,0.0,0.5,0.5,1.0,-0.3858169732488872,-0.3858169732488872,-1.0,-1.05,-1.05,0.0,2.5410485971536665,5.030837555679249,0.0066466151232085595,0.5
phase2_simple_setup,bear__long_lower_bear__high_area__huge_volume,short,1,observe_only,0.0,1.0,1.0,0.0,0.0,1.0,1.0,1.0,3.8181818181818015,3.8181818181818015,-1.0,-1.05,-1.05,0.0,4.656565656565604,2.4280303030302717,0.004272893293661644,0.0
phase2_simple_setup,bull__long_lower_bull__low_area__huge_volume,short,1,observe_only,1.0,0.0,0.0,0.0,1.0,1.0,1.0,1.0,-2.7335490830636306,-2.7335490830636306,-1.0,-1.05,-1.05,0.0,14.076591154260752,10.117224020136451,0.003546293734116032,1.0
phase2_simple_setup,bull__true_strong_bull__low_area__high_volume,short,1,observe_only,0.0,1.0,1.0,0.0,0.0,1.0,1.0,1.0,7.253846153846154,7.253846153846154,-1.0,-1.05,-1.05,0.0,16.95769230769231,10.153846153846153,0.001386814593556646,1.0
phase2_simple_setup,doji__doji_or_flat__high_area__normal_volume,short,1,observe_only,0.0,1.0,1.0,0.0,0.0,1.0,1.0,1.0,58.481481481465586,58.481481481465586,-1.0,-1.05,-1.05,0.0,95.14814814812237,1.4444444444439204,0.00030303030303038467,1.0
phase2_core_setup,downtrend__changed_bear_to_bull__normal_bull__low_area__no_breakout,short,1,observe_only,0.0,1.0,1.0,0.0,0.0,1.0,1.0,1.0,1.0581570996978626,1.0581570996978626,-1.0,-1.05,-1.05,0.0,15.465256797582901,4.924471299093601,0.0026168283408043677,1.0
phase2_core_setup,downtrend__changed_bear_to_bull__true_strong_bull__high_area__no_breakout,short,1,observe_only,1.0,0.0,1.0,0.0,0.0,1.0,1.0,1.0,-7.506887052341749,-7.506887052341749,-1.0,-1.05,-1.05,0.0,13.490358126722054,11.819559228650355,0.0019538451187512225,1.0
phase2_core_setup,downtrend__changed_bear_to_bull__true_strong_bull__low_area__no_breakout,short,1,observe_only,0.0,1.0,1.0,0.0,0.0,1.0,1.0,1.0,68.03361344536971,68.03361344536971,-1.0,-1.05,-1.05,0.0,96.93277310923185,14.43697478991414,0.00045880756299934673,1.0
phase2_core_setup,downtrend__changed_bull_to_bear__long_lower_bear__middle_area__no_breakout,short,1,observe_only,1.0,0.0,1.0,0.0,0.0,1.0,1.0,1.0,-0.9942693409741914,-0.9942693409741914,-1.0,-1.05,-1.05,0.0,5.160458452721806,15.412607449856132,0.0013473811003741573,1.0
phase2_core_setup,downtrend__changed_bull_to_bear__long_upper_bear__high_area__no_breakout,short,1,observe_only,0.0,1.0,0.0,1.0,0.0,1.0,1.0,1.0,2.920353982300603,2.920353982300603,-1.0,-1.05,-1.05,0.0,16.11061946902493,6.455752212388822,0.0008724487629372255,1.0
phase2_core_setup,downtrend__changed_bull_to_bear__normal_bear__low_area__no_breakout,short,1,observe_only,0.0,1.0,1.0,0.0,0.0,1.0,1.0,1.0,2.3821376281111295,2.3821376281111295,-1.0,-1.05,-1.05,0.0,3.4524158125913327,3.0775988286968228,0.0018521632073067679,0.0
phase2_core_setup,downtrend__changed_bull_to_bear__true_weak_bear__low_area__failed_down_breakout,short,1,observe_only,1.0,0.0,0.0,1.0,0.0,1.0,0.0,1.0,-1.4888653234358344,-1.4888653234358344,-1.0,-1.05,-1.05,0.0,1.4982578397212412,2.6026359642478183,0.006100756286755008,1.0
phase2_core_setup,downtrend__changed_bull_to_bear__true_weak_bear__middle_area__no_breakout,short,1,observe_only,1.0,0.0,0.0,1.0,0.0,1.0,0.0,1.0,-1.5097049689441135,-1.5097049689441135,-1.0,-1.05,-1.05,0.0,1.604813664596288,1.9274068322981475,0.012766062888718118,0.0
phase2_core_setup,downtrend__kept_bear__long_lower_bear__middle_area__failed_down_breakout,short,1,observe_only,1.0,0.0,1.0,0.0,0.0,1.0,1.0,1.0,-2.723344731115928,-2.723344731115928,-1.0,-1.05,-1.05,0.0,3.6941249611438547,3.691949020826821,0.008361664743249961,0.0
phase2_core_setup,downtrend__kept_bear__long_lower_bull__middle_area__failed_down_breakout,short,1,observe_only,0.0,1.0,1.0,0.0,0.0,1.0,1.0,1.0,7.086236633321581,7.086236633321581,-1.0,-1.05,-1.05,0.0,10.242497412900653,6.124870645049853,0.0030766977555708366,1.0
phase2_core_setup,downtrend__kept_bear__long_upper_bull__low_area__failed_down_breakout,short,1,observe_only,0.0,1.0,1.0,0.0,0.0,1.0,1.0,1.0,17.706866705135297,17.706866705135297,-1.0,-1.05,-1.05,0.0,40.534910559722334,2.2034045008655267,0.008088171807144143,1.0
phase2_core_setup,downtrend__kept_bear__long_upper_bull__middle_area__failed_down_breakout,short,1,observe_only,1.0,0.0,1.0,0.0,0.0,0.0,0.0,1.0,-3.0739549839228055,-3.0739549839228055,-1.0,-1.05,-1.05,0.0,0.030546623794176768,5.713826366559442,0.0032616504370716845,0.0
phase2_core_setup,downtrend__kept_bear__normal_bear__high_area__no_breakout,short,1,observe_only,1.0,0.0,1.0,0.0,0.0,1.0,0.0,1.0,-0.5576208178438643,-0.5576208178438643,-1.0,-1.05,-1.05,0.0,1.5260223048326984,2.631970260223046,0.007867567488520398,0.0
phase2_core_setup,downtrend__kept_bear__normal_bull__low_area__failed_down_breakout,short,1,observe_only,0.0,1.0,1.0,0.0,0.0,1.0,1.0,1.0,22.19165247018852,22.19165247018852,-1.0,-1.05,-1.05,0.0,22.71379897785467,6.4301533219764195,0.001759523759565637,1.0
phase2_core_setup,downtrend__kept_bear__true_strong_bull__low_area__failed_down_breakout,short,1,observe_only,1.0,0.0,1.0,0.0,0.0,1.0,1.0,1.0,-23.209492635022436,-23.209492635022436,-1.0,-1.05,-1.05,0.0,2.160392798690465,35.88543371521762,0.0007399244332494408,1.0
phase2_core_setup,downtrend__kept_bear__true_weak_bear__high_area__no_breakout,short,1,observe_only,1.0,0.0,1.0,0.0,0.0,0.0,0.0,1.0,-4.670434265318295,-4.670434265318295,-1.0,-1.05,-1.05,0.0,0.10588935157646083,7.400356930398637,0.002931492707018118,0.0
phase2_core_setup,downtrend__kept_bull__long_lower_bull__high_area__confirmed_up_breakout,short,1,observe_only,0.0,1.0,1.0,0.0,0.0,1.0,1.0,1.0,3.816949152542447,3.816949152542447,-1.0,-1.05,-1.05,0.0,14.276271186440727,9.935593220338934,0.0016997101850091323,1.0
phase2_core_setup,downtrend__kept_bull__long_upper_bull__high_area__confirmed_up_breakout,short,1,observe_only,1.0,0.0,0.0,0.0,1.0,1.0,1.0,1.0,-11.032710280374301,-11.032710280374301,-1.0,-1.05,-1.05,0.0,3.2227414330220134,11.624610591900808,0.0017177855015692075,1.0
phase2_core_setup,downtrend__kept_bull__long_upper_bull__low_area__no_breakout,short,1,observe_only,0.0,1.0,1.0,0.0,0.0,1.0,1.0,1.0,17.309826589595367,17.309826589595367,-1.0,-1.05,-1.05,0.0,33.408092485549126,3.5630057803468294,0.004225737427820496,1.0
phase2_core_setup,downtrend__kept_bull__normal_bull__low_area__no_breakout,short,1,observe_only,0.0,1.0,1.0,0.0,0.0,1.0,1.0,1.0,4.651356993736719,4.651356993736719,-1.0,-1.05,-1.05,0.0,35.28183716075049,12.544885177452677,0.0008070753040011972,1.0
phase2_core_setup,sideways__changed_bear_to_bull__long_upper_bull__high_area__failed_up_breakout,short,1,observe_only,0.0,1.0,1.0,0.0,0.0,1.0,1.0,1.0,2.7116860961045925,2.7116860961045925,-1.0,-1.05,-1.05,0.0,3.389536536821108,3.134205288598186,0.005406851343103757,1.0
phase2_core_setup,sideways__changed_bear_to_bull__long_upper_bull__high_area__no_breakout,short,1,observe_only,1.0,0.0,1.0,0.0,0.0,0.0,0.0,1.0,-1.7983627746661348,-1.7983627746661348,-1.0,-1.05,-1.05,0.0,0.5790607496769228,14.593278759156048,0.0032931514934816776,0.0
phase2_core_setup,sideways__changed_bear_to_bull__long_upper_bull__low_area__no_breakout,short,1,observe_only,0.0,1.0,1.0,0.0,0.0,1.0,1.0,1.0,2.6411764705882494,2.6411764705882494,-1.0,-1.05,-1.05,0.0,5.909803921568656,11.7176470588235,0.002086708891834831,1.0
phase2_core_setup,sideways__changed_bull_to_bear__long_lower_bear__low_area__no_breakout,short,1,observe_only,0.0,1.0,1.0,0.0,0.0,1.0,1.0,1.0,0.15812484819040423,0.15812484819040423,-1.0,-1.05,-1.05,0.0,2.441340782122815,8.71532669419457,0.004263851302716993,0.0
phase2_core_setup,sideways__changed_bull_to_bear__true_weak_bear__low_area__failed_down_breakout,short,1,observe_only,1.0,0.0,1.0,0.0,0.0,1.0,0.0,1.0,-0.11795351322468905,-0.11795351322468905,-1.0,-1.05,-1.05,0.0,1.2302965535666481,2.049692759818323,0.006496775044607884,0.0
phase2_core_setup,sideways__changed_bull_to_bear__true_weak_bear__middle_area__no_breakout,short,1,observe_only,1.0,0.0,1.0,0.0,0.0,1.0,0.0,1.0,-3.917889726299099,-3.917889726299099,-1.0,-1.05,-1.05,0.0,1.035700119000397,5.1420071400238125,0.006091814592324423,0.0
phase2_core_setup,sideways__kept_bear__long_lower_bear__middle_area__failed_down_breakout,short,1,observe_only,1.0,0.0,1.0,0.0,0.0,1.0,1.0,1.0,-14.54314720812129,-14.54314720812129,-1.0,-1.05,-1.05,0.0,3.426395939086168,28.461928934009137,0.0006611781052716612,1.0
phase2_core_setup,sideways__kept_bear__long_upper_bear__high_area__no_breakout,short,1,observe_only,1.0,0.0,0.0,0.0,1.0,1.0,1.0,1.0,-3.3527885862516844,-3.3527885862516844,-1.0,-1.05,-1.05,0.0,12.389105058366003,8.440985732814676,0.00361450866591338,1.0
phase2_core_setup,sideways__kept_bear__long_upper_bear__low_area__failed_up_breakout,short,1,observe_only,1.0,0.0,1.0,0.0,0.0,0.0,0.0,1.0,-1.8590717299578075,-1.8590717299578075,-1.0,-1.05,-1.05,0.0,0.05569620253164864,2.2911392405063293,0.01686472639294101,0.0
phase2_core_setup,sideways__kept_bear__normal_bear__high_area__no_breakout,short,1,observe_only,0.0,1.0,1.0,0.0,0.0,1.0,1.0,1.0,1.8929920268568432,1.8929920268568432,-1.0,-1.05,-1.05,0.0,5.8971884179604945,3.8913134704154073,0.0026170794359936054,1.0
phase2_core_setup,sideways__kept_bear__normal_bear__low_area__failed_down_breakout,short,1,observe_only,1.0,0.0,1.0,0.0,0.0,1.0,0.0,1.0,-4.330351634793359,-4.330351634793359,-1.0,-1.05,-1.05,0.0,1.6011721159778238,5.404688463911206,0.002873448608079133,1.0
phase2_core_setup,sideways__kept_bear__true_strong_bull__low_area__failed_down_breakout,short,1,observe_only,0.0,1.0,1.0,0.0,0.0,1.0,1.0,1.0,7.253846153846154,7.253846153846154,-1.0,-1.05,-1.05,0.0,16.95769230769231,10.153846153846153,0.001386814593556646,1.0
phase2_core_setup,sideways__kept_bull__long_lower_bear__low_area__failed_down_breakout,short,1,observe_only,0.0,1.0,1.0,0.0,0.0,1.0,1.0,1.0,2.2432432432432434,2.2432432432432434,-1.0,-1.05,-1.05,0.0,2.9891891891893465,7.924324324324246,0.0010800775320520305,1.0
phase2_core_setup,sideways__kept_bull__long_lower_bull__high_area__failed_down_breakout,short,1,observe_only,1.0,0.0,1.0,0.0,0.0,1.0,1.0,1.0,-7.5842105263157125,-7.5842105263157125,-1.0,-1.05,-1.05,0.0,23.6210526315791,40.3421052631579,0.0004177568655042765,1.0
phase2_core_setup,sideways__kept_bull__long_upper_bear__low_area__no_breakout,short,1,observe_only,1.0,0.0,1.0,0.0,0.0,1.0,1.0,1.0,-0.5314183123877873,-0.5314183123877873,-1.0,-1.05,-1.05,0.0,3.7096691459348796,1.6745319312644398,0.012083215827494128,1.0
phase2_core_setup,sideways__kept_bull__normal_bull__low_area__no_breakout,short,1,observe_only,0.0,1.0,0.0,0.0,1.0,1.0,1.0,1.0,9.659058487874645,9.659058487874645,-1.0,-1.05,-1.05,0.0,19.89158345221156,3.228245363766053,0.0012262769636612423,1.0
phase2_core_setup,sideways__kept_bull__true_strong_bull__high_area__failed_up_breakout,short,1,observe_only,0.0,1.0,1.0,0.0,0.0,1.0,1.0,1.0,9.96837944664063,9.96837944664063,-1.0,-1.05,-1.05,0.0,16.430830039526192,2.027667984189753,0.0014803372594451526,1.0
phase2_core_setup,sideways__kept_bull__true_weak_bear__high_area__failed_up_breakout,short,1,observe_only,0.0,1.0,1.0,0.0,0.0,1.0,1.0,1.0,5.033878840080357,5.033878840080357,-1.0,-1.05,-1.05,0.0,6.531725523973531,1.6155612977318186,0.0030491114418279164,1.0
phase2_core_setup,uptrend__changed_bear_to_bull__long_lower_bull__middle_area__no_breakout,short,1,observe_only,1.0,0.0,1.0,0.0,0.0,1.0,0.0,1.0,-16.72147651006558,-16.72147651006558,-1.0,-1.05,-1.05,0.0,1.7080536912749278,25.355704697984173,0.0010849738404798246,1.0
phase2_core_setup,uptrend__changed_bear_to_bull__true_strong_bull__high_area__failed_up_breakout,short,1,observe_only,0.0,1.0,1.0,0.0,0.0,1.0,1.0,1.0,3.30016583747931,3.30016583747931,-1.0,-1.05,-1.05,0.0,7.756218905472743,1.0381426202321609,0.0031131096506398794,1.0
phase2_core_setup,uptrend__changed_bull_to_bear__long_lower_bear__high_area__no_breakout,short,1,observe_only,0.0,1.0,1.0,0.0,0.0,1.0,1.0,1.0,3.8181818181818015,3.8181818181818015,-1.0,-1.05,-1.05,0.0,4.656565656565604,2.4280303030302717,0.004272893293661644,0.0
phase2_core_setup,uptrend__changed_bull_to_bear__long_lower_bear__low_area__confirmed_down_breakout,short,1,observe_only,0.0,1.0,0.0,1.0,0.0,1.0,0.0,1.0,0.8931613531272943,0.8931613531272943,-1.0,-1.05,-1.05,0.0,1.592358238014145,2.0077877829155795,0.009568653751661977,1.0
phase2_core_setup,uptrend__changed_bull_to_bear__normal_bear__high_area__no_breakout,short,1,observe_only,0.0,1.0,1.0,0.0,0.0,1.0,1.0,1.0,3.3769470404984423,3.3769470404984423,-1.0,-1.05,-1.05,0.0,4.127725856697819,3.3915887850467428,0.006831138927489908,1.0
phase2_core_setup,uptrend__changed_bull_to_bear__normal_bear__low_area__no_breakout,short,1,observe_only,1.0,0.0,0.0,1.0,0.0,1.0,0.0,1.0,-14.900891632373183,-14.900891632373183,-1.0,-1.05,-1.05,0.0,1.6406035665295056,19.9454732510289,0.00508515365325388,0.0
phase2_core_setup,uptrend__kept_bear__long_lower_bull__high_area__no_breakout,short,1,observe_only,0.0,1.0,1.0,0.0,0.0,1.0,1.0,1.0,2.5034482758622696,2.5034482758622696,-1.0,-1.05,-1.05,0.0,27.20689655172414,35.71034482758641,0.00032975904847458014,1.0
phase2_core_setup,uptrend__kept_bear__long_upper_bull__low_area__failed_down_breakout,short,1,observe_only,1.0,0.0,0.0,1.0,0.0,1.0,1.0,1.0,-1.7327070879589894,-1.7327070879589894,-1.0,-1.05,-1.05,0.0,5.801878736122845,2.5807002561912475,0.006387632757482814,1.0
phase2_core_setup,uptrend__kept_bear__normal_bear__high_area__no_breakout,short,1,observe_only,1.0,0.0,0.0,1.0,0.0,1.0,0.0,1.0,-2.253152464654201,-2.253152464654201,-1.0,-1.05,-1.05,0.0,1.7409247229652551,5.479747802827723,0.010910576630436927,0.0
phase2_core_setup,uptrend__kept_bear__true_weak_bear__high_area__no_breakout,short,1,observe_only,0.0,1.0,0.0,1.0,0.0,1.0,0.0,1.0,0.21720930232556787,0.21720930232556787,-1.0,-1.05,-1.05,0.0,1.8837209302325582,1.7213953488372196,0.01167456736225368,0.0
phase2_core_setup,uptrend__kept_bear__true_weak_bear__low_area__failed_down_breakout,short,1,observe_only,1.0,0.0,1.0,0.0,0.0,0.0,0.0,1.0,-1.6714390602055684,-1.6714390602055684,-1.0,-1.05,-1.05,0.0,0.7063142437591658,2.0785609397944116,0.009112562222341214,0.0
phase2_core_setup,uptrend__kept_bull__doji_or_flat__high_area__no_breakout,short,1,observe_only,0.0,1.0,0.0,0.0,1.0,1.0,1.0,1.0,3.847406513872458,3.847406513872458,-1.0,-1.05,-1.05,0.0,9.246682750302252,1.4541616405308093,0.001592881414878246,1.0
phase2_core_setup,uptrend__kept_bull__long_lower_bear__high_area__failed_up_breakout,short,1,observe_only,1.0,0.0,1.0,0.0,0.0,0.0,0.0,1.0,-1.3274637009576797,-1.3274637009576797,-1.0,-1.05,-1.05,0.0,0.9972196478220754,4.41921532282982,0.0029707549957691485,0.0
phase2_core_setup,uptrend__kept_bull__true_weak_bear__high_area__failed_up_breakout,short,1,observe_only,1.0,0.0,0.0,1.0,0.0,1.0,0.0,1.0,-3.0639999999999903,-3.0639999999999903,-1.0,-1.05,-1.05,0.0,1.8226666666666764,4.525333333333329,0.006751282743721307,0.0
phase2_core_setup,uptrend__kept_bull__normal_bull__high_area__no_breakout,short,30,conclusion_ok,0.43333333333333335,0.5666666666666667,0.6551724137931034,0.06896551724137931,0.27586206896551724,0.9655172413793104,0.9655172413793104,1.0,533.8142177260895,4.664383561643913,-1.0,-1.0500000000000003,-1.05,0.0,881.1128344907826,59.11282500671626,0.0014150394585197839,0.9333333333333333
phase2_core_setup,sideways__kept_bull__long_lower_bull__high_area__no_breakout,short,28,observe_only,0.35714285714285715,0.6428571428571429,0.8461538461538461,0.0,0.15384615384615385,0.9615384615384616,0.9615384615384616,1.0,-3.4855020750745753,4.049837071111173,-1.0,-1.0500000000000003,-1.05,0.0,102.48915441390487,85.21243355366583,0.0007980291178844618,0.8928571428571429
phase2_core_setup,uptrend__kept_bear__long_upper_bull__low_area__no_breakout,short,21,observe_only,0.6190476190476191,0.38095238095238093,0.6190476190476191,0.3333333333333333,0.047619047619047616,0.9047619047619048,0.7142857142857143,1.0,-1.9775799352912968,-3.0465587044534637,-1.0,-1.0500000000000003,-1.05,0.0,6.210777381632697,9.894041789610068,0.0032732803256899606,0.6190476190476191
phase2_simple_setup,bull__long_upper_bull__low_area__normal_volume,short,15,observe_only,0.3333333333333333,0.6666666666666666,0.7333333333333333,0.2,0.06666666666666667,0.8,0.7333333333333333,1.0,1.8773104187748322,1.3652694610778444,-1.0,-1.0500000000000003,-1.05,0.0,7.521789920673019,3.9607283507889077,0.005852864373616573,0.4666666666666667
phase2_core_setup,uptrend__kept_bear__true_strong_bull__middle_area__no_breakout,short,15,observe_only,0.7333333333333333,0.26666666666666666,0.6923076923076923,0.0,0.3076923076923077,1.0,0.9230769230769231,1.0,-58.829534031983876,-14.944736842105302,-1.0,-1.0500000000000003,-1.05,0.0,26.529538585011657,88.49247187847172,0.0012149405596216373,0.8666666666666667
phase2_simple_setup,bull__true_strong_bull__middle_area__normal_volume,short,14,observe_only,0.6428571428571429,0.35714285714285715,0.8571428571428571,0.0,0.14285714285714285,1.0,0.9285714285714286,1.0,-3.904809006270013,-5.1295888399412295,-1.0,-1.0500000000000003,-1.05,0.0,23.520027395215042,31.262911132073807,0.0011461359266650023,1.0
phase2_core_setup,downtrend__kept_bull__long_lower_bull__middle_area__no_breakout,short,14,observe_only,0.5,0.5,0.6428571428571429,0.0,0.35714285714285715,1.0,1.0,1.0,-531.3159350936293,-0.727574016791963,-1.0,-1.0500000000000003,-1.05,0.0,327.6145451332146,680.0759162726746,0.0008563632324469372,1.0
phase2_core_setup,sideways__kept_bear__normal_bear__low_area__no_breakout,short,14,observe_only,0.8571428571428571,0.14285714285714285,0.6428571428571429,0.35714285714285715,0.0,0.7857142857142857,0.5,1.0,-1.3698398602762243,-1.6759216714076661,-1.0,-1.0500000000000003,-1.05,0.0,2.758612192793982,4.240926819446302,0.00711879237943766,0.35714285714285715
phase2_core_setup,uptrend__kept_bear__normal_bull__middle_area__no_breakout,short,13,observe_only,0.5384615384615384,0.46153846153846156,0.9230769230769231,0.0,0.07692307692307693,0.9230769230769231,0.8461538461538461,1.0,-1.6164768093807491,-0.16899224806198165,-1.0,-1.0500000000000003,-1.05,0.0,17.16265407057562,20.81511310295709,0.001511830184645956,0.9230769230769231
phase2_core_setup,downtrend__kept_bear__normal_bear__middle_area__no_breakout,short,12,observe_only,0.6666666666666666,0.3333333333333333,0.6666666666666666,0.16666666666666666,0.16666666666666666,0.9166666666666666,0.5833333333333334,1.0,-1.071524871468264,-1.897361520486302,-1.0,-1.0500000000000003,-1.05,0.0,3.8871097575810687,5.850792658514144,0.006085691120559191,0.5
phase2_core_setup,uptrend__kept_bear__long_lower_bull__low_area__no_breakout,short,12,observe_only,0.5833333333333334,0.4166666666666667,0.9166666666666666,0.0,0.08333333333333333,1.0,0.9166666666666666,1.0,59.649021478644094,-2.8910209484098326,-1.0,-1.0500000000000003,-1.05,0.0,108.27016508070524,22.349461331250016,0.0008771744344132439,1.0
phase2_simple_setup,bull__normal_bull__high_area__high_volume,short,11,observe_only,0.7272727272727273,0.2727272727272727,0.8181818181818182,0.09090909090909091,0.09090909090909091,0.9090909090909091,0.8181818181818182,1.0,-3.6402123503317725,-3.1048387096774537,-1.0,-1.0500000000000003,-1.05,0.0,4.33815284234542,11.517161658061871,0.005009615866390464,0.7272727272727273
phase2_core_setup,uptrend__kept_bear__normal_bear__middle_area__no_breakout,short,11,observe_only,0.6363636363636364,0.36363636363636365,0.7272727272727273,0.2727272727272727,0.0,0.9090909090909091,0.8181818181818182,1.0,-0.7690484349964812,-1.5564202334629909,-1.0,-1.0500000000000003,-1.05,0.0,5.242491171773046,6.345017396861213,0.005325195646228334,0.36363636363636365
phase2_core_setup,downtrend__kept_bear__true_strong_bull__middle_area__no_breakout,short,10,observe_only,0.5,0.5,0.9,0.0,0.1,1.0,0.9,1.0,-3.660287215614132,-0.6722689075628288,-1.0,-1.0500000000000003,-1.05,0.0,21.515330747592728,18.241582653308008,0.0014823776303997962,1.0
phase2_core_setup,sideways__kept_bear__normal_bull__middle_area__no_breakout,short,10,observe_only,0.7,0.3,0.7,0.1,0.2,0.8,0.8,1.0,-7.471711708500573,-7.454075555177571,-1.0,-1.0500000000000003,-1.05,0.0,15.293329472430992,27.263821243025024,0.00158535836496442,0.7
