condition_group,condition_value,side,exit_method,sample_count,net_expectancy_R,median_net_R,positive_net_rate
phase2_simple_setup,bear__true_weak_bear__high_area__shrinking_volume,long,next_close,39,304.5615947822729,0.7080657069029421,0.5128205128205128
phase2_simple_setup,bear__true_weak_bear__middle_area__shrinking_volume,long,next_close,61,186.9695028441641,4.841823899371088,0.5737704918032787
changed_bull_to_bear,True,long,next_close,59,154.60346908134707,-3.1235042735043232,0.4067796610169492
last_hour_change_type,changed_bull_to_bear,long,next_close,59,154.60346908134707,-3.1235042735043232,0.4067796610169492
phase2_simple_setup,bear__normal_bear__high_area__shrinking_volume,long,next_close,31,146.82188400359462,0.6252246469833589,0.5161290322580645
last_hour_wick_type,true_weak_bear,long,next_close,252,94.63221345883754,2.456815957025176,0.5555555555555556
big_bull_day,True,long,next_close,239,66.6091034774985,-0.3985401459853795,0.46443514644351463
prev_3_days_bullish,True,long,next_close,272,40.34250110737403,-0.1578870138162436,0.48161764705882354
recent_3day_bias,three_bullish,long,next_close,272,40.34250110737403,-0.1578870138162436,0.48161764705882354
phase2_simple_setup,bear__true_weak_bear__low_area__shrinking_volume,long,next_close,54,27.47353849715164,6.2140338260347185,0.6296296296296297
doji_day,True,long,next_close,430,24.694015183026256,-0.16382718312271186,0.4883720930232558
phase2_core_setup,sideways__kept_bull__long_upper_bear__high_area__no_breakout,long,next_close,33,24.20110446461287,-0.3985401459853795,0.48484848484848486
temp_day_color_7h,bull,long,next_close,1218,21.674163485083906,-0.33791646547563203,0.4720853858784893
close_area,high_area,long,next_close,857,19.833057057074477,-0.6219443695478357,0.456242707117853
prev_2_days_bullish,True,long,next_close,584,19.054590511373622,-0.3985401459853795,0.4571917808219178
trend_regime,sideways,long,next_close,735,17.507410900793875,-0.18026819923376136,0.48027210884353744
last_hour_change_type,kept_bull,long,next_close,1159,14.883835320426307,-0.30219751809721346,0.47540983606557374
prev_day_color,bull,long,next_close,1214,14.219099392084328,-0.2626368516688059,0.47528830313014825
phase2_simple_setup,bear__long_upper_bear__high_area__shrinking_volume,long,next_close,68,10.063252210090832,-3.7333333333334213,0.39705882352941174
phase2_core_setup,sideways__kept_bull__long_upper_bear__high_area__no_breakout,long,breakeven_after_1r,33,5.864600550973132,-1.05,0.030303030303030304
phase2_core_setup,sideways__kept_bull__long_upper_bear__high_area__no_breakout,long,stop_or_close,33,5.743388429761011,-1.05,0.030303030303030304
phase2_core_setup,uptrend__kept_bull__long_upper_bear__high_area__no_breakout,long,next_close,41,3.323261571426553,-3.3690104166665598,0.4146341463414634
phase2_simple_setup,bear__long_lower_bear__low_area__shrinking_volume,long,next_close,66,3.17759966642932,1.02750424771386,0.6363636363636364
phase2_simple_setup,bear__long_upper_bear__high_area__shrinking_volume,long,breakeven_after_1r,68,3.0539906303067035,-1.05,0.04411764705882353
phase2_simple_setup,bear__long_upper_bear__high_area__shrinking_volume,long,stop_or_close,68,2.9657553361890567,-1.05,0.04411764705882353
phase2_core_setup,uptrend__kept_bear__long_upper_bull__middle_area__no_breakout,long,next_close,37,2.795846096586704,2.345547945205594,0.6216216216216216
phase2_simple_setup,bull__long_upper_bull__middle_area__shrinking_volume,long,next_close,128,2.6346804862734867,1.0216126785198023,0.53125
phase2_core_setup,sideways__kept_bull__long_upper_bear__high_area__no_breakout,long,half_1r_hold,33,2.4982093663956584,-1.05,0.030303030303030304
phase2_simple_setup,bull__long_upper_bull__high_area__normal_volume,long,next_close,46,2.433684464858237,1.2197596005203544,0.6086956521739131
phase2_simple_setup,bear__true_weak_bear__high_area__shrinking_volume,long,breakeven_after_1r,39,2.3804975579803043,-1.05,0.07692307692307693
phase2_simple_setup,bear__true_weak_bear__high_area__shrinking_volume,long,stop_or_close,39,2.2489186106118835,-1.05,0.07692307692307693
phase2_core_setup,downtrend__kept_bear__long_lower_bear__low_area__no_breakout,long,next_close,34,2.121561138664911,1.5650116693527254,0.5882352941176471
phase2_simple_setup,bear__true_weak_bear__middle_area__shrinking_volume,long,breakeven_after_1r,61,1.994651673728054,-1.05,0.04918032786885246
phase2_simple_setup,bull__long_lower_bull__middle_area__shrinking_volume,long,next_close,94,1.908874753318387,0.36761296982778646,0.5531914893617021
phase2_simple_setup,bear__true_weak_bear__middle_area__shrinking_volume,long,stop_or_close,61,1.8590584533890708,-1.05,0.04918032786885246
phase2_simple_setup,bull__long_lower_bull__high_area__shrinking_volume,long,next_close,78,1.6641470517347665,0.2784045257809141,0.5256410256410257
phase2_simple_setup,bear__long_upper_bear__middle_area__shrinking_volume,long,stop_or_close,119,1.5919972718846283,-1.05,0.04201680672268908
phase2_core_setup,uptrend__kept_bull__long_lower_bear__middle_area__no_breakout,long,next_close,41,1.5796817757474808,0.5779069767442111,0.6097560975609756
phase2_simple_setup,bull__long_upper_bull__low_area__shrinking_volume,long,next_close,63,1.5504184783889825,-0.928858024691386,0.4603174603174603
prev_3_days_bearish,True,long,next_close,247,1.4508144685274411,0.7349600000000093,0.5465587044534413
recent_3day_bias,three_bearish,long,next_close,247,1.4508144685274411,0.7349600000000093,0.5465587044534413
phase2_simple_setup,bull__long_upper_bull__high_area__normal_volume,long,stop_or_close,46,1.3817362589893367,-1.05,0.15217391304347827
last_hour_wick_type,long_upper_bull,long,next_close,437,1.363515307607509,-0.16969111969105677,0.4874141876430206
phase2_simple_setup,bear__long_upper_bear__middle_area__shrinking_volume,long,breakeven_after_1r,119,1.3369672929315406,-1.05,0.025210084033613446
phase2_core_setup,uptrend__kept_bull__long_lower_bear__high_area__no_breakout,long,next_close,42,1.2039236326012368,0.006383210091310432,0.5
phase2_core_setup,downtrend__kept_bull__long_upper_bull__high_area__no_breakout,long,next_close,43,1.1816435096284674,0.2579268292683137,0.5116279069767442
phase2_simple_setup,bear__long_lower_bear__middle_area__normal_volume,long,next_close,35,1.170041699850943,0.07994214079072758,0.5142857142857142
last_hour_wick_type,long_lower_bull,long,next_close,304,1.1458122256717076,0.2716379743384079,0.5230263157894737
phase2_simple_setup,bear__normal_bear__low_area__shrinking_volume,long,breakeven_after_1r,47,1.094616870066796,-1.05,0.0425531914893617
phase2_simple_setup,bear__long_upper_bear__high_area__shrinking_volume,long,half_1r_hold,68,1.0902306092710004,-1.05,0.04411764705882353
phase2_simple_setup,bull__long_lower_bull__middle_area__shrinking_volume,long,stop_or_close,94,1.0822310324083075,-1.05,0.1702127659574468
prev_3_days_bullish,True,long,stop_or_close,272,1.0711568384548948,-1.05,0.14338235294117646
recent_3day_bias,three_bullish,long,stop_or_close,272,1.0711568384548948,-1.05,0.14338235294117646
last_hour_wick_type,long_upper_bear,long,stop_or_close,362,0.9860196795151409,-1.05,0.04696132596685083
prev_3_days_bullish,True,long,breakeven_after_1r,272,0.9834698942596249,-1.05,0.08823529411764706
recent_3day_bias,three_bullish,long,breakeven_after_1r,272,0.9834698942596249,-1.05,0.08823529411764706
phase2_simple_setup,bull__normal_bull__high_area__shrinking_volume,long,next_close,59,0.9766143718542581,-0.6760720411663756,0.4745762711864407
phase2_simple_setup,bear__normal_bear__low_area__shrinking_volume,long,stop_or_close,47,0.9753191972511391,-1.05,0.06382978723404255
phase2_simple_setup,bull__long_lower_bull__middle_area__shrinking_volume,long,breakeven_after_1r,94,0.9662952880370884,-0.05,0.09574468085106383
last_hour_wick_type,long_upper_bear,long,breakeven_after_1r,362,0.9611814106101134,-1.05,0.03591160220994475
phase2_core_setup,uptrend__kept_bull__normal_bull__high_area__no_breakout,long,next_close,30,0.9597698722985709,-1.34075446306049,0.43333333333333335
breakout_type,confirmed_down_breakout,long,stop_or_close,78,0.8908004661369838,-1.05,0.08974358974358974
phase2_simple_setup,bear__normal_bear__high_area__shrinking_volume,long,breakeven_after_1r,31,0.8657826369342491,-1.05,0.03225806451612903
phase2_core_setup,uptrend__kept_bull__long_upper_bull__high_area__no_breakout,long,next_close,51,0.8615754208724624,0.3441398865784595,0.5098039215686274
phase2_core_setup,uptrend__kept_bull__long_lower_bear__middle_area__no_breakout,long,breakeven_after_1r,41,0.8414076472767972,-0.05,0.0975609756097561
signal_color,bull,long,next_close,1182,0.8397305846121205,-0.04013274182926699,0.4966159052453469
last_hour_wick_type,true_weak_bear,long,breakeven_after_1r,252,0.8366876694736102,-1.05,0.047619047619047616
phase2_simple_setup,bear__true_weak_bear__high_area__shrinking_volume,long,half_1r_hold,39,0.809985621095415,-1.05,0.07692307692307693
breakout_type,confirmed_down_breakout,long,breakeven_after_1r,78,0.7714760310591239,-1.05,0.0641025641025641
phase2_simple_setup,bull__true_strong_bull__middle_area__shrinking_volume,long,next_close,49,0.7524182324013873,0.11929897478525435,0.5306122448979592
last_hour_wick_type,true_weak_bear,long,stop_or_close,252,0.7445324712313264,-1.05,0.051587301587301584
phase2_simple_setup,bull__true_strong_bull__middle_area__shrinking_volume,long,stop_or_close,49,0.7111654624954183,-1.05,0.2653061224489796
phase2_core_setup,uptrend__kept_bull__long_lower_bear__middle_area__no_breakout,long,stop_or_close,41,0.6921977785547326,-1.05,0.14634146341463414
phase2_simple_setup,bear__long_lower_bear__middle_area__shrinking_volume,long,breakeven_after_1r,94,0.6596897858484309,-1.05,0.07446808510638298
phase2_simple_setup,bear__true_weak_bear__middle_area__shrinking_volume,long,half_1r_hold,61,0.5909699046606371,-1.05,0.04918032786885246
trend_regime,sideways,long,stop_or_close,735,0.5872909440137476,-1.05,0.10612244897959183
phase2_core_setup,uptrend__kept_bull__long_lower_bear__high_area__no_breakout,long,stop_or_close,42,0.5835637790754638,-1.05,0.14285714285714285
phase2_simple_setup,bull__long_upper_bull__high_area__normal_volume,long,half_1r_hold,46,0.5789116077555375,-1.05,0.15217391304347827
prev_2_days_bullish,True,long,stop_or_close,584,0.5763603226626882,-1.05,0.1284246575342466
trend_regime,sideways,long,breakeven_after_1r,735,0.5696333162262144,-1.05,0.06394557823129252
phase2_simple_setup,bear__normal_bear__high_area__shrinking_volume,long,stop_or_close,31,0.5432019917729585,-1.05,0.03225806451612903
phase2_simple_setup,bull__long_lower_bull__middle_area__shrinking_volume,long,half_1r_hold,94,0.5373921119488342,-0.05,0.19148936170212766
last_hour_wick_type,long_lower_bear,long,next_close,365,0.5066737042130316,0.2882663847780179,0.536986301369863
prev_2_days_bullish,True,long,breakeven_after_1r,584,0.5058813145076396,-1.05,0.07534246575342465
signal_color,bear,long,breakeven_after_1r,1187,0.5058272579979741,-1.05,0.04886267902274642
phase2_simple_setup,bull__true_strong_bull__middle_area__shrinking_volume,long,breakeven_after_1r,49,0.5023313992947619,-0.05,0.1836734693877551
close_area,middle_area,long,stop_or_close,859,0.48356067228617355,-1.05,0.11059371362048893
signal_color,bear,long,stop_or_close,1187,0.48289938424031725,-1.05,0.07076663858466722
phase2_simple_setup,bull__long_upper_bull__high_area__shrinking_volume,long,next_close,118,0.46353964728924474,-2.034041654161427,0.423728813559322
phase2_core_setup,sideways__kept_bull__long_upper_bull__high_area__no_breakout,long,stop_or_close,33,0.4624476144423191,-1.05,0.06060606060606061
break_prev_23h_low,True,long,stop_or_close,151,0.4622347177063854,-1.05,0.15894039735099338
phase2_simple_setup,bear__long_upper_bear__middle_area__shrinking_volume,long,half_1r_hold,119,0.46065380835610803,-1.05,0.04201680672268908
close_area,middle_area,long,breakeven_after_1r,859,0.4401780162876142,-1.05,0.06984866123399301
volume_bucket,shrinking_volume,long,breakeven_after_1r,1573,0.43738521169742894,-1.05,0.056579783852511126
recent_3day_bias,two_bullish,long,next_close,312,0.4362249740356376,-0.8997011101622518,0.4358974358974359
phase2_simple_setup,bear__long_lower_bear__low_area__normal_volume,long,stop_or_close,37,0.42137419009469,-1.05,0.21621621621621623
phase2_core_setup,uptrend__kept_bull__long_upper_bull__high_area__no_breakout,long,breakeven_after_1r,51,0.4090791780711663,-1.05,0.0784313725490196
last_hour_wick_type,long_lower_bull,long,breakeven_after_1r,304,0.4047189580682731,-1.05,0.09868421052631579
phase2_core_setup,uptrend__kept_bull__long_upper_bull__high_area__no_breakout,long,stop_or_close,51,0.4022768107465298,-1.05,0.11764705882352941
break_prev_23h_low,True,long,breakeven_after_1r,151,0.3918987268000588,-1.05,0.09933774834437085
phase2_simple_setup,bull__true_strong_bull__high_area__normal_volume,long,stop_or_close,46,0.38402926599109777,-1.05,0.32608695652173914
phase2_simple_setup,bull__normal_bull__middle_area__shrinking_volume,long,stop_or_close,51,0.38188087261753045,-1.05,0.1568627450980392
volume_bucket,shrinking_volume,long,stop_or_close,1573,0.37000078040414897,-1.05,0.08709472345835982
prev_3_days_bullish,True,long,half_1r_hold,272,0.3648305477104197,-1.05,0.14705882352941177
recent_3day_bias,three_bullish,long,half_1r_hold,272,0.3648305477104197,-1.05,0.14705882352941177
phase2_simple_setup,bull__long_upper_bull__high_area__normal_volume,long,breakeven_after_1r,46,0.3614535587464912,-1.05,0.08695652173913043
phase2_core_setup,uptrend__kept_bull__long_lower_bear__middle_area__no_breakout,long,half_1r_hold,41,0.3576842551310247,-0.05,0.14634146341463414
last_hour_wick_type,long_lower_bull,long,stop_or_close,304,0.3515809666194545,-1.05,0.1611842105263158
phase2_simple_setup,bull__long_lower_bull__high_area__shrinking_volume,long,breakeven_after_1r,78,0.3505902662568617,-1.05,0.07692307692307693
phase2_simple_setup,bull__long_lower_bull__low_area__shrinking_volume,long,next_close,51,0.34110352852362713,0.4107104413347686,0.5294117647058824
big_bear_day,False,long,stop_or_close,2217,0.33802385014898245,-1.05,0.11096075778078485
phase2_simple_setup,bull__true_strong_bull__middle_area__shrinking_volume,long,half_1r_hold,49,0.33241812889694183,-0.05,0.2653061224489796
big_bear_day,False,long,breakeven_after_1r,2217,0.32152794200429774,-1.05,0.06765899864682003
volume_bucket,huge_volume,long,stop_or_close,110,0.31919447471385776,-1.05,0.20909090909090908
last_hour_change_type,kept_bull,long,stop_or_close,1159,0.3179795476384279,-1.05,0.10526315789473684
last_hour_change_type,kept_bear,long,stop_or_close,1100,0.31094183596778474,-1.05,0.11363636363636363
last_hour_change_type,kept_bull,long,breakeven_after_1r,1159,0.3088795072824114,-1.05,0.062122519413287315
prev_2_days_bearish,False,long,stop_or_close,1843,0.30854792367178363,-1.05,0.10851871947911014
long_wick_day,True,long,stop_or_close,1212,0.3009442464811506,-1.05,0.10891089108910891
phase2_core_setup,uptrend__kept_bull__long_lower_bull__high_area__no_breakout,long,next_close,50,0.30086308015748625,0.015142234623198816,0.5
phase2_core_setup,uptrend__kept_bull__long_lower_bear__high_area__no_breakout,long,breakeven_after_1r,42,0.29834551174984003,-1.05,0.047619047619047616
phase2_simple_setup,bear__long_lower_bear__middle_area__shrinking_volume,long,stop_or_close,94,0.29798765818885603,-1.05,0.07446808510638298
changed_bull_to_bear,False,long,stop_or_close,2314,0.29785148152561397,-1.05,0.11063094209161625
break_prev_23h_high,False,long,breakeven_after_1r,2201,0.29647032370240106,-1.05,0.06360745115856428
breakout_type,no_breakout,long,breakeven_after_1r,2050,0.28941021156729746,-1.05,0.06097560975609756
prev_3_days_bearish,False,long,stop_or_close,2126,0.28851322691825104,-1.05,0.10724365004703669
changed_bear_to_bull,False,long,stop_or_close,2318,0.2882771044818414,-1.05,0.10698878343399482
last_hour_change_type,kept_bear,long,breakeven_after_1r,1100,0.2877242150665206,-1.05,0.07272727272727272
break_prev_23h_high,False,long,stop_or_close,2201,0.2868254287819175,-1.05,0.10131758291685597
prev_day_color,bull,long,stop_or_close,1214,0.2860052516791867,-1.05,0.10790774299835255
failed_down_breakout,True,long,next_close,73,0.28516532676754647,1.3243823044944856,0.6164383561643836
breakout_type,failed_down_breakout,long,next_close,73,0.28516532676754647,1.3243823044944856,0.6164383561643836
phase2_core_setup,downtrend__kept_bear__long_lower_bear__low_area__no_breakout,long,stop_or_close,34,0.28436141979891477,-1.05,0.11764705882352941
phase2_simple_setup,bull__true_strong_bull__high_area__normal_volume,long,next_close,46,0.284347737725468,0.4236100249867152,0.5652173913043478
changed_bull_to_bear,False,long,breakeven_after_1r,2314,0.283128097842883,-1.05,0.06741573033707865
failed_down_breakout,False,long,stop_or_close,2300,0.28115094074335406,-1.05,0.10434782608695652
doji_day,True,long,breakeven_after_1r,430,0.28067768683132727,-1.05,0.06279069767441861
prev_day_color,bull,long,breakeven_after_1r,1214,0.2789688016776902,-1.05,0.06260296540362438
prev_2_days_bearish,False,long,breakeven_after_1r,1843,0.27835514059031197,-1.05,0.062398263700488336
doji_day,False,long,stop_or_close,1943,0.2780208954947312,-1.05,0.11065362840967576
big_bull_day,False,long,breakeven_after_1r,2134,0.2776602965521716,-1.05,0.06654170571696345
temp_day_color_7h,bear,long,stop_or_close,1155,0.2776359020818747,-1.05,0.11601731601731602
changed_bear_to_bull,False,long,breakeven_after_1r,2318,0.2774785590084404,-1.05,0.06600517687661778
failed_up_breakout,False,long,breakeven_after_1r,2282,0.2758870508053835,-1.05,0.06660823838737949
failed_up_breakout,False,long,stop_or_close,2282,0.27460625974793285,-1.05,0.10780017528483786
big_bull_day,False,long,stop_or_close,2134,0.2739956008866914,-1.05,0.10543580131208997
breakout_type,no_breakout,long,stop_or_close,2050,0.2738480634572754,-1.05,0.09707317073170732
trend_regime,uptrend,long,stop_or_close,940,0.2728340123397665,-1.05,0.11914893617021277
overall,all,long,stop_or_close,2373,0.27260228902622824,-1.05,0.10830172777075432
close_area,high_area,long,stop_or_close,857,0.27235628515588717,-1.05,0.11435239206534423
failed_down_breakout,False,long,breakeven_after_1r,2300,0.2717122804649112,-1.05,0.06391304347826086
close_area,high_area,long,breakeven_after_1r,857,0.2691535644981608,-1.05,0.06884480746791131
temp_day_color_7h,bull,long,breakeven_after_1r,1218,0.2682372135524289,-1.05,0.05993431855500821
temp_day_color_7h,bull,long,stop_or_close,1218,0.2678340394265632,-1.05,0.10098522167487685
long_wick_day,True,long,breakeven_after_1r,1212,0.267809677255896,-1.05,0.066006600660066
volume_bucket,huge_volume,long,breakeven_after_1r,110,0.2671886783775187,-1.05,0.14545454545454545
prev_3_days_bearish,False,long,breakeven_after_1r,2126,0.2669411191640494,-1.05,0.0625587958607714
last_hour_wick_type,normal_bull,long,next_close,202,0.26444982276708767,-0.00900942029782324,0.5
overall,all,long,breakeven_after_1r,2373,0.26289949740664503,-1.05,0.06616097766540244
big_bull_day,True,long,stop_or_close,239,0.2602140559572569,-1.05,0.13389121338912133
break_prev_23h_low,False,long,stop_or_close,2222,0.25966306772902825,-1.05,0.10486048604860486
changed_bear_to_bull,True,long,next_close,55,0.2596448969028408,-0.15781078107812024,0.4727272727272727
last_hour_change_type,changed_bear_to_bull,long,next_close,55,0.2596448969028408,-0.15781078107812024,0.4727272727272727
doji_day,False,long,breakeven_after_1r,1943,0.25896919519912215,-1.05,0.06690684508492023
prev_day_color,bear,long,stop_or_close,1159,0.25854892263967744,-1.05,0.10871440897325281
long_wick_day,False,long,breakeven_after_1r,1161,0.2577771230954557,-1.05,0.06632213608957795
temp_day_color_7h,bear,long,breakeven_after_1r,1155,0.2572647257536174,-1.05,0.07272727272727272
break_prev_23h_low,False,long,breakeven_after_1r,2222,0.25409747136127425,-1.05,0.0639063906390639
phase2_simple_setup,bull__normal_bull__middle_area__shrinking_volume,long,breakeven_after_1r,51,0.25158707639198014,-1.05,0.0784313725490196
doji_day,True,long,stop_or_close,430,0.24809195696309336,-1.05,0.09767441860465116
phase2_simple_setup,bull__normal_bull__high_area__shrinking_volume,long,breakeven_after_1r,59,0.24714917820463742,-1.05,0.06779661016949153
prev_day_color,bear,long,breakeven_after_1r,1159,0.2460504002073688,-1.05,0.06988783433994823
long_wick_day,False,long,stop_or_close,1161,0.24303552787835336,-1.05,0.10766580534022395
phase2_core_setup,uptrend__kept_bull__long_upper_bear__high_area__no_breakout,long,breakeven_after_1r,41,0.2399888946034769,-1.05,0.04878048780487805
prev_3_days_bearish,True,long,breakeven_after_1r,247,0.2282593627490531,-1.05,0.09716599190283401
recent_3day_bias,three_bearish,long,breakeven_after_1r,247,0.2282593627490531,-1.05,0.09716599190283401
failed_up_breakout,True,long,stop_or_close,91,0.22254706429617685,-1.05,0.12087912087912088
breakout_type,failed_up_breakout,long,stop_or_close,91,0.22254706429617685,-1.05,0.12087912087912088
trend_regime,uptrend,long,breakeven_after_1r,940,0.2197533817709866,-1.05,0.06914893617021277
phase2_simple_setup,bear__normal_bear__low_area__shrinking_volume,long,half_1r_hold,47,0.21797874756173946,-1.05,0.06382978723404255
prev_2_days_bearish,True,long,breakeven_after_1r,530,0.20915601088162067,-1.05,0.07924528301886792
breakout_type,confirmed_up_breakout,long,next_close,81,0.1994454000357883,-0.24684094771568615,0.48148148148148145
phase2_simple_setup,bull__long_lower_bull__high_area__shrinking_volume,long,stop_or_close,78,0.19912428413796043,-1.05,0.1282051282051282
phase2_simple_setup,bull__true_strong_bull__high_area__normal_volume,long,half_1r_hold,46,0.19748375312907407,-0.05,0.32608695652173914
recent_3day_bias,two_bearish,long,breakeven_after_1r,283,0.192364096606689,-1.05,0.0636042402826855
phase2_simple_setup,bull__normal_bull__middle_area__shrinking_volume,long,next_close,51,0.1921244101028395,0.0122146118721334,0.5098039215686274
recent_3day_bias,mixed,long,stop_or_close,1259,0.1839392815235816,-1.05,0.09928514694201747
prev_2_days_bullish,False,long,breakeven_after_1r,1789,0.18336081162905932,-1.05,0.06316377864728899
breakout_type,confirmed_down_breakout,long,half_1r_hold,78,0.17681048947874792,-1.05,0.08974358974358974
prev_2_days_bullish,False,long,stop_or_close,1789,0.17316886195713424,-1.05,0.10173281162660704
recent_3day_bias,mixed,long,breakeven_after_1r,1259,0.1724910069958971,-1.05,0.056393963463065924
prev_3_days_bullish,False,long,breakeven_after_1r,2101,0.16921156817910638,-1.05,0.06330318895763921
prev_3_days_bullish,False,long,stop_or_close,2101,0.16877492887106701,-1.05,0.10376011423131842
phase2_core_setup,uptrend__kept_bear__long_upper_bull__middle_area__no_breakout,long,breakeven_after_1r,37,0.15933624152211037,-1.05,0.10810810810810811
last_hour_wick_type,long_upper_bear,long,half_1r_hold,362,0.15848603023376104,-1.05,0.04696132596685083
recent_3day_bias,two_bearish,long,stop_or_close,283,0.15761036841474227,-1.05,0.0989399293286219
prev_2_days_bearish,True,long,stop_or_close,530,0.1476095140087285,-1.05,0.10754716981132076
recent_3day_bias,two_bullish,long,stop_or_close,312,0.14361224454217325,-1.05,0.11538461538461539
last_hour_wick_type,long_lower_bull,long,half_1r_hold,304,0.14316853209021504,-1.05,0.16776315789473684
phase2_core_setup,uptrend__kept_bull__long_upper_bear__high_area__no_breakout,long,stop_or_close,41,0.14242791899372062,-1.05,0.04878048780487805
last_hour_wick_type,normal_bear,long,breakeven_after_1r,208,0.13811420411122505,-1.05,0.028846153846153848
prev_3_days_bearish,True,long,stop_or_close,247,0.13623202377354673,-1.05,0.11740890688259109
recent_3day_bias,three_bearish,long,stop_or_close,247,0.13623202377354673,-1.05,0.11740890688259109
big_bull_day,True,long,breakeven_after_1r,239,0.13165808240980761,-1.05,0.06276150627615062
phase2_core_setup,uptrend__kept_bull__long_lower_bear__middle_area__no_breakout,long,fixed_2r,41,0.12073170731707311,-1.05,0.3902439024390244
phase2_simple_setup,bull__true_strong_bull__high_area__normal_volume,long,fixed_2r,46,0.1173791678988913,-1.05,0.41304347826086957
prev_2_days_bullish,True,long,half_1r_hold,584,0.1126795755226145,-1.05,0.13013698630136986
phase2_simple_setup,bear__true_weak_bear__low_area__normal_volume,long,breakeven_after_1r,35,0.10917297612114112,-1.05,0.02857142857142857
trend_regime,sideways,long,half_1r_hold,735,0.10207183496561574,-1.05,0.11156462585034013
phase2_simple_setup,bear__normal_bear__high_area__shrinking_volume,long,half_1r_hold,31,0.10143970556389846,-1.05,0.03225806451612903
phase2_core_setup,uptrend__kept_bull__long_lower_bear__high_area__no_breakout,long,half_1r_hold,42,0.10011522287106517,-1.05,0.14285714285714285
last_hour_wick_type,true_strong_bull,long,stop_or_close,239,0.09542258206372814,-1.05,0.24267782426778242
break_prev_23h_high,True,long,stop_or_close,172,0.09133994981418803,-1.05,0.19767441860465115
phase2_simple_setup,bear__long_lower_bear__low_area__normal_volume,long,half_1r_hold,37,0.09109250045275041,-1.05,0.21621621621621623
recent_3day_bias,two_bullish,long,breakeven_after_1r,312,0.0881832640493115,-1.05,0.0641025641025641
last_hour_wick_type,normal_bear,long,stop_or_close,208,0.07746415699383048,-1.05,0.038461538461538464
break_prev_23h_low,True,long,half_1r_hold,151,0.07487846368278385,-1.05,0.15894039735099338
signal_color,bull,long,stop_or_close,1182,0.06749267057775783,-1.05,0.1463620981387479
volume_bucket,normal_volume,long,stop_or_close,530,0.06638685928548321,-1.05,0.13584905660377358
phase2_simple_setup,bear__long_lower_bear__middle_area__shrinking_volume,long,half_1r_hold,94,0.06016404186038542,-1.05,0.07446808510638298
phase2_simple_setup,bull__normal_bull__middle_area__shrinking_volume,long,half_1r_hold,51,0.05809729905386332,-1.05,0.1568627450980392
close_area,middle_area,long,half_1r_hold,859,0.054403533039547,-1.05,0.11292200232828871
last_hour_wick_type,long_lower_bear,long,breakeven_after_1r,365,0.04519575301154184,-1.05,0.07397260273972603
last_hour_wick_type,long_lower_bear,long,stop_or_close,365,0.04408178500850045,-1.05,0.12602739726027398
phase2_simple_setup,bull__true_strong_bull__middle_area__shrinking_volume,long,fixed_2r,49,0.04249415393591376,-1.05,0.3877551020408163
last_hour_wick_type,true_weak_bear,long,half_1r_hold,252,0.0408146227124373,-1.05,0.051587301587301584
phase2_simple_setup,bull__long_lower_bull__low_area__shrinking_volume,long,fixed_2r,51,0.03851367903968335,-1.05,0.37254901960784315
phase2_core_setup,downtrend__kept_bear__long_lower_bear__low_area__no_breakout,long,breakeven_after_1r,34,0.03764085218898169,-1.05,0.08823529411764706
phase2_simple_setup,bull__long_lower_bull__high_area__shrinking_volume,long,half_1r_hold,78,0.03610060360744173,-1.05,0.1282051282051282
phase2_simple_setup,bull__normal_bull__high_area__shrinking_volume,long,stop_or_close,59,0.030843036951451717,-1.05,0.11864406779661017
signal_color,bull,long,breakeven_after_1r,1182,0.025236803678253164,-1.05,0.08375634517766498
close_area,low_area,long,breakeven_after_1r,657,0.023858187428317457,-1.05,0.0578386605783866
phase2_core_setup,uptrend__kept_bull__long_lower_bear__middle_area__no_breakout,long,fixed_1r,41,0.023170731707317017,0.95,0.5365853658536586
volume_bucket,huge_volume,long,half_1r_hold,110,0.01849147729309469,-1.05,0.21818181818181817
phase2_simple_setup,bear__normal_bear__high_area__shrinking_volume,long,fixed_2r,31,0.014516129032257977,-1.05,0.3548387096774194
phase2_core_setup,uptrend__kept_bull__true_strong_bull__high_area__no_breakout,long,breakeven_after_1r,40,0.013922832509364259,-1.05,0.15
phase2_simple_setup,bear__long_upper_bear__low_area__shrinking_volume,long,breakeven_after_1r,72,0.012587635111202596,-1.05,0.041666666666666664
phase2_simple_setup,bear__long_lower_bear__middle_area__shrinking_volume,long,next_close,94,0.012272897390267202,0.8766103432148042,0.5638297872340425
last_hour_wick_type,normal_bull,long,breakeven_after_1r,202,0.0111449240060961,-1.05,0.07920792079207921
phase2_simple_setup,bull__true_strong_bull__high_area__normal_volume,long,fixed_1r,46,0.010938240267050259,0.95,0.5217391304347826
phase2_core_setup,uptrend__kept_bull__long_upper_bull__high_area__no_breakout,long,half_1r_hold,51,0.009471738706598348,-1.05,0.11764705882352941
phase2_core_setup,sideways__kept_bull__long_upper_bull__high_area__no_breakout,long,half_1r_hold,33,0.009254110251462548,-1.05,0.06060606060606061
failed_down_breakout,True,long,stop_or_close,73,0.00431515089012923,-1.05,0.2328767123287671
breakout_type,failed_down_breakout,long,stop_or_close,73,0.00431515089012923,-1.05,0.2328767123287671
phase2_simple_setup,bull__true_strong_bull__high_area__normal_volume,long,breakeven_after_1r,46,0.003571002098982365,-0.05,0.13043478260869565
last_hour_wick_type,normal_bull,long,stop_or_close,202,0.0031061037521058358,-1.05,0.14356435643564355
last_hour_wick_type,true_strong_bull,long,breakeven_after_1r,239,0.003066584935407391,-1.05,0.13807531380753138
trend_regime,downtrend,long,breakeven_after_1r,698,0.00046247223636678125,-1.05,0.06446991404011461
close_area,low_area,long,stop_or_close,657,-0.0018052248786902018,-1.05,0.0974124809741248
phase2_simple_setup,bull__long_lower_bull__middle_area__shrinking_volume,long,fixed_2r,94,-0.003980056181425632,-1.05,0.35106382978723405
phase2_core_setup,uptrend__kept_bear__long_lower_bull__middle_area__no_breakout,long,stop_or_close,30,-0.0049185248704493555,-1.05,0.2
phase2_simple_setup,bull__long_lower_bull__middle_area__shrinking_volume,long,fixed_1r,94,-0.00744680851063829,0.95,0.5212765957446809
volume_bucket,shrinking_volume,long,half_1r_hold,1573,-0.009393660778347723,-1.05,0.08963763509218055
phase2_simple_setup,bull__long_upper_bull__middle_area__shrinking_volume,long,stop_or_close,128,-0.0126455706694215,-1.05,0.0859375
failed_down_breakout,True,long,breakeven_after_1r,73,-0.013677022956202683,-1.05,0.136986301369863
breakout_type,failed_down_breakout,long,breakeven_after_1r,73,-0.013677022956202683,-1.05,0.136986301369863
phase2_core_setup,uptrend__kept_bull__long_lower_bull__high_area__no_breakout,long,stop_or_close,50,-0.013891785632180369,-1.05,0.18
big_bear_day,False,long,half_1r_hold,2217,-0.014077021464216754,-1.05,0.11321605773567885
last_hour_wick_type,true_strong_bull,long,half_1r_hold,239,-0.01818298996340665,-1.05,0.25523012552301255
phase2_core_setup,uptrend__kept_bear__long_upper_bull__middle_area__no_breakout,long,stop_or_close,37,-0.01957498327821672,-1.05,0.13513513513513514
last_hour_change_type,kept_bear,long,half_1r_hold,1100,-0.019701592780422137,-1.05,0.11545454545454545
last_hour_wick_type,true_strong_bull,long,next_close,239,-0.021089620151071554,-0.15781078107812024,0.4769874476987448
phase2_simple_setup,bear__long_lower_bear__middle_area__normal_volume,long,fixed_2r,35,-0.021428571428571484,-1.05,0.34285714285714286
signal_color,bear,long,half_1r_hold,1187,-0.02463689531617406,-1.05,0.07076663858466722
temp_day_color_7h,bear,long,half_1r_hold,1155,-0.03134630920856202,-1.05,0.11774891774891776
changed_bull_to_bear,False,long,half_1r_hold,2314,-0.03229586718886387,-1.05,0.11279170267934313
last_hour_change_type,kept_bull,long,half_1r_hold,1159,-0.033241314528558316,-1.05,0.10785159620362382
prev_2_days_bearish,False,long,half_1r_hold,1843,-0.03346006155459989,-1.05,0.11068909386869234
failed_down_breakout,True,long,half_1r_hold,73,-0.03403520771564364,-1.05,0.2328767123287671
breakout_type,failed_down_breakout,long,half_1r_hold,73,-0.03403520771564364,-1.05,0.2328767123287671
volume_bucket,high_volume,long,stop_or_close,160,-0.03410424185794921,-1.05,0.15625
phase2_simple_setup,bull__normal_bull__high_area__shrinking_volume,long,half_1r_hold,59,-0.03500221033783345,-1.05,0.11864406779661017
trend_regime,uptrend,long,half_1r_hold,940,-0.038366863138404636,-1.05,0.1202127659574468
long_wick_day,True,long,half_1r_hold,1212,-0.03857218434869249,-1.05,0.11138613861386139
close_area,high_area,long,half_1r_hold,857,-0.04192113418624778,-1.05,0.11785297549591599
last_hour_wick_type,true_strong_bull,long,fixed_2r,239,-0.04231834450238662,-1.05,0.3472803347280335
doji_day,False,long,half_1r_hold,1943,-0.04290053724485694,-1.05,0.11271230056613485
changed_bear_to_bull,False,long,half_1r_hold,2318,-0.04330874370043972,-1.05,0.1091458153580673
prev_day_color,bull,long,half_1r_hold,1214,-0.04369316510394127,-1.05,0.11037891268533773
big_bull_day,True,long,half_1r_hold,239,-0.044440426107101326,-1.05,0.13389121338912133
break_prev_23h_high,False,long,half_1r_hold,2201,-0.045067652763289355,-1.05,0.10313493866424353
prev_3_days_bearish,False,long,half_1r_hold,2126,-0.04573142005289282,-1.05,0.10912511759172154
phase2_simple_setup,bull__true_strong_bull__middle_area__shrinking_volume,long,fixed_1r,49,-0.04632920470153497,0.12986896962478922,0.5102040816326531
failed_up_breakout,False,long,half_1r_hold,2282,-0.04655776160364079,-1.05,0.10999123575810692
last_hour_wick_type,long_lower_bull,long,fixed_2r,304,-0.04674275665580228,-1.05,0.34210526315789475
overall,all,long,half_1r_hold,2373,-0.04842423887461908,-1.05,0.11040876527602192
big_bull_day,False,long,half_1r_hold,2134,-0.0488723006400011,-1.05,0.1077788191190253
failed_down_breakout,False,long,half_1r_hold,2300,-0.04888272830046161,-1.05,0.10652173913043478
phase2_simple_setup,bull__long_lower_bull__high_area__shrinking_volume,long,fixed_2r,78,-0.05000000000000004,-1.05,0.3333333333333333
breakout_type,confirmed_up_breakout,long,fixed_2r,81,-0.05026580003199295,-1.05,0.35802469135802467
prev_day_color,bear,long,half_1r_hold,1159,-0.05338489681441118,-1.05,0.11044003451251079
breakout_type,no_breakout,long,half_1r_hold,2050,-0.05394166725782985,-1.05,0.09902439024390244
breakout_type,confirmed_up_breakout,long,stop_or_close,81,-0.056065573863108155,-1.05,0.2839506172839506
trend_regime,downtrend,long,stop_or_close,698,-0.05637357663378175,-1.05,0.09598853868194843
break_prev_23h_low,False,long,half_1r_hold,2222,-0.056837572849389895,-1.05,0.10711071107110712
phase2_core_setup,uptrend__kept_bear__long_lower_bull__middle_area__no_breakout,long,breakeven_after_1r,30,-0.05817688035655747,-1.05,0.1
long_wick_day,False,long,half_1r_hold,1161,-0.05870205202310079,-1.05,0.10938845822566753
phase2_core_setup,downtrend__kept_bear__long_lower_bear__low_area__no_breakout,long,half_1r_hold,34,-0.059289878335836745,-1.05,0.11764705882352941
phase2_core_setup,uptrend__kept_bear__long_lower_bull__middle_area__no_breakout,long,half_1r_hold,30,-0.06079259576855801,-1.05,0.23333333333333334
failed_up_breakout,True,long,breakeven_after_1r,91,-0.06150389682778111,-1.05,0.054945054945054944
breakout_type,failed_up_breakout,long,breakeven_after_1r,91,-0.06150389682778111,-1.05,0.054945054945054944
temp_day_color_7h,bull,long,half_1r_hold,1218,-0.06460184934905532,-1.05,0.10344827586206896
last_hour_wick_type,long_lower_bull,long,fixed_1r,304,-0.06524390243902439,-1.05,0.4934210526315789
phase2_simple_setup,bear__true_weak_bear__low_area__normal_volume,long,stop_or_close,35,-0.06729761211415303,-1.05,0.02857142857142857
signal_color,bull,long,half_1r_hold,1182,-0.06874165652888875,-1.05,0.1505922165820643
prev_3_days_bearish,True,long,half_1r_hold,247,-0.0715039856179168,-1.05,0.1214574898785425
recent_3day_bias,three_bearish,long,half_1r_hold,247,-0.0715039856179168,-1.05,0.1214574898785425
failed_down_breakout,True,long,fixed_1r,73,-0.07238556632141664,-1.05,0.4931506849315068
breakout_type,failed_down_breakout,long,fixed_1r,73,-0.07238556632141664,-1.05,0.4931506849315068
last_hour_wick_type,normal_bull,long,half_1r_hold,202,-0.07295189861899654,-1.05,0.14356435643564355
doji_day,True,long,half_1r_hold,430,-0.07340995465784225,-1.05,0.1
phase2_core_setup,uptrend__kept_bull__long_lower_bull__high_area__no_breakout,long,breakeven_after_1r,50,-0.07760485352669458,-1.05,0.1
failed_down_breakout,True,long,fixed_2r,73,-0.08608419645840294,-1.05,0.3287671232876712
breakout_type,failed_down_breakout,long,fixed_2r,73,-0.08608419645840294,-1.05,0.3287671232876712
breakout_type,confirmed_up_breakout,long,half_1r_hold,81,-0.08688268232031238,-1.05,0.2962962962962963
break_prev_23h_high,True,long,half_1r_hold,172,-0.0912011967585421,-1.05,0.20348837209302326
failed_up_breakout,True,long,half_1r_hold,91,-0.09504514917059284,-1.05,0.12087912087912088
breakout_type,failed_up_breakout,long,half_1r_hold,91,-0.09504514917059284,-1.05,0.12087912087912088
phase2_simple_setup,bull__long_upper_bull__middle_area__shrinking_volume,long,breakeven_after_1r,128,-0.0979965626288474,-1.05,0.0546875
prev_2_days_bearish,True,long,half_1r_hold,530,-0.10045876455559502,-1.05,0.10943396226415095
phase2_simple_setup,bull__normal_bull__high_area__shrinking_volume,long,fixed_1r,59,-0.10084745762711866,-1.05,0.4745762711864407
prev_2_days_bullish,False,long,half_1r_hold,1789,-0.10116063628819984,-1.05,0.10396869759642258
recent_3day_bias,mixed,long,half_1r_hold,1259,-0.10145639708214656,-1.05,0.10166799046862589
prev_3_days_bullish,False,long,half_1r_hold,2101,-0.10215526275183257,-1.05,0.10566396953831508
volume_bucket,high_volume,long,breakeven_after_1r,160,-0.10269312441173277,-1.05,0.1125
recent_3day_bias,two_bullish,long,half_1r_hold,312,-0.10785117828794176,-1.05,0.11538461538461539
phase2_simple_setup,bull__long_lower_bull__low_area__shrinking_volume,long,fixed_1r,51,-0.10882352941176471,-1.05,0.47058823529411764
last_hour_wick_type,long_lower_bear,long,half_1r_hold,365,-0.11117828557794149,-1.05,0.12602739726027398
phase2_core_setup,uptrend__kept_bull__true_strong_bull__high_area__no_breakout,long,fixed_2r,40,-0.11541262135922332,-1.05,0.325
phase2_simple_setup,bull__long_upper_bull__low_area__shrinking_volume,long,breakeven_after_1r,63,-0.11557866096230617,-1.05,0.047619047619047616
last_hour_wick_type,long_upper_bull,long,stop_or_close,437,-0.11564692746123752,-1.05,0.08466819221967964
phase2_core_setup,uptrend__kept_bear__long_lower_bull__middle_area__no_breakout,long,fixed_1r,30,-0.11666666666666675,-1.05,0.4666666666666667
breakout_type,confirmed_up_breakout,long,fixed_1r,81,-0.11769979077751655,-1.05,0.4567901234567901
recent_3day_bias,two_bearish,long,half_1r_hold,283,-0.125910118283732,-1.05,0.0989399293286219
phase2_simple_setup,bull__long_lower_bull__high_area__shrinking_volume,long,fixed_1r,78,-0.12692307692307697,-1.05,0.46153846153846156
phase2_core_setup,uptrend__kept_bear__long_upper_bull__middle_area__no_breakout,long,half_1r_hold,37,-0.12938208623370293,-1.05,0.13513513513513514
volume_bucket,normal_volume,long,half_1r_hold,530,-0.13104508048108765,-1.05,0.13584905660377358
last_hour_wick_type,true_strong_bull,long,fixed_1r,239,-0.1317885619905415,-1.05,0.4560669456066946
phase2_core_setup,uptrend__kept_bull__long_lower_bull__high_area__no_breakout,long,half_1r_hold,50,-0.1319458928160902,-1.05,0.18
phase2_simple_setup,bull__long_upper_bull__high_area__normal_volume,long,fixed_2r,46,-0.1369565217391305,-1.05,0.30434782608695654
phase2_core_setup,uptrend__kept_bull__true_strong_bull__high_area__no_breakout,long,stop_or_close,40,-0.13762862849644877,-1.05,0.225
phase2_simple_setup,bear__long_upper_bear__low_area__shrinking_volume,long,stop_or_close,72,-0.14019014266657534,-1.05,0.041666666666666664
phase2_core_setup,uptrend__kept_bull__normal_bull__high_area__no_breakout,long,breakeven_after_1r,30,-0.14054122407689712,-1.05,0.03333333333333333
changed_bear_to_bull,True,long,fixed_1r,55,-0.14090909090909098,-1.05,0.45454545454545453
last_hour_change_type,changed_bear_to_bull,long,fixed_1r,55,-0.14090909090909098,-1.05,0.45454545454545453
phase2_core_setup,uptrend__kept_bull__true_strong_bull__high_area__no_breakout,long,half_1r_hold,40,-0.14381431424822436,-1.05,0.225
volume_bucket,normal_volume,long,breakeven_after_1r,530,-0.14582176390173093,-1.05,0.06415094339622641
last_hour_wick_type,normal_bull,long,fixed_1r,202,-0.149009900990099,-1.05,0.4504950495049505
phase2_core_setup,uptrend__kept_bull__true_strong_bull__high_area__no_breakout,long,fixed_1r,40,-0.15000000000000002,-1.05,0.45
phase2_simple_setup,bear__long_lower_bear__low_area__normal_volume,long,fixed_2r,37,-0.15810810810810816,-1.05,0.2972972972972973
phase2_simple_setup,bear__long_lower_bear__high_area__shrinking_volume,long,breakeven_after_1r,68,-0.15837483097804,-1.05,0.029411764705882353
prev_3_days_bearish,True,long,fixed_2r,247,-0.1585989236732871,-1.05,0.29554655870445345
recent_3day_bias,three_bearish,long,fixed_2r,247,-0.1585989236732871,-1.05,0.29554655870445345
break_prev_23h_high,True,long,breakeven_after_1r,172,-0.1649333586415957,-1.05,0.09883720930232558
phase2_core_setup,uptrend__kept_bull__long_upper_bull__high_area__no_breakout,long,fixed_2r,51,-0.16764705882352948,-1.05,0.29411764705882354
phase2_simple_setup,bear__long_lower_bear__high_area__shrinking_volume,long,stop_or_close,68,-0.17398236821985835,-1.05,0.07352941176470588
signal_color,bull,long,fixed_2r,1182,-0.17514793652450233,-1.05,0.29780033840947545
phase2_simple_setup,bear__long_lower_bear__middle_area__shrinking_volume,long,fixed_1r,94,-0.17765957446808514,-1.05,0.43617021276595747
break_prev_23h_high,True,long,fixed_2r,172,-0.1780321500150665,-1.05,0.3023255813953488
phase2_core_setup,uptrend__kept_bull__normal_bull__high_area__no_breakout,long,fixed_1r,30,-0.18333333333333338,-1.05,0.43333333333333335
phase2_simple_setup,bear__long_lower_bear__middle_area__shrinking_volume,long,fixed_2r,94,-0.18829787234042555,-1.05,0.2872340425531915
close_area,low_area,long,half_1r_hold,657,-0.19083453972351916,-1.05,0.0974124809741248
phase2_simple_setup,bull__long_upper_bull__low_area__shrinking_volume,long,fixed_2r,63,-0.19285714285714292,-1.05,0.2857142857142857
phase2_simple_setup,bear__long_lower_bear__middle_area__normal_volume,long,fixed_1r,35,-0.19285714285714292,-1.05,0.42857142857142855
phase2_core_setup,sideways__kept_bull__long_upper_bull__high_area__no_breakout,long,breakeven_after_1r,33,-0.19418117343647012,-1.05,0.030303030303030304
phase2_core_setup,uptrend__kept_bear__long_lower_bull__middle_area__no_breakout,long,fixed_2r,30,-0.19425618073316275,-1.05,0.3
last_hour_wick_type,long_lower_bear,long,fixed_2r,365,-0.2002454023328305,-1.05,0.2876712328767123
phase2_simple_setup,bear__long_lower_bear__low_area__normal_volume,long,breakeven_after_1r,37,-0.20206427448374803,-1.05,0.10810810810810811
volume_bucket,high_volume,long,half_1r_hold,160,-0.2045521209289746,-1.05,0.15625
signal_color,bull,long,fixed_1r,1182,-0.20497598363553537,-1.05,0.42216582064297803
phase2_core_setup,uptrend__kept_bull__long_lower_bull__high_area__no_breakout,long,fixed_2r,50,-0.21000000000000005,-1.05,0.28
phase2_simple_setup,bull__long_upper_bull__middle_area__shrinking_volume,long,half_1r_hold,128,-0.21101028533471095,-1.05,0.0859375
phase2_simple_setup,bear__long_lower_bear__high_area__shrinking_volume,long,next_close,68,-0.21348375991624885,-0.13657953384716975,0.4852941176470588
phase2_simple_setup,bull__true_strong_bull__high_area__shrinking_volume,long,breakeven_after_1r,67,-0.21384066383867312,-1.05,0.07462686567164178
phase2_simple_setup,bull__normal_bull__high_area__shrinking_volume,long,fixed_2r,59,-0.21736226823599336,-1.05,0.288135593220339
trend_regime,downtrend,long,half_1r_hold,698,-0.2191053261158285,-1.05,0.09598853868194843
last_hour_wick_type,long_upper_bull,long,breakeven_after_1r,437,-0.22011178433376108,-1.05,0.04576659038901602
phase2_simple_setup,bear__long_lower_bear__low_area__shrinking_volume,long,breakeven_after_1r,66,-0.22157991185255324,-1.05,0.06060606060606061
phase2_simple_setup,bull__long_upper_bull__high_area__normal_volume,long,fixed_1r,46,-0.223913043478261,-1.05,0.41304347826086957
phase2_core_setup,uptrend__kept_bear__long_lower_bull__middle_area__no_breakout,long,next_close,30,-0.22764462988446912,-0.0639337474120121,0.5
phase2_simple_setup,bull__true_strong_bull__high_area__shrinking_volume,long,fixed_2r,67,-0.23211425940276081,-1.05,0.26865671641791045
big_bear_day,True,long,next_close,156,-0.23548529504123158,0.8410626685552838,0.5705128205128205
last_hour_wick_type,normal_bull,long,fixed_2r,202,-0.2368860327352845,-1.05,0.28217821782178215
phase2_core_setup,uptrend__kept_bear__long_upper_bull__middle_area__no_breakout,long,fixed_1r,37,-0.23918918918918922,-1.05,0.40540540540540543
phase2_simple_setup,bear__long_lower_bear__low_area__normal_volume,long,fixed_1r,37,-0.23918918918918927,-1.05,0.40540540540540543
prev_3_days_bullish,True,long,fixed_2r,272,-0.24111012146773333,-1.05,0.2757352941176471
recent_3day_bias,three_bullish,long,fixed_2r,272,-0.24111012146773333,-1.05,0.2757352941176471
last_hour_wick_type,long_upper_bull,long,half_1r_hold,437,-0.24186236533244942,-1.05,0.08466819221967964
phase2_core_setup,uptrend__kept_bear__long_upper_bear__middle_area__no_breakout,long,stop_or_close,35,-0.2424473493100414,-1.05,0.02857142857142857
phase2_core_setup,uptrend__kept_bull__long_lower_bull__high_area__no_breakout,long,fixed_1r,50,-0.25,-1.05,0.4
phase2_core_setup,uptrend__kept_bull__normal_bull__high_area__no_breakout,long,fixed_2r,30,-0.2500000000000001,-1.05,0.26666666666666666
phase2_core_setup,downtrend__kept_bear__long_lower_bear__low_area__no_breakout,long,fixed_2r,34,-0.2558823529411765,-1.05,0.2647058823529412
prev_2_days_bearish,True,long,fixed_2r,530,-0.25817145038607164,-1.05,0.2641509433962264
phase2_simple_setup,bear__long_lower_bear__low_area__shrinking_volume,long,fixed_2r,66,-0.2600811976144423,-1.05,0.2727272727272727
break_prev_23h_low,True,long,fixed_2r,151,-0.2611877038720337,-1.05,0.271523178807947
volume_bucket,high_volume,long,fixed_2r,160,-0.26142451934304634,-1.05,0.26875
volume_bucket,huge_volume,long,fixed_2r,110,-0.2615896341702611,-1.05,0.2818181818181818
changed_bear_to_bull,True,long,half_1r_hold,55,-0.26318202718698436,-1.05,0.16363636363636364
last_hour_change_type,changed_bear_to_bull,long,half_1r_hold,55,-0.26318202718698436,-1.05,0.16363636363636364
phase2_simple_setup,bull__long_lower_bull__low_area__shrinking_volume,long,half_1r_hold,51,-0.2646823400363486,-1.05,0.09803921568627451
last_hour_wick_type,normal_bear,long,half_1r_hold,208,-0.26511407534923853,-1.05,0.038461538461538464
phase2_simple_setup,bull__normal_bull__middle_area__shrinking_volume,long,fixed_1r,51,-0.265686274509804,-1.05,0.39215686274509803
last_hour_wick_type,long_lower_bear,long,fixed_1r,365,-0.26643835616438355,-1.05,0.3917808219178082
trend_regime,downtrend,long,fixed_2r,698,-0.2707498386191952,-1.05,0.2607449856733524
last_hour_change_type,kept_bear,long,fixed_2r,1100,-0.2727432732987069,-1.05,0.2609090909090909
break_prev_23h_high,True,long,fixed_1r,172,-0.2737423433312723,-1.05,0.38372093023255816
phase2_simple_setup,bull__true_strong_bull__high_area__shrinking_volume,long,fixed_1r,67,-0.2738805970149254,-1.05,0.3880597014925373
volume_bucket,normal_volume,long,fixed_2r,530,-0.2754190643207551,-1.05,0.2622641509433962
close_area,low_area,long,fixed_2r,657,-0.27580619705633846,-1.05,0.2602739726027397
phase2_simple_setup,bull__long_upper_bull__middle_area__shrinking_volume,long,fixed_2r,128,-0.2765625,-1.05,0.2578125
temp_day_color_7h,bear,long,fixed_2r,1155,-0.2789861721856995,-1.05,0.2597402597402597
prev_3_days_bearish,True,long,fixed_1r,247,-0.27923999500938024,-1.05,0.38461538461538464
recent_3day_bias,three_bearish,long,fixed_1r,247,-0.27923999500938024,-1.05,0.38461538461538464
doji_day,False,long,fixed_2r,1943,-0.2805511926572847,-1.05,0.25990735975295937
breakout_type,confirmed_up_breakout,long,breakeven_after_1r,81,-0.2811318898151405,-1.05,0.14814814814814814
prev_day_color,bear,long,fixed_2r,1159,-0.281285861578929,-1.05,0.25798101811906815
volume_bucket,huge_volume,long,fixed_1r,110,-0.28221152012766826,-1.05,0.38181818181818183
prev_2_days_bullish,True,long,fixed_2r,584,-0.2832573642889223,-1.05,0.2602739726027397
long_wick_day,False,long,fixed_2r,1161,-0.28643337084224035,-1.05,0.25839793281653745
phase2_simple_setup,bull__long_upper_bull__low_area__shrinking_volume,long,fixed_1r,63,-0.2880952380952382,-1.05,0.38095238095238093
close_area,high_area,long,fixed_2r,857,-0.28895160160101463,-1.05,0.25787631271878647
changed_bull_to_bear,False,long,fixed_2r,2314,-0.2898110337628828,-1.05,0.25626620570440795
changed_bear_to_bull,False,long,fixed_2r,2318,-0.29094162800865075,-1.05,0.2553925798101812
failed_up_breakout,True,long,fixed_2r,91,-0.29175824175824183,-1.05,0.25274725274725274
breakout_type,failed_up_breakout,long,fixed_2r,91,-0.29175824175824183,-1.05,0.25274725274725274
phase2_simple_setup,bear__long_lower_bear__low_area__shrinking_volume,long,fixed_1r,66,-0.2924242424242424,-1.05,0.3787878787878788
trend_regime,uptrend,long,fixed_2r,940,-0.2927406934482622,-1.05,0.2553191489361702
big_bull_day,False,long,fixed_2r,2134,-0.293061809836538,-1.05,0.2549203373945642
big_bear_day,False,long,fixed_2r,2217,-0.2932667056267246,-1.05,0.2552999548940009
overall,all,long,fixed_2r,2373,-0.2935551746292068,-1.05,0.25495153813737886
failed_up_breakout,False,long,fixed_2r,2282,-0.29362711518849316,-1.05,0.25503943908851884
phase2_simple_setup,bull__true_strong_bull__high_area__shrinking_volume,long,half_1r_hold,67,-0.29464323867589626,-1.05,0.14925373134328357
break_prev_23h_low,False,long,fixed_2r,2222,-0.29576370968764926,-1.05,0.2538253825382538
prev_2_days_bullish,False,long,fixed_2r,1789,-0.29692610300000183,-1.05,0.25321408608160983
big_bear_day,True,long,fixed_2r,156,-0.2976381205104935,-1.05,0.25
big_bull_day,True,long,fixed_2r,239,-0.29794178627950435,-1.05,0.25523012552301255
failed_down_breakout,False,long,fixed_2r,2300,-0.3001659914805681,-1.05,0.2526086956521739
prev_3_days_bullish,False,long,fixed_2r,2101,-0.30037403431368137,-1.05,0.2522608281770585
long_wick_day,True,long,fixed_2r,1212,-0.3003819575467877,-1.05,0.25165016501650167
last_hour_change_type,kept_bull,long,fixed_2r,1159,-0.3005890344674377,-1.05,0.2528041415012942
break_prev_23h_high,False,long,fixed_2r,2201,-0.30261993750951344,-1.05,0.25124943207632894
prev_2_days_bearish,False,long,fixed_2r,1843,-0.30373088617625227,-1.05,0.2523060227889311
phase2_simple_setup,bear__long_lower_bear__middle_area__normal_volume,long,half_1r_hold,35,-0.30385303918171047,-1.05,0.11428571428571428
volume_bucket,shrinking_volume,long,fixed_2r,1573,-0.3051791978767012,-1.05,0.24920534011443102
prev_day_color,bull,long,fixed_2r,1214,-0.305256651703604,-1.05,0.25205930807248766
breakout_type,no_breakout,long,fixed_2r,2050,-0.30568523259979247,-1.05,0.2497560975609756
temp_day_color_7h,bull,long,fixed_2r,1218,-0.30735612422560993,-1.05,0.2504105090311987
phase2_core_setup,uptrend__kept_bull__long_upper_bear__high_area__no_breakout,long,half_1r_hold,41,-0.30744457708850575,-1.05,0.04878048780487805
last_hour_wick_type,long_upper_bull,long,fixed_2r,437,-0.30858123569794055,-1.05,0.2471395881006865
prev_3_days_bearish,False,long,fixed_2r,2126,-0.3093011330543897,-1.05,0.2502351834430856
close_area,middle_area,long,fixed_2r,859,-0.3118039891923502,-1.05,0.2479627473806752
break_prev_23h_low,True,long,fixed_1r,151,-0.31247779034081735,-1.05,0.3708609271523179
recent_3day_bias,mixed,long,fixed_2r,1259,-0.31325687441273536,-1.05,0.24861000794281177
phase2_simple_setup,bull__true_strong_bull__high_area__shrinking_volume,long,stop_or_close,67,-0.31540588033686706,-1.05,0.11940298507462686
trend_regime,sideways,long,fixed_2r,735,-0.31643760727877224,-1.05,0.24897959183673468
recent_3day_bias,two_bullish,long,fixed_2r,312,-0.32011926154732545,-1.05,0.2467948717948718
phase2_core_setup,uptrend__kept_bear__long_upper_bull__middle_area__no_breakout,long,fixed_2r,37,-0.3202702702702704,-1.05,0.24324324324324326
volume_bucket,normal_volume,long,fixed_1r,530,-0.32847702024765857,-1.05,0.3584905660377358
phase2_simple_setup,bear__normal_bear__high_area__shrinking_volume,long,fixed_1r,31,-0.34032258064516147,-1.05,0.3548387096774194
temp_day_color_7h,bear,long,fixed_1r,1155,-0.340328520498999,-1.05,0.35324675324675325
phase2_simple_setup,bull__long_lower_bull__low_area__shrinking_volume,long,breakeven_after_1r,51,-0.34079839885584484,-1.05,0.0392156862745098
prev_3_days_bullish,True,long,fixed_1r,272,-0.3414957430340557,-1.05,0.35294117647058826
recent_3day_bias,three_bullish,long,fixed_1r,272,-0.3414957430340557,-1.05,0.35294117647058826
recent_3day_bias,two_bearish,long,fixed_2r,283,-0.34569605571723816,-1.05,0.23674911660777384
phase2_simple_setup,bear__long_lower_bear__high_area__shrinking_volume,long,half_1r_hold,68,-0.347285301756988,-1.05,0.07352941176470588
prev_2_days_bearish,True,long,fixed_1r,530,-0.34852704311991844,-1.05,0.3490566037735849
big_bull_day,True,long,fixed_1r,239,-0.34909490817145955,-1.05,0.3472803347280335
changed_bear_to_bull,True,long,breakeven_after_1r,55,-0.34915601602145574,-1.05,0.07272727272727272
last_hour_change_type,changed_bear_to_bull,long,breakeven_after_1r,55,-0.34915601602145574,-1.05,0.07272727272727272
trend_regime,uptrend,long,fixed_1r,940,-0.3495677386165757,-1.05,0.34893617021276596
last_hour_change_type,kept_bear,long,fixed_1r,1100,-0.350345021528629,-1.05,0.3481818181818182
prev_2_days_bullish,True,long,fixed_1r,584,-0.3510011716174594,-1.05,0.3476027397260274
phase2_core_setup,downtrend__kept_bull__long_upper_bull__high_area__no_breakout,long,fixed_2r,43,-0.35232558139534886,-1.05,0.23255813953488372
doji_day,True,long,fixed_2r,430,-0.35237692485734057,-1.05,0.23255813953488372
phase2_simple_setup,bear__true_weak_bear__low_area__normal_volume,long,half_1r_hold,35,-0.3527664531159002,-1.05,0.02857142857142857
close_area,high_area,long,fixed_1r,857,-0.3561985535283829,-1.05,0.3453908984830805
recent_3day_bias,two_bullish,long,fixed_1r,312,-0.35931460111805685,-1.05,0.34294871794871795
long_wick_day,False,long,fixed_1r,1161,-0.36043963192455514,-1.05,0.34280792420327305
phase2_simple_setup,bear__long_lower_bear__low_area__shrinking_volume,long,half_1r_hold,66,-0.3618045381829246,-1.05,0.09090909090909091
phase2_core_setup,uptrend__kept_bull__normal_bull__high_area__no_breakout,long,half_1r_hold,30,-0.3619372787051153,-1.05,0.03333333333333333
changed_bull_to_bear,False,long,fixed_1r,2314,-0.3624432159033418,-1.05,0.34226447709593777
phase2_simple_setup,bull__long_upper_bull__high_area__shrinking_volume,long,fixed_2r,118,-0.3635593220338981,-1.05,0.2288135593220339
doji_day,False,long,fixed_1r,1943,-0.36382196998444516,-1.05,0.34173957797220794
prev_day_color,bear,long,fixed_1r,1159,-0.3653187162684998,-1.05,0.34081104400345125
big_bear_day,False,long,fixed_1r,2217,-0.3661778930774161,-1.05,0.34055029318899416
failed_up_breakout,False,long,fixed_1r,2282,-0.3677217829552146,-1.05,0.33961437335670464
last_hour_wick_type,long_upper_bull,long,fixed_1r,437,-0.3680778032036613,-1.05,0.34096109839816935
phase2_simple_setup,bull__long_upper_bull__low_area__shrinking_volume,long,half_1r_hold,63,-0.36850361619543887,-1.05,0.047619047619047616
overall,all,long,fixed_1r,2373,-0.3694507667754665,-1.05,0.3388116308470291
big_bull_day,False,long,fixed_1r,2134,-0.37174020216669357,-1.05,0.33786316776007497
prev_3_days_bullish,False,long,fixed_1r,2101,-0.3730854543747322,-1.05,0.3369823893384103
break_prev_23h_low,False,long,fixed_1r,2222,-0.3733382134278081,-1.05,0.33663366336633666
prev_day_color,bull,long,fixed_1r,1214,-0.37339158188706945,-1.05,0.3369028006589786
close_area,middle_area,long,fixed_1r,859,-0.37475360620707976,-1.05,0.33643771827706637
changed_bear_to_bull,False,long,fixed_1r,2318,-0.37489459188272095,-1.05,0.3360655737704918
volume_bucket,high_volume,long,fixed_1r,160,-0.375,-1.05,0.3375
prev_2_days_bearish,False,long,fixed_1r,1843,-0.3754680467809836,-1.05,0.3358654367878459
prev_2_days_bullish,False,long,fixed_1r,1789,-0.3754901345335339,-1.05,0.3359418669647848
break_prev_23h_high,False,long,fixed_1r,2201,-0.37696073430849636,-1.05,0.3353021353930032
long_wick_day,True,long,fixed_1r,1212,-0.37808861517853565,-1.05,0.334983498349835
failed_down_breakout,False,long,fixed_1r,2300,-0.3789163973442773,-1.05,0.3339130434782609
close_area,low_area,long,fixed_1r,657,-0.37986385456834815,-1.05,0.3333333333333333
prev_3_days_bearish,False,long,fixed_1r,2126,-0.37997606702403675,-1.05,0.3334901222953904
breakout_type,no_breakout,long,fixed_1r,2050,-0.38173139797293515,-1.05,0.3326829268292683
trend_regime,downtrend,long,fixed_1r,698,-0.3818370755978753,-1.05,0.333810888252149
phase2_simple_setup,bull__long_upper_bull__high_area__shrinking_volume,long,breakeven_after_1r,118,-0.38279172785150845,-1.05,0.025423728813559324
trend_regime,sideways,long,fixed_1r,735,-0.3831472740825163,-1.05,0.3306122448979592
phase2_core_setup,uptrend__kept_bull__long_upper_bull__high_area__no_breakout,long,fixed_1r,51,-0.38333333333333336,-1.05,0.3333333333333333
phase2_core_setup,uptrend__kept_bull__long_lower_bear__high_area__no_breakout,long,fixed_1r,42,-0.38333333333333336,-1.05,0.3333333333333333
last_hour_change_type,kept_bull,long,fixed_1r,1159,-0.3844621766955446,-1.05,0.33132010353753233
changed_bear_to_bull,True,long,stop_or_close,55,-0.38545496346487773,-1.05,0.16363636363636364
last_hour_change_type,changed_bear_to_bull,long,stop_or_close,55,-0.38545496346487773,-1.05,0.16363636363636364
recent_3day_bias,mixed,long,fixed_1r,1259,-0.3868520756878747,-1.05,0.33042096902303414
volume_bucket,shrinking_volume,long,fixed_1r,1573,-0.38878810196084446,-1.05,0.3293070565797839
doji_day,True,long,fixed_1r,430,-0.39491186627877783,-1.05,0.32558139534883723
temp_day_color_7h,bull,long,fixed_1r,1218,-0.3970377381246738,-1.05,0.3251231527093596
phase2_core_setup,downtrend__kept_bull__long_upper_bull__high_area__no_breakout,long,fixed_1r,43,-0.39883720930232563,-1.05,0.32558139534883723
phase2_simple_setup,bear__long_upper_bear__low_area__shrinking_volume,long,half_1r_hold,72,-0.4006506268888431,-1.05,0.041666666666666664
phase2_simple_setup,bear__long_upper_bear__high_area__normal_volume,long,stop_or_close,35,-0.4013087034169544,-1.05,0.05714285714285714
phase2_simple_setup,bear__long_lower_bear__low_area__normal_volume,long,next_close,37,-0.40166770923073314,1.665004718464909,0.5675675675675675
phase2_core_setup,downtrend__kept_bear__long_lower_bear__low_area__no_breakout,long,fixed_1r,34,-0.4029411764705883,-1.05,0.3235294117647059
changed_bear_to_bull,True,long,fixed_2r,55,-0.40327661366309775,-1.05,0.23636363636363636
last_hour_change_type,changed_bear_to_bull,long,fixed_2r,55,-0.40327661366309775,-1.05,0.23636363636363636
phase2_core_setup,uptrend__kept_bull__long_lower_bear__high_area__no_breakout,long,fixed_2r,42,-0.4071428571428572,-1.05,0.21428571428571427
phase2_simple_setup,bull__long_upper_bull__middle_area__shrinking_volume,long,fixed_1r,128,-0.40937500000000004,-1.05,0.3203125
recent_3day_bias,two_bearish,long,fixed_1r,283,-0.4094306049822064,-1.05,0.31802120141342755
signal_color,bear,long,fixed_2r,1187,-0.40979590140193817,-1.05,0.21314237573715247
phase2_simple_setup,bear__normal_bear__low_area__shrinking_volume,long,fixed_2r,47,-0.4117021276595746,-1.05,0.2127659574468085
failed_up_breakout,True,long,fixed_1r,91,-0.4126373626373626,-1.05,0.31868131868131866
breakout_type,failed_up_breakout,long,fixed_1r,91,-0.4126373626373626,-1.05,0.31868131868131866
phase2_simple_setup,bear__long_lower_bear__middle_area__normal_volume,long,stop_or_close,35,-0.414848935506278,-1.05,0.11428571428571428
big_bear_day,True,long,fixed_1r,156,-0.41577451757864137,-1.05,0.3141025641025641
phase2_simple_setup,bear__true_weak_bear__high_area__shrinking_volume,long,fixed_2r,39,-0.4184210526315791,-1.05,0.20512820512820512
phase2_simple_setup,bull__long_lower_bull__low_area__shrinking_volume,long,stop_or_close,51,-0.42054115066093256,-1.05,0.09803921568627451
breakout_type,confirmed_down_breakout,long,fixed_2r,78,-0.4250666274770984,-1.05,0.21794871794871795
phase2_simple_setup,bear__long_lower_bear__low_area__shrinking_volume,long,stop_or_close,66,-0.43118483394160667,-1.05,0.09090909090909091
phase2_simple_setup,bear__long_lower_bear__high_area__shrinking_volume,long,fixed_2r,68,-0.43235294117647066,-1.05,0.20588235294117646
phase2_simple_setup,bear__true_weak_bear__low_area__normal_volume,long,fixed_2r,35,-0.43235294117647066,-1.05,0.2
phase2_simple_setup,bear__true_weak_bear__low_area__shrinking_volume,long,fixed_2r,54,-0.438888888888889,-1.05,0.2037037037037037
phase2_simple_setup,bull__long_upper_bull__high_area__shrinking_volume,long,fixed_1r,118,-0.43983050847457605,-1.05,0.3050847457627119
changed_bull_to_bear,True,long,fixed_2r,59,-0.4398305084745763,-1.05,0.2033898305084746
last_hour_change_type,changed_bull_to_bear,long,fixed_2r,59,-0.4398305084745763,-1.05,0.2033898305084746
phase2_core_setup,sideways__kept_bull__long_upper_bull__high_area__no_breakout,long,fixed_1r,33,-0.443939393939394,-1.05,0.30303030303030304
phase2_simple_setup,bull__long_upper_bull__low_area__shrinking_volume,long,stop_or_close,63,-0.4489119942956396,-1.05,0.047619047619047616
phase2_simple_setup,bull__normal_bull__middle_area__shrinking_volume,long,fixed_2r,51,-0.461764705882353,-1.05,0.19607843137254902
phase2_simple_setup,bear__long_upper_bear__low_area__shrinking_volume,long,fixed_2r,72,-0.46666666666666656,-1.05,0.19444444444444445
phase2_simple_setup,bull__long_upper_bull__high_area__shrinking_volume,long,half_1r_hold,118,-0.48335104817291985,-1.05,0.0423728813559322
last_hour_wick_type,normal_bear,long,fixed_2r,208,-0.4875000000000001,-1.05,0.1875
phase2_simple_setup,bull__true_strong_bull__high_area__shrinking_volume,long,next_close,67,-0.48825627508098707,-1.036038394415339,0.3880597014925373
phase2_simple_setup,bear__true_weak_bear__middle_area__shrinking_volume,long,fixed_2r,61,-0.49067796610169495,-1.05,0.18032786885245902
last_hour_wick_type,true_weak_bear,long,fixed_2r,252,-0.49354838709677423,-1.05,0.18253968253968253
phase2_core_setup,sideways__kept_bull__long_upper_bull__high_area__no_breakout,long,fixed_2r,33,-0.5045454545454546,-1.05,0.18181818181818182
phase2_simple_setup,bear__long_upper_bear__middle_area__shrinking_volume,long,fixed_2r,119,-0.506896551724138,-1.05,0.17647058823529413
phase2_simple_setup,bear__true_weak_bear__low_area__shrinking_volume,long,stop_or_close,54,-0.5141569212895591,-1.05,0.05555555555555555
phase2_simple_setup,bear__long_lower_bear__high_area__shrinking_volume,long,fixed_1r,68,-0.5205882352941175,-1.05,0.2647058823529412
last_hour_wick_type,long_upper_bear,long,fixed_2r,362,-0.5205882352941176,-1.05,0.17403314917127072
phase2_simple_setup,bear__long_upper_bear__high_area__normal_volume,long,half_1r_hold,35,-0.5256543517084772,-1.05,0.05714285714285714
phase2_simple_setup,bull__long_upper_bull__high_area__shrinking_volume,long,stop_or_close,118,-0.5268715878712638,-1.05,0.0423728813559322
changed_bull_to_bear,True,long,breakeven_after_1r,59,-0.5273873501446876,-1.05,0.01694915254237288
last_hour_change_type,changed_bull_to_bear,long,breakeven_after_1r,59,-0.5273873501446876,-1.05,0.01694915254237288
signal_color,bear,long,fixed_1r,1187,-0.5321731748726655,-1.05,0.2569502948609941
big_bear_day,True,long,half_1r_hold,156,-0.5345694699141595,-1.05,0.07051282051282051
breakout_type,confirmed_down_breakout,long,fixed_1r,78,-0.5371794871794869,-1.05,0.2564102564102564
phase2_simple_setup,bear__long_upper_bear__high_area__normal_volume,long,breakeven_after_1r,35,-0.5384648187633267,-1.05,0.02857142857142857
phase2_simple_setup,bear__normal_bear__low_area__shrinking_volume,long,fixed_1r,47,-0.5393617021276597,-1.05,0.2553191489361702
phase2_core_setup,uptrend__kept_bull__normal_bull__high_area__no_breakout,long,stop_or_close,30,-0.5405412240768971,-1.05,0.03333333333333333
phase2_simple_setup,bear__long_lower_bear__middle_area__normal_volume,long,breakeven_after_1r,35,-0.5406921241050116,-1.05,0.02857142857142857
phase2_core_setup,uptrend__kept_bear__long_upper_bear__middle_area__no_breakout,long,half_1r_hold,35,-0.5579883805373738,-1.05,0.02857142857142857
phase2_simple_setup,bear__true_weak_bear__low_area__shrinking_volume,long,half_1r_hold,54,-0.5598562384225573,-1.05,0.05555555555555555
big_bear_day,True,long,breakeven_after_1r,156,-0.5669184876678246,-1.05,0.04487179487179487
phase2_simple_setup,bear__true_weak_bear__low_area__shrinking_volume,long,breakeven_after_1r,54,-0.5724071219546271,-1.05,0.037037037037037035
phase2_simple_setup,bear__true_weak_bear__low_area__shrinking_volume,long,fixed_1r,54,-0.6055555555555555,-1.05,0.2222222222222222
last_hour_wick_type,normal_bear,long,fixed_1r,208,-0.6076923076923078,-1.05,0.22115384615384615
phase2_simple_setup,bear__long_upper_bear__high_area__normal_volume,long,fixed_2r,35,-0.6214285714285716,-1.05,0.14285714285714285
phase2_core_setup,uptrend__kept_bull__true_strong_bull__high_area__no_breakout,long,next_close,40,-0.6252946909665832,-1.1304866456949454,0.4
phase2_simple_setup,bear__true_weak_bear__high_area__shrinking_volume,long,fixed_1r,39,-0.6289473684210528,-1.05,0.20512820512820512
phase2_simple_setup,bear__true_weak_bear__low_area__normal_volume,long,fixed_1r,35,-0.6382352941176471,-1.05,0.2
changed_bull_to_bear,True,long,fixed_1r,59,-0.6432203389830506,-1.05,0.2033898305084746
last_hour_change_type,changed_bull_to_bear,long,fixed_1r,59,-0.6432203389830506,-1.05,0.2033898305084746
phase2_simple_setup,bear__long_upper_bear__high_area__normal_volume,long,fixed_1r,35,-0.6500000000000001,-1.05,0.2
big_bear_day,True,long,stop_or_close,156,-0.6533644222496778,-1.05,0.07051282051282051
phase2_simple_setup,bear__long_upper_bear__low_area__shrinking_volume,long,fixed_1r,72,-0.661111111111111,-1.05,0.19444444444444445
last_hour_wick_type,true_weak_bear,long,fixed_1r,252,-0.6629032258064517,-1.05,0.19047619047619047
last_hour_wick_type,long_upper_bear,long,fixed_1r,362,-0.669047619047619,-1.05,0.1878453038674033
phase2_simple_setup,bear__long_upper_bear__middle_area__shrinking_volume,long,fixed_1r,119,-0.6706896551724136,-1.05,0.18487394957983194
phase2_simple_setup,bear__true_weak_bear__middle_area__shrinking_volume,long,fixed_1r,61,-0.6771186440677963,-1.05,0.18032786885245902
changed_bull_to_bear,True,long,half_1r_hold,59,-0.6785241835469199,-1.05,0.01694915254237288
last_hour_change_type,changed_bull_to_bear,long,half_1r_hold,59,-0.6785241835469199,-1.05,0.01694915254237288
phase2_core_setup,uptrend__kept_bull__long_upper_bear__high_area__no_breakout,long,fixed_2r,41,-0.6841463414634147,-1.05,0.12195121951219512
phase2_core_setup,sideways__kept_bull__long_upper_bear__high_area__no_breakout,long,fixed_2r,33,-0.6863636363636364,-1.05,0.12121212121212122
phase2_simple_setup,bear__long_upper_bear__high_area__shrinking_volume,long,fixed_2r,68,-0.6970588235294116,-1.05,0.11764705882352941
phase2_simple_setup,bear__normal_bear__middle_area__shrinking_volume,long,breakeven_after_1r,54,-0.7065815815815815,-1.05,0.018518518518518517
changed_bull_to_bear,True,long,stop_or_close,59,-0.7138280281107892,-1.05,0.01694915254237288
last_hour_change_type,changed_bull_to_bear,long,stop_or_close,59,-0.7138280281107892,-1.05,0.01694915254237288
phase2_core_setup,downtrend__kept_bull__long_upper_bull__high_area__no_breakout,long,breakeven_after_1r,43,-0.7244186046511628,-1.05,0.0
phase2_core_setup,downtrend__kept_bull__long_upper_bull__high_area__no_breakout,long,half_1r_hold,43,-0.7244186046511628,-1.05,0.0
phase2_core_setup,sideways__kept_bull__long_upper_bear__high_area__no_breakout,long,fixed_1r,33,-0.7469696969696971,-1.05,0.15151515151515152
phase2_core_setup,uptrend__kept_bull__long_upper_bear__high_area__no_breakout,long,fixed_1r,41,-0.7573170731707317,-1.05,0.14634146341463414
phase2_simple_setup,bear__normal_bear__middle_area__shrinking_volume,long,fixed_2r,54,-0.772222222222222,-1.05,0.09259259259259259
phase2_simple_setup,bear__normal_bear__middle_area__shrinking_volume,long,stop_or_close,54,-0.7806556556556555,-1.05,0.018518518518518517
phase2_simple_setup,bear__long_upper_bear__high_area__shrinking_volume,long,fixed_1r,68,-0.7852941176470587,-1.05,0.1323529411764706
phase2_core_setup,uptrend__kept_bear__long_upper_bear__middle_area__no_breakout,long,fixed_2r,35,-0.7852941176470589,-1.05,0.08571428571428572
phase2_simple_setup,bear__normal_bear__middle_area__shrinking_volume,long,half_1r_hold,54,-0.822735235235235,-1.05,0.018518518518518517
phase2_simple_setup,bear__normal_bear__middle_area__shrinking_volume,long,fixed_1r,54,-0.8648148148148145,-1.05,0.09259259259259259
phase2_core_setup,uptrend__kept_bear__long_upper_bear__middle_area__no_breakout,long,fixed_1r,35,-0.873529411764706,-1.05,0.08571428571428572
volume_bucket,normal_volume,long,next_close,530,-0.901201991132358,0.03333333333327318,0.4981132075471698
phase2_core_setup,uptrend__kept_bear__long_upper_bear__middle_area__no_breakout,long,breakeven_after_1r,35,-0.9617647058823531,-1.05,0.0
phase2_core_setup,downtrend__kept_bull__long_upper_bull__high_area__no_breakout,long,stop_or_close,43,-1.0499999999999998,-1.05,0.0
prev_2_days_bearish,True,long,next_close,530,-1.2290048122067878,0.5357751482294124,0.530188679245283
break_prev_23h_high,True,long,next_close,172,-1.560587920457369,-0.535640947938204,0.45930232558139533
phase2_simple_setup,bear__normal_bear__low_area__shrinking_volume,long,next_close,47,-1.6033162019486975,3.6732346241459877,0.6382978723404256
phase2_core_setup,sideways__kept_bull__long_upper_bull__high_area__no_breakout,long,next_close,33,-2.5128791086462123,-4.638912886969004,0.3333333333333333
phase2_simple_setup,bear__long_upper_bear__high_area__normal_volume,long,next_close,35,-2.6603946181038376,-1.1866698748797322,0.4857142857142857
failed_up_breakout,True,long,next_close,91,-3.12721098595128,-0.9243169398906873,0.43956043956043955
breakout_type,failed_up_breakout,long,next_close,91,-3.12721098595128,-0.9243169398906873,0.43956043956043955
volume_bucket,high_volume,long,next_close,160,-3.3759888576897685,-0.8486770382888473,0.425
volume_bucket,huge_volume,long,next_close,110,-3.4847902116971143,0.23963963963963963,0.5363636363636364
recent_3day_bias,two_bearish,long,next_close,283,-3.5845754966955945,0.23073572120038593,0.5159010600706714
break_prev_23h_low,True,long,next_close,151,-4.624445097037716,0.6169184290030724,0.5695364238410596
phase2_simple_setup,bear__true_weak_bear__low_area__normal_volume,long,next_close,35,-7.394115836888358,1.037124060150348,0.5428571428571428
long_wick_day,True,long,next_close,1212,-7.679759973749523,0.2058139534885,0.5115511551155115
breakout_type,confirmed_down_breakout,long,next_close,78,-9.219336903932389,0.15776255707762224,0.5256410256410257
overall,all,long,next_close,2373,-14.789037966536144,0.0835392887042058,0.506953223767383
changed_bear_to_bull,False,long,next_close,2318,-15.147495115730228,0.10816326530612246,0.5077653149266609
failed_up_breakout,False,long,next_close,2282,-15.25592149281561,0.12986896962478922,0.5096406660823839
failed_down_breakout,False,long,next_close,2300,-15.269359590460711,0.04477263068424556,0.5034782608695653
break_prev_23h_low,False,long,next_close,2222,-15.482600335851219,0.04252758274822946,0.5027002700270027
big_bear_day,False,long,next_close,2217,-15.817278100935248,0.04240398658263759,0.5024808299503835
break_prev_23h_high,False,long,next_close,2201,-15.827036784020427,0.14690490430614983,0.5106769650159019
breakout_type,no_breakout,long,next_close,2050,-16.6558419504753,0.08243761996160438,0.5063414634146342
prev_3_days_bearish,False,long,next_close,2126,-16.683815270013103,0.03450704225351704,0.5023518344308561
prev_2_days_bearish,False,long,next_close,1843,-18.68865534425178,0.011706675021242497,0.5002712967986978
changed_bull_to_bear,False,long,next_close,2314,-19.124898233705395,0.12999999999992723,0.5095073465859983
volume_bucket,shrinking_volume,long,next_close,1573,-21.418549561613055,0.21031746031748344,0.5162110616656072
trend_regime,uptrend,long,next_close,940,-21.662506100482965,0.17273628552542258,0.5180851063829788
prev_3_days_bullish,False,long,next_close,2101,-21.957192186470923,0.12993448481235823,0.5102332222751071
long_wick_day,False,long,next_close,1161,-22.20554491320291,0.019419606568033973,0.5021533161068045
doji_day,False,long,next_close,1943,-23.517729468608827,0.14629701060752606,0.5110653628409676
big_bull_day,False,long,next_close,2134,-23.9439348160064,0.1656697556866592,0.5117150890346767
prev_2_days_bullish,False,long,next_close,1789,-25.86755307188223,0.2885416666666539,0.5231973169368362
close_area,low_area,long,next_close,657,-28.98729247625603,0.6393939393939764,0.5388127853881278
signal_color,bear,long,next_close,1187,-30.50944458789534,0.2884040257223359,0.5181128896377422
recent_3day_bias,mixed,long,next_close,1259,-36.249958084738296,0.2133228840125308,0.5202541699761716
close_area,middle_area,long,next_close,859,-38.63037048276611,0.42029702970296545,0.5331781140861467
trend_regime,downtrend,long,next_close,698,-39.29286544902242,0.33931297709933594,0.5200573065902578
prev_day_color,bear,long,next_close,1159,-45.204849235107,0.6346092503986991,0.540120793787748
temp_day_color_7h,bear,long,next_close,1155,-53.28149584676809,0.65488261892961,0.5437229437229437
last_hour_change_type,kept_bear,long,next_close,1100,-55.970776888687645,0.7349600000000093,0.5472727272727272
last_hour_wick_type,long_upper_bear,long,next_close,362,-102.28707635683458,-1.1437284631288676,0.46685082872928174
last_hour_wick_type,normal_bear,long,next_close,208,-110.94886685086648,0.6977135895760715,0.5288461538461539
phase2_simple_setup,bear__long_upper_bear__middle_area__shrinking_volume,long,next_close,119,-154.165474305599,0.6142213613559706,0.5042016806722689
phase2_simple_setup,bear__long_upper_bear__low_area__shrinking_volume,long,next_close,72,-263.99544287962544,0.6085989335733258,0.5277777777777778
phase2_simple_setup,bear__normal_bear__middle_area__shrinking_volume,long,next_close,54,-500.30049885715533,1.6046205038609305,0.5370370370370371
phase2_core_setup,uptrend__kept_bear__long_upper_bear__middle_area__no_breakout,long,next_close,35,-507.81077191194674,0.9292137751786752,0.5142857142857142
phase2_core_setup,uptrend__kept_bull__normal_bull__high_area__no_breakout,short,next_close,30,533.7642177260894,4.614383561643913,0.5333333333333333
phase2_simple_setup,bull__normal_bull__high_area__shrinking_volume,short,next_close,59,265.79512311800335,2.6230743172868727,0.5084745762711864
phase2_core_setup,uptrend__kept_bear__long_lower_bull__middle_area__no_breakout,short,next_close,30,128.19330437214427,-0.9677215189873841,0.4666666666666667
phase2_simple_setup,bull__long_lower_bull__middle_area__shrinking_volume,short,next_close,94,120.46654731971182,-1.9997716894968067,0.4148936170212766
phase2_simple_setup,bull__true_strong_bull__high_area__shrinking_volume,short,next_close,67,108.29758199475661,5.029720279720239,0.5522388059701493
last_hour_wick_type,normal_bull,short,next_close,202,58.51909589382948,-0.11294779938588956,0.4900990099009901
big_bull_day,True,short,next_close,239,58.201391906575275,0.5913163112289908,0.5313807531380753
phase2_core_setup,uptrend__kept_bull__true_strong_bull__high_area__no_breakout,short,next_close,40,24.13371470602987,8.24984767073189,0.55
long_wick_day,False,short,next_close,1161,22.85375545898508,-0.1441619585687376,0.48578811369509045
recent_3day_bias,mixed,short,next_close,1259,21.245541743509357,-0.34352307487697387,0.46783161239078636
trend_regime,sideways,short,next_close,735,17.62435355918462,0.12042290075855425,0.5061224489795918
last_hour_wick_type,true_strong_bull,short,next_close,239,16.910014618672022,0.5983516483519119,0.502092050209205
prev_2_days_bullish,False,short,next_close,1789,14.090321698929856,-0.42814941137638823,0.46618222470653997
close_area,middle_area,short,next_close,859,12.560443717402075,-0.6474169741697471,0.45052386495925495
last_hour_change_type,kept_bear,short,next_close,1100,11.613155312599877,-0.8611851787724017,0.4445454545454545
prev_day_color,bear,short,next_close,1159,11.07548886932339,-0.7519012410879427,0.451251078515962
temp_day_color_7h,bear,short,next_close,1155,10.970365478050647,-0.8415194346289574,0.44761904761904764
signal_color,bull,short,next_close,1182,8.888174374804983,-0.06959698904511086,0.4906937394247039
doji_day,False,short,next_close,1943,7.484162567392178,-0.2487915074862841,0.47761194029850745
close_area,high_area,short,next_close,857,6.843755814449254,0.6698455667586024,0.5297549591598599
prev_2_days_bearish,False,short,next_close,1843,6.342799421310106,-0.11294779938588956,0.48670645686380903
volume_bucket,shrinking_volume,short,next_close,1573,6.266244713883547,-0.36129091360915905,0.47043865225683407
big_bear_day,False,short,next_close,2217,5.947382841705619,-0.1441619585687376,0.4848894903022102
prev_3_days_bullish,False,short,next_close,2101,5.683924995807437,-0.23944519621109234,0.47786768205616376
breakout_type,no_breakout,short,next_close,2050,5.273225209889081,-0.19883675041813892,0.48
phase2_simple_setup,bull__long_lower_bull__low_area__shrinking_volume,short,next_close,51,5.009460696088753,-2.066520523574174,0.47058823529411764
prev_3_days_bearish,False,short,next_close,2126,4.923615341659663,-0.1441619585687376,0.48447789275634995
break_prev_23h_high,False,short,next_close,2201,4.844440312719097,-0.24771863117871273,0.47660154475238525
break_prev_23h_low,False,short,next_close,2222,4.641966872920853,-0.14588792071603976,0.4846984698469847
failed_down_breakout,False,short,next_close,2300,4.489200853017212,-0.14588792071603976,0.48434782608695653
failed_up_breakout,False,short,next_close,2282,4.461291771441671,-0.23661757527449764,0.47808939526730937
changed_bear_to_bull,False,short,next_close,2318,4.433972054370017,-0.19964200477326277,0.48058671268334774
changed_bull_to_bear,False,short,next_close,2314,4.366901339802445,-0.24296048356811406,0.4788245462402766
overall,all,short,next_close,2373,4.284974337192668,-0.19515620069422462,0.4812473662031184
phase2_core_setup,sideways__kept_bull__long_upper_bull__high_area__no_breakout,short,next_close,33,3.196424523061573,2.8932739059967005,0.6666666666666666
trend_regime,uptrend,short,next_close,940,2.419600974764144,-0.32889713679746324,0.46808510638297873
phase2_simple_setup,bear__long_lower_bear__middle_area__shrinking_volume,short,next_close,94,1.620504856643215,-0.9371892105783663,0.4148936170212766
phase2_simple_setup,bear__long_upper_bear__high_area__normal_volume,short,stop_or_close,35,1.6011659876275055,-1.05,0.2
phase2_simple_setup,bull__true_strong_bull__high_area__shrinking_volume,short,breakeven_after_1r,67,1.261689392489523,-1.05,0.05970149253731343
phase2_simple_setup,bull__long_lower_bull__high_area__shrinking_volume,short,stop_or_close,78,1.232180509272717,-1.05,0.02564102564102564
changed_bull_to_bear,True,short,next_close,59,1.096764201734327,0.8243914313534434,0.576271186440678
last_hour_change_type,changed_bull_to_bear,short,next_close,59,1.096764201734327,0.8243914313534434,0.576271186440678
phase2_simple_setup,bull__true_strong_bull__high_area__shrinking_volume,short,stop_or_close,67,1.0712132020133323,-1.05,0.05970149253731343
phase2_simple_setup,bear__long_upper_bear__high_area__normal_volume,short,next_close,35,1.0654488083513955,0.2514293006636221,0.5142857142857142
phase2_simple_setup,bear__long_upper_bear__low_area__shrinking_volume,short,next_close,72,1.0639502322795051,-0.24089147286822954,0.4722222222222222
phase2_simple_setup,bear__long_lower_bear__low_area__normal_volume,short,stop_or_close,37,1.001770747230672,-1.05,0.13513513513513514
phase2_simple_setup,bear__true_weak_bear__low_area__normal_volume,short,breakeven_after_1r,35,0.9694002395451845,-0.05,0.2571428571428571
volume_bucket,normal_volume,short,next_close,530,0.9591967169099737,-0.07210526315787942,0.49056603773584906
phase2_core_setup,sideways__kept_bull__long_upper_bull__high_area__no_breakout,short,stop_or_close,33,0.9253069698606456,-1.05,0.21212121212121213
phase2_simple_setup,bear__long_upper_bear__high_area__normal_volume,short,half_1r_hold,35,0.8470115652423241,-0.05,0.2
phase2_simple_setup,bull__true_strong_bull__high_area__normal_volume,short,next_close,46,0.7876407916078444,-5.584722222222286,0.43478260869565216
phase2_simple_setup,bear__long_lower_bear__low_area__normal_volume,short,breakeven_after_1r,37,0.7715775558166877,-1.05,0.05405405405405406
phase2_simple_setup,bear__true_weak_bear__low_area__normal_volume,short,stop_or_close,35,0.7249224133638881,-1.05,0.2857142857142857
phase2_core_setup,sideways__kept_bull__long_upper_bear__high_area__no_breakout,short,next_close,33,0.5910707525929073,0.13707149853083384,0.5151515151515151
phase2_core_setup,sideways__kept_bull__long_upper_bull__high_area__no_breakout,short,breakeven_after_1r,33,0.588809523525643,-1.05,0.09090909090909091
phase2_simple_setup,bear__long_upper_bear__high_area__shrinking_volume,short,stop_or_close,68,0.5574214297685166,-1.05,0.27941176470588236
phase2_core_setup,uptrend__kept_bull__long_upper_bear__high_area__no_breakout,short,stop_or_close,41,0.5549007583115763,-1.05,0.2926829268292683
phase2_simple_setup,bear__true_weak_bear__low_area__normal_volume,short,next_close,35,0.5343913734374551,-0.34352307487697387,0.42857142857142855
last_hour_wick_type,long_upper_bear,short,next_close,362,0.5122362832337761,0.14329962175657202,0.5165745856353591
phase2_simple_setup,bull__long_upper_bull__low_area__shrinking_volume,short,next_close,63,0.49701763830634493,0.6903065825067971,0.5396825396825397
phase2_simple_setup,bear__long_upper_bear__high_area__shrinking_volume,short,next_close,68,0.48233940499939576,0.9951697264033943,0.5882352941176471
phase2_simple_setup,bear__long_upper_bear__high_area__shrinking_volume,short,breakeven_after_1r,68,0.46516908619310143,-0.05,0.17647058823529413
phase2_simple_setup,bull__long_lower_bull__low_area__shrinking_volume,short,breakeven_after_1r,51,0.45361373536944055,-1.05,0.058823529411764705
doji_day,True,short,stop_or_close,430,0.44726249321564826,-1.05,0.11627906976744186
changed_bull_to_bear,True,short,breakeven_after_1r,59,0.4460869152168116,-0.05,0.1864406779661017
last_hour_change_type,changed_bull_to_bear,short,breakeven_after_1r,59,0.4460869152168116,-0.05,0.1864406779661017
phase2_core_setup,uptrend__kept_bull__long_upper_bear__high_area__no_breakout,short,half_1r_hold,41,0.41098696452164185,-0.05,0.2926829268292683
phase2_simple_setup,bear__long_upper_bear__high_area__shrinking_volume,short,fixed_2r,68,0.40588235294117636,-1.05,0.4852941176470588
changed_bull_to_bear,True,short,stop_or_close,59,0.40307000830514755,-1.05,0.2711864406779661
last_hour_change_type,changed_bull_to_bear,short,stop_or_close,59,0.40307000830514755,-1.05,0.2711864406779661
phase2_core_setup,sideways__kept_bull__long_upper_bull__high_area__no_breakout,short,half_1r_hold,33,0.3921989394757774,-1.05,0.21212121212121213
phase2_simple_setup,bear__true_weak_bear__low_area__normal_volume,short,half_1r_hold,35,0.38031834953908694,-0.05,0.2857142857142857
volume_bucket,high_volume,short,stop_or_close,160,0.3685663831934793,-1.05,0.1875
phase2_simple_setup,bear__long_upper_bear__high_area__shrinking_volume,short,half_1r_hold,68,0.35665189135484654,-0.05,0.27941176470588236
recent_3day_bias,two_bearish,short,stop_or_close,283,0.35596079927622964,-1.05,0.0989399293286219
phase2_core_setup,uptrend__kept_bull__long_upper_bear__high_area__no_breakout,short,fixed_2r,41,0.34024390243902436,-1.05,0.4634146341463415
phase2_simple_setup,bull__long_lower_bull__high_area__shrinking_volume,short,half_1r_hold,78,0.33109025463635844,-1.05,0.02564102564102564
breakout_type,confirmed_down_breakout,short,breakeven_after_1r,78,0.32074357047459884,-0.05,0.2564102564102564
phase2_core_setup,uptrend__kept_bull__long_lower_bear__high_area__no_breakout,short,fixed_2r,42,0.3071428571428571,-1.05,0.4523809523809524
phase2_simple_setup,bull__long_lower_bull__low_area__shrinking_volume,short,stop_or_close,51,0.2936137353694406,-1.05,0.058823529411764705
volume_bucket,high_volume,short,breakeven_after_1r,160,0.2910298974163861,-1.05,0.1125
breakout_type,confirmed_down_breakout,short,stop_or_close,78,0.27941601329106014,-1.05,0.3333333333333333
phase2_simple_setup,bear__long_lower_bear__low_area__normal_volume,short,half_1r_hold,37,0.27318267091263293,-1.05,0.13513513513513514
phase2_core_setup,uptrend__kept_bull__long_lower_bull__high_area__no_breakout,short,breakeven_after_1r,50,0.271544314499057,-1.05,0.02
phase2_simple_setup,bear__long_lower_bear__high_area__shrinking_volume,short,next_close,68,0.2710916320691374,0.06889030059815052,0.5147058823529411
phase2_core_setup,uptrend__kept_bull__long_upper_bear__high_area__no_breakout,short,fixed_1r,41,0.2670731707317073,0.95,0.6585365853658537
phase2_simple_setup,bull__true_strong_bull__high_area__shrinking_volume,short,half_1r_hold,67,0.26457485497491995,-1.05,0.05970149253731343
phase2_simple_setup,bull__long_upper_bull__middle_area__shrinking_volume,short,breakeven_after_1r,128,0.2503765053871013,-1.05,0.0625
phase2_core_setup,uptrend__kept_bull__long_upper_bear__high_area__no_breakout,short,breakeven_after_1r,41,0.2285870453386731,-0.05,0.12195121951219512
phase2_core_setup,sideways__kept_bull__long_upper_bear__high_area__no_breakout,short,fixed_2r,33,0.2227272727272727,-1.05,0.42424242424242425
last_hour_wick_type,long_upper_bear,short,stop_or_close,362,0.21039547524167004,-1.05,0.17403314917127072
changed_bull_to_bear,True,short,half_1r_hold,59,0.1983026781044025,-0.05,0.288135593220339
last_hour_change_type,changed_bull_to_bear,short,half_1r_hold,59,0.1983026781044025,-0.05,0.288135593220339
phase2_simple_setup,bear__long_lower_bear__middle_area__normal_volume,short,breakeven_after_1r,35,0.18969181042579822,-1.05,0.05714285714285714
breakout_type,confirmed_down_breakout,short,next_close,78,0.17258152138102614,-0.1809780414888782,0.47435897435897434
doji_day,True,short,breakeven_after_1r,430,0.15966050093307138,-1.05,0.08372093023255814
break_prev_23h_low,True,short,stop_or_close,151,0.15604020117809472,-1.05,0.2185430463576159
phase2_simple_setup,bear__long_upper_bear__high_area__shrinking_volume,short,fixed_1r,68,0.1558823529411764,0.95,0.6029411764705882
volume_bucket,huge_volume,short,breakeven_after_1r,110,0.14661233927919937,-1.05,0.2
volume_bucket,huge_volume,short,stop_or_close,110,0.14311798903696493,-1.05,0.2727272727272727
prev_2_days_bearish,True,short,stop_or_close,530,0.14165900984196783,-1.05,0.10377358490566038
phase2_simple_setup,bear__long_lower_bear__high_area__shrinking_volume,short,fixed_2r,68,0.1411764705882352,-1.05,0.39705882352941174
phase2_core_setup,uptrend__kept_bear__long_upper_bull__middle_area__no_breakout,short,breakeven_after_1r,37,0.1403201421729087,-1.05,0.05405405405405406
breakout_type,confirmed_down_breakout,short,half_1r_hold,78,0.13044904225615694,-0.05,0.358974358974359
break_prev_23h_low,True,short,breakeven_after_1r,151,0.129446632543008,-1.05,0.152317880794702
phase2_simple_setup,bull__long_upper_bull__middle_area__shrinking_volume,short,stop_or_close,128,0.12348252682127175,-1.05,0.09375
trend_regime,downtrend,short,stop_or_close,698,0.11028900524895102,-1.05,0.10888252148997135
phase2_simple_setup,bear__long_lower_bear__middle_area__shrinking_volume,short,breakeven_after_1r,94,0.10718819723405454,-1.05,0.0425531914893617
phase2_core_setup,sideways__kept_bull__long_upper_bear__high_area__no_breakout,short,fixed_1r,33,0.10151515151515147,0.95,0.5757575757575758
phase2_core_setup,uptrend__kept_bear__long_upper_bear__middle_area__no_breakout,short,breakeven_after_1r,35,0.09814443711641056,-1.05,0.05714285714285714
volume_bucket,high_volume,short,half_1r_hold,160,0.09407828043348114,-1.05,0.19375
phase2_simple_setup,bear__normal_bear__high_area__shrinking_volume,short,next_close,31,0.09373123026086565,-0.24986438379385545,0.4838709677419355
phase2_simple_setup,bear__long_upper_bear__high_area__normal_volume,short,fixed_1r,35,0.09285714285714283,0.95,0.5714285714285714
phase2_simple_setup,bear__long_lower_bear__middle_area__shrinking_volume,short,stop_or_close,94,0.08786477487751551,-1.05,0.09574468085106383
breakout_type,confirmed_down_breakout,short,fixed_2r,78,0.08563122765539342,-1.05,0.41025641025641024
last_hour_wick_type,long_upper_bear,short,half_1r_hold,362,0.08176462771442246,-0.05,0.17679558011049723
phase2_core_setup,uptrend__kept_bull__long_lower_bull__high_area__no_breakout,short,stop_or_close,50,0.0800549527969295,-1.05,0.02
last_hour_wick_type,long_lower_bull,short,stop_or_close,304,0.07927164646033567,-1.05,0.029605263157894735
doji_day,True,short,half_1r_hold,430,0.06811169479445532,-1.05,0.1186046511627907
phase2_simple_setup,bull__normal_bull__middle_area__shrinking_volume,short,breakeven_after_1r,51,0.06658784599360117,-1.05,0.058823529411764705
volume_bucket,huge_volume,short,fixed_2r,110,0.06513465050024783,-1.05,0.38181818181818183
phase2_simple_setup,bear__long_upper_bear__high_area__normal_volume,short,fixed_2r,35,0.06428571428571427,-1.05,0.37142857142857144
phase2_simple_setup,bear__long_upper_bear__low_area__shrinking_volume,short,breakeven_after_1r,72,0.06166952975126369,-1.05,0.041666666666666664
phase2_core_setup,uptrend__kept_bull__true_strong_bull__high_area__no_breakout,short,breakeven_after_1r,40,0.058310626703065575,-1.05,0.025
last_hour_wick_type,long_lower_bear,short,breakeven_after_1r,365,0.04852085799638692,-1.05,0.0547945205479452
close_area,high_area,short,stop_or_close,857,0.04768414392919811,-1.05,0.10968494749124855
recent_3day_bias,two_bearish,short,half_1r_hold,283,0.04025112138614823,-1.05,0.10600706713780919
phase2_simple_setup,bear__true_weak_bear__low_area__normal_volume,short,fixed_1r,35,0.035714285714285685,0.95,0.5428571428571428
recent_3day_bias,two_bearish,short,breakeven_after_1r,283,0.032769971367855935,-1.05,0.07420494699646643
last_hour_wick_type,long_upper_bear,short,breakeven_after_1r,362,0.032169119847293356,-0.05,0.09116022099447514
last_hour_wick_type,long_upper_bear,short,fixed_2r,362,0.025205342622899307,-1.05,0.36464088397790057
failed_down_breakout,True,short,stop_or_close,73,0.02421399097520005,-1.05,0.0958904109589041
breakout_type,failed_down_breakout,short,stop_or_close,73,0.02421399097520005,-1.05,0.0958904109589041
close_area,low_area,short,breakeven_after_1r,657,0.020058519729563462,-1.05,0.0806697108066971
volume_bucket,huge_volume,short,half_1r_hold,110,0.010186219405348742,-1.05,0.2909090909090909
temp_day_color_7h,bull,short,breakeven_after_1r,1218,0.008478416267498049,-1.05,0.07389162561576355
signal_color,bear,short,breakeven_after_1r,1187,0.008014052699931053,-1.05,0.09098567818028644
prev_2_days_bearish,True,short,breakeven_after_1r,530,0.0004701326763463781,-1.05,0.0660377358490566
last_hour_wick_type,long_lower_bear,short,stop_or_close,365,-0.004158828427082449,-1.05,0.10410958904109589
prev_3_days_bullish,True,short,fixed_2r,272,-0.004372995912733996,-1.05,0.3492647058823529
recent_3day_bias,three_bullish,short,fixed_2r,272,-0.004372995912733996,-1.05,0.3492647058823529
temp_day_color_7h,bull,short,stop_or_close,1218,-0.004679180503936856,-1.05,0.1206896551724138
last_hour_wick_type,normal_bear,short,breakeven_after_1r,208,-0.005256952544150868,-1.05,0.11538461538461539
prev_3_days_bullish,True,short,breakeven_after_1r,272,-0.00619209682061751,-1.05,0.08823529411764706
recent_3day_bias,three_bullish,short,breakeven_after_1r,272,-0.00619209682061751,-1.05,0.08823529411764706
changed_bull_to_bear,True,short,fixed_1r,59,-0.006464652096342648,0.95,0.5254237288135594
last_hour_change_type,changed_bull_to_bear,short,fixed_1r,59,-0.006464652096342648,0.95,0.5254237288135594
phase2_simple_setup,bull__long_lower_bull__middle_area__shrinking_volume,short,stop_or_close,94,-0.008341640199195323,-1.05,0.0425531914893617
trend_regime,sideways,short,stop_or_close,735,-0.010987578159840692,-1.05,0.11700680272108843
prev_2_days_bullish,False,short,stop_or_close,1789,-0.014004131762561451,-1.05,0.10061486864169927
last_hour_change_type,kept_bull,short,breakeven_after_1r,1159,-0.014031523957444843,-1.05,0.06816220880069025
breakout_type,confirmed_down_breakout,short,fixed_1r,78,-0.018517928778746386,0.7342927631578924,0.5128205128205128
phase2_simple_setup,bear__long_lower_bear__high_area__shrinking_volume,short,fixed_1r,68,-0.020588235294117692,0.95,0.5147058823529411
signal_color,bear,short,stop_or_close,1187,-0.02105139342706828,-1.05,0.15080033698399326
volume_bucket,normal_volume,short,stop_or_close,530,-0.025094986373576662,-1.05,0.12452830188679245
last_hour_change_type,kept_bull,short,stop_or_close,1159,-0.025653201549914132,-1.05,0.11302847282139776
phase2_simple_setup,bull__long_lower_bull__middle_area__shrinking_volume,short,breakeven_after_1r,94,-0.02649123254233606,-1.05,0.031914893617021274
prev_2_days_bullish,True,short,fixed_2r,584,-0.03214655518414909,-1.05,0.3373287671232877
phase2_simple_setup,bull__long_upper_bull__middle_area__shrinking_volume,short,half_1r_hold,128,-0.03357123658936408,-1.05,0.09375
prev_day_color,bull,short,breakeven_after_1r,1214,-0.03414341333820503,-1.05,0.06836902800658978
prev_3_days_bearish,True,short,breakeven_after_1r,247,-0.03655651167733508,-1.05,0.05668016194331984
recent_3day_bias,three_bearish,short,breakeven_after_1r,247,-0.03655651167733508,-1.05,0.05668016194331984
long_wick_day,True,short,stop_or_close,1212,-0.040540800668334945,-1.05,0.10231023102310231
big_bear_day,False,short,stop_or_close,2217,-0.044589399855064396,-1.05,0.10554803788903924
prev_3_days_bullish,False,short,stop_or_close,2101,-0.04564719080623843,-1.05,0.10376011423131842
break_prev_23h_high,False,short,stop_or_close,2201,-0.04590295280844019,-1.05,0.10313493866424353
trend_regime,uptrend,short,breakeven_after_1r,940,-0.04603303731162787,-1.05,0.06595744680851064
last_hour_wick_type,long_upper_bear,short,fixed_1r,362,-0.046866219812825155,0.5172142138786494,0.5027624309392266
close_area,low_area,short,stop_or_close,657,-0.04702693180875298,-1.05,0.1156773211567732
prev_2_days_bullish,False,short,breakeven_after_1r,1789,-0.04719926423691849,-1.05,0.06484069312465064
break_prev_23h_high,False,short,breakeven_after_1r,2201,-0.04726310088143606,-1.05,0.06406179009541117
changed_bear_to_bull,False,short,stop_or_close,2318,-0.04790865022125321,-1.05,0.10612597066436583
break_prev_23h_low,True,short,half_1r_hold,151,-0.04812029161208582,-1.05,0.23178807947019867
long_wick_day,False,short,breakeven_after_1r,1161,-0.04876115985514551,-1.05,0.07062876830318691
phase2_core_setup,uptrend__kept_bull__long_lower_bear__high_area__no_breakout,short,fixed_1r,42,-0.050000000000000044,-0.050000000000000044,0.5
phase2_core_setup,sideways__kept_bull__long_upper_bull__high_area__no_breakout,short,fixed_2r,33,-0.050000000000000044,-1.05,0.3333333333333333
big_bull_day,False,short,stop_or_close,2134,-0.050399617573627944,-1.05,0.10356138706654171
failed_up_breakout,False,short,stop_or_close,2282,-0.0516924339078959,-1.05,0.10429447852760736
changed_bear_to_bull,False,short,breakeven_after_1r,2318,-0.05342349696791947,-1.05,0.06600517687661778
prev_day_color,bull,short,stop_or_close,1214,-0.053623266585532556,-1.05,0.11202635914332784
recent_3day_bias,two_bullish,short,fixed_2r,312,-0.0564935064935065,-1.05,0.3269230769230769
prev_3_days_bearish,False,short,stop_or_close,2126,-0.0567236306075102,-1.05,0.10536218250235184
failed_up_breakout,False,short,breakeven_after_1r,2282,-0.05828668697509908,-1.05,0.06485539000876424
big_bull_day,False,short,breakeven_after_1r,2134,-0.058952195598410806,-1.05,0.06607310215557638
trend_regime,sideways,short,breakeven_after_1r,735,-0.05951242269371613,-1.05,0.06938775510204082
breakout_type,no_breakout,short,breakeven_after_1r,2050,-0.060394582056185656,-1.05,0.0575609756097561
breakout_type,no_breakout,short,stop_or_close,2050,-0.06090955529464438,-1.05,0.09463414634146342
overall,all,short,stop_or_close,2373,-0.061662473524661025,-1.05,0.10577328276443321
big_bear_day,False,short,breakeven_after_1r,2217,-0.06192375987536232,-1.05,0.06495263870094722
failed_down_breakout,False,short,breakeven_after_1r,2300,-0.062387375539068035,-1.05,0.06695652173913043
overall,all,short,breakeven_after_1r,2373,-0.06277687811599904,-1.05,0.06616097766540244
failed_down_breakout,False,short,stop_or_close,2300,-0.06440961721812719,-1.05,0.10608695652173913
prev_3_days_bearish,False,short,breakeven_after_1r,2126,-0.06583529923686737,-1.05,0.06726246472248354
recent_3day_bias,mixed,short,breakeven_after_1r,1259,-0.06735093883275824,-1.05,0.06433677521842732
prev_day_color,bear,short,stop_or_close,1159,-0.07002910050377141,-1.05,0.0992234685073339
prev_3_days_bullish,False,short,breakeven_after_1r,2101,-0.07010440375137218,-1.05,0.06330318895763921
changed_bull_to_bear,False,short,stop_or_close,2314,-0.07360464095844094,-1.05,0.10155574762316336
last_hour_wick_type,normal_bear,short,fixed_2r,208,-0.0737143062685169,-1.05,0.33653846153846156
last_hour_wick_type,true_weak_bear,short,breakeven_after_1r,252,-0.07440161852936458,-1.05,0.12301587301587301
big_bear_day,True,short,breakeven_after_1r,156,-0.07480256408497424,-1.05,0.08333333333333333
failed_down_breakout,True,short,breakeven_after_1r,73,-0.07495283538389745,-1.05,0.0410958904109589
breakout_type,failed_down_breakout,short,breakeven_after_1r,73,-0.07495283538389745,-1.05,0.0410958904109589
signal_color,bear,short,fixed_2r,1187,-0.07567671331133993,-1.05,0.32940185341196293
changed_bull_to_bear,False,short,breakeven_after_1r,2314,-0.07585308186453378,-1.05,0.06309420916162489
break_prev_23h_low,False,short,breakeven_after_1r,2222,-0.07594645620561341,-1.05,0.06030603060306031
close_area,middle_area,short,breakeven_after_1r,859,-0.07605903308188816,-1.05,0.05355064027939464
long_wick_day,True,short,breakeven_after_1r,1212,-0.0762212401415931,-1.05,0.06188118811881188
break_prev_23h_low,False,short,stop_or_close,2222,-0.07657767492217284,-1.05,0.09810981098109811
signal_color,bear,short,half_1r_hold,1187,-0.07966703396206455,-1.05,0.15754001684919966
recent_3day_bias,mixed,short,stop_or_close,1259,-0.07980888658016866,-1.05,0.09928514694201747
prev_2_days_bearish,False,short,breakeven_after_1r,1843,-0.08105516038111045,-1.05,0.06619641888225719
volume_bucket,normal_volume,short,breakeven_after_1r,530,-0.08178950267578523,-1.05,0.08113207547169811
long_wick_day,False,short,stop_or_close,1161,-0.08368177168017189,-1.05,0.10938845822566753
phase2_simple_setup,bull__long_upper_bull__high_area__shrinking_volume,short,fixed_2r,118,-0.08389830508474579,-1.05,0.3220338983050847
phase2_simple_setup,bull__long_upper_bull__high_area__shrinking_volume,short,next_close,118,-0.08627282711564954,1.7916289207325022,0.576271186440678
last_hour_wick_type,long_upper_bull,short,breakeven_after_1r,437,-0.0872417855985077,-1.05,0.05491990846681922
phase2_simple_setup,bear__long_lower_bear__middle_area__shrinking_volume,short,half_1r_hold,94,-0.08745059128464641,-1.05,0.09574468085106383
phase2_simple_setup,bear__normal_bear__low_area__shrinking_volume,short,breakeven_after_1r,47,-0.0884775174463553,-1.05,0.06382978723404255
trend_regime,downtrend,short,breakeven_after_1r,698,-0.08854998237681418,-1.05,0.06303724928366762
phase2_simple_setup,bull__long_upper_bull__middle_area__shrinking_volume,short,fixed_2r,128,-0.08906249999999999,-1.05,0.3203125
phase2_simple_setup,bull__normal_bull__middle_area__shrinking_volume,short,stop_or_close,51,-0.09027489910443803,-1.05,0.058823529411764705
prev_2_days_bearish,True,short,half_1r_hold,530,-0.09054428997275979,-1.05,0.10754716981132076
trend_regime,downtrend,short,half_1r_hold,698,-0.09198193415713361,-1.05,0.11318051575931232
prev_day_color,bear,short,breakeven_after_1r,1159,-0.09257652386827858,-1.05,0.0638481449525453
last_hour_change_type,kept_bear,short,stop_or_close,1100,-0.09552028536196884,-1.05,0.09
big_bull_day,True,short,breakeven_after_1r,239,-0.09679726840900031,-1.05,0.06694560669456066
last_hour_change_type,kept_bull,short,fixed_2r,1159,-0.09721348369751218,-1.05,0.3157894736842105
temp_day_color_7h,bull,short,fixed_2r,1218,-0.09729915388825518,-1.05,0.3160919540229885
changed_bull_to_bear,True,short,fixed_2r,59,-0.09896464047778475,-1.05,0.3220338983050847
last_hour_change_type,changed_bull_to_bear,short,fixed_2r,59,-0.09896464047778475,-1.05,0.3220338983050847
prev_day_color,bull,short,fixed_2r,1214,-0.10008648276523434,-1.05,0.31466227347611203
failed_up_breakout,True,short,next_close,91,-0.1016484225848627,0.30159273593330765,0.5604395604395604
breakout_type,failed_up_breakout,short,next_close,91,-0.1016484225848627,0.30159273593330765,0.5604395604395604
phase2_simple_setup,bear__long_upper_bear__middle_area__shrinking_volume,short,next_close,119,-0.10273729453647143,-0.20033095723014888,0.47058823529411764
prev_3_days_bearish,True,short,stop_or_close,247,-0.10400401707047852,-1.05,0.10931174089068826
recent_3day_bias,three_bearish,short,stop_or_close,247,-0.10400401707047852,-1.05,0.10931174089068826
volume_bucket,shrinking_volume,short,breakeven_after_1r,1573,-0.10746381319664486,-1.05,0.04704386522568341
phase2_core_setup,uptrend__kept_bull__true_strong_bull__high_area__no_breakout,short,stop_or_close,40,-0.10835603996360109,-1.05,0.025
phase2_simple_setup,bear__long_upper_bear__middle_area__shrinking_volume,short,fixed_1r,119,-0.10882352941176474,-1.05,0.47058823529411764
last_hour_wick_type,true_strong_bull,short,breakeven_after_1r,239,-0.10997701771595829,-1.05,0.03347280334728033
prev_2_days_bullish,True,short,breakeven_after_1r,584,-0.11066860798299939,-1.05,0.0702054794520548
close_area,high_area,short,half_1r_hold,857,-0.11108700604958524,-1.05,0.10968494749124855
doji_day,False,short,breakeven_after_1r,1943,-0.1117592025179965,-1.05,0.06227483273288729
close_area,high_area,short,breakeven_after_1r,857,-0.11361652681669128,-1.05,0.0676779463243874
phase2_simple_setup,bull__long_lower_bull__high_area__shrinking_volume,short,breakeven_after_1r,78,-0.11516556291392412,-1.05,0.01282051282051282
temp_day_color_7h,bull,short,half_1r_hold,1218,-0.11551477709150126,-1.05,0.12397372742200329
phase2_core_setup,uptrend__kept_bear__long_lower_bull__middle_area__no_breakout,short,breakeven_after_1r,30,-0.1155690097097148,-1.05,0.03333333333333333
close_area,high_area,short,fixed_2r,857,-0.11665777727302111,-1.05,0.3080513418903151
last_hour_wick_type,long_lower_bear,short,fixed_2r,365,-0.11674219438604704,-1.05,0.3095890410958904
phase2_simple_setup,bear__long_upper_bear__low_area__shrinking_volume,short,fixed_2r,72,-0.11715751896474795,-1.05,0.3194444444444444
phase2_simple_setup,bear__long_upper_bear__middle_area__shrinking_volume,short,fixed_2r,119,-0.11722689075630258,-1.05,0.31092436974789917
last_hour_wick_type,long_lower_bear,short,half_1r_hold,365,-0.11886023613134947,-1.05,0.1095890410958904
phase2_simple_setup,bull__normal_bull__high_area__shrinking_volume,short,fixed_2r,59,-0.11896551724137933,-1.05,0.3050847457627119
phase2_core_setup,uptrend__kept_bull__normal_bull__high_area__no_breakout,short,fixed_2r,30,-0.11896551724137938,-1.05,0.3
phase2_core_setup,downtrend__kept_bull__long_upper_bull__high_area__no_breakout,short,fixed_1r,43,-0.1197674418604651,-1.05,0.46511627906976744
prev_2_days_bearish,False,short,stop_or_close,1843,-0.12042204835639626,-1.05,0.10634834508952794
last_hour_wick_type,long_upper_bull,short,fixed_2r,437,-0.1211122367714436,-1.05,0.30892448512585813
temp_day_color_7h,bear,short,stop_or_close,1155,-0.12147261397983371,-1.05,0.09004329004329005
last_hour_change_type,kept_bear,short,breakeven_after_1r,1100,-0.12160039866829714,-1.05,0.057272727272727274
phase2_core_setup,uptrend__kept_bull__long_lower_bear__middle_area__no_breakout,short,breakeven_after_1r,41,-0.12270615563298543,-1.05,0.024390243902439025
volume_bucket,huge_volume,short,fixed_1r,110,-0.12274555022626768,-1.05,0.45454545454545453
phase2_simple_setup,bear__long_lower_bear__middle_area__shrinking_volume,short,fixed_2r,94,-0.124468085106383,-1.05,0.30851063829787234
trend_regime,sideways,short,fixed_2r,735,-0.12454666465781077,-1.05,0.308843537414966
volume_bucket,high_volume,short,fixed_2r,160,-0.12478044918748903,-1.05,0.325
last_hour_wick_type,true_weak_bear,short,fixed_1r,252,-0.12677242111769574,-1.05,0.4603174603174603
phase2_simple_setup,bear__long_lower_bear__middle_area__normal_volume,short,stop_or_close,35,-0.12819877277377337,-1.05,0.05714285714285714
phase2_core_setup,uptrend__kept_bear__long_upper_bull__middle_area__no_breakout,short,stop_or_close,37,-0.12995012809736164,-1.05,0.05405405405405406
signal_color,bull,short,stop_or_close,1182,-0.130009853074515,-1.05,0.06006768189509306
phase2_simple_setup,bull__long_upper_bull__low_area__shrinking_volume,short,breakeven_after_1r,63,-0.1313462311294755,-1.05,0.047619047619047616
last_hour_change_type,kept_bull,short,half_1r_hold,1159,-0.13165708734133416,-1.05,0.11561691113028473
phase2_core_setup,uptrend__kept_bull__long_lower_bear__high_area__no_breakout,short,half_1r_hold,42,-0.1317703757931259,-0.55,0.11904761904761904
volume_bucket,shrinking_volume,short,stop_or_close,1573,-0.13267244379764112,-1.05,0.07946598855689765
volume_bucket,normal_volume,short,half_1r_hold,530,-0.13337292013175983,-1.05,0.13018867924528302
phase2_core_setup,uptrend__kept_bear__long_upper_bear__middle_area__no_breakout,short,fixed_1r,35,-0.13571428571428573,-1.05,0.45714285714285713
trend_regime,sideways,short,half_1r_hold,735,-0.13595855315067423,-1.05,0.11972789115646258
temp_day_color_7h,bear,short,breakeven_after_1r,1155,-0.13756703044541374,-1.05,0.05800865800865801
signal_color,bear,short,fixed_1r,1187,-0.13828267449706091,-1.05,0.45577085088458297
recent_3day_bias,two_bearish,short,fixed_2r,283,-0.1391874500668219,-1.05,0.303886925795053
phase2_core_setup,sideways__kept_bull__long_upper_bull__high_area__no_breakout,short,fixed_1r,33,-0.14090909090909096,-1.05,0.45454545454545453
phase2_core_setup,downtrend__kept_bull__long_upper_bull__high_area__no_breakout,short,fixed_2r,43,-0.14302325581395348,-1.05,0.3023255813953488
last_hour_wick_type,normal_bear,short,fixed_1r,208,-0.14413131218321756,-1.05,0.4519230769230769
volume_bucket,normal_volume,short,fixed_2r,530,-0.14877221132803556,-1.05,0.3
prev_day_color,bull,short,half_1r_hold,1214,-0.15058229781535953,-1.05,0.11449752883031301
phase2_core_setup,sideways__kept_bull__long_upper_bear__high_area__no_breakout,short,half_1r_hold,33,-0.1544515078880869,-0.05,0.18181818181818182
last_hour_wick_type,normal_bull,short,stop_or_close,202,-0.15604064253911837,-1.05,0.0594059405940594
phase2_simple_setup,bear__long_lower_bear__low_area__normal_volume,short,fixed_2r,37,-0.15810810810810816,-1.05,0.2972972972972973
phase2_simple_setup,bull__long_lower_bull__low_area__shrinking_volume,short,half_1r_hold,51,-0.15819313231527998,-1.05,0.058823529411764705
prev_3_days_bearish,False,short,fixed_2r,2126,-0.15824445250381,-1.05,0.29680150517403575
prev_2_days_bullish,False,short,half_1r_hold,1789,-0.15851316490037548,-1.05,0.10508664058133035
close_area,middle_area,short,fixed_2r,859,-0.15962611205122892,-1.05,0.2956926658905704
last_hour_wick_type,true_strong_bull,short,stop_or_close,239,-0.16012851163993055,-1.05,0.04184100418410042
changed_bear_to_bull,True,short,fixed_2r,55,-0.1611111111111111,-1.05,0.2909090909090909
last_hour_change_type,changed_bear_to_bull,short,fixed_2r,55,-0.1611111111111111,-1.05,0.2909090909090909
phase2_simple_setup,bear__normal_bear__middle_area__shrinking_volume,short,fixed_1r,54,-0.16111111111111112,-1.05,0.4444444444444444
breakout_type,confirmed_up_breakout,short,fixed_2r,81,-0.16111111111111118,-1.05,0.2962962962962963
phase2_simple_setup,bear__normal_bear__middle_area__shrinking_volume,short,fixed_2r,54,-0.16111111111111118,-1.05,0.2962962962962963
prev_2_days_bearish,False,short,fixed_2r,1843,-0.16118592742840263,-1.05,0.29571351058057516
big_bull_day,True,short,stop_or_close,239,-0.1618451039798587,-1.05,0.12552301255230125
long_wick_day,False,short,fixed_2r,1161,-0.16231192919529608,-1.05,0.2962962962962963
last_hour_wick_type,true_weak_bear,short,fixed_2r,252,-0.16273458760036272,-1.05,0.30158730158730157
signal_color,bull,short,breakeven_after_1r,1182,-0.1627633817389043,-1.05,0.04060913705583756
changed_bear_to_bull,False,short,half_1r_hold,2318,-0.1640928696775827,-1.05,0.1095772217428818
failed_down_breakout,False,short,fixed_2r,2300,-0.16417804827768684,-1.05,0.2952173913043478
phase2_simple_setup,bear__normal_bear__middle_area__shrinking_volume,short,breakeven_after_1r,54,-0.1642138434770364,-1.05,0.05555555555555555
long_wick_day,True,short,half_1r_hold,1212,-0.1642145014329043,-1.05,0.10478547854785479
break_prev_23h_high,False,short,half_1r_hold,2201,-0.16442980861785778,-1.05,0.10676965015901863
big_bear_day,False,short,half_1r_hold,2217,-0.16479233479021385,-1.05,0.10870545782589085
break_prev_23h_high,True,short,fixed_2r,172,-0.16495460478289814,-1.05,0.3023255813953488
prev_3_days_bearish,False,short,half_1r_hold,2126,-0.16512951744302676,-1.05,0.10912511759172154
big_bear_day,True,short,fixed_2r,156,-0.16529867041432694,-1.05,0.30128205128205127
break_prev_23h_low,True,short,fixed_2r,151,-0.16536929962171734,-1.05,0.31125827814569534
big_bull_day,False,short,half_1r_hold,2134,-0.16746150398901183,-1.05,0.10731021555763824
phase2_core_setup,uptrend__kept_bull__long_upper_bull__high_area__no_breakout,short,fixed_2r,51,-0.16764705882352945,-1.05,0.29411764705882354
failed_up_breakout,True,short,fixed_2r,91,-0.16837573651273058,-1.05,0.3076923076923077
breakout_type,failed_up_breakout,short,fixed_2r,91,-0.16837573651273058,-1.05,0.3076923076923077
big_bull_day,False,short,fixed_2r,2134,-0.1685395818481646,-1.05,0.29381443298969073
doji_day,False,short,fixed_2r,1943,-0.16856847141923792,-1.05,0.294390118373649
failed_up_breakout,False,short,half_1r_hold,2282,-0.16867846042672666,-1.05,0.10780017528483786
prev_3_days_bullish,False,short,half_1r_hold,2101,-0.16907550089805043,-1.05,0.10756782484531176
phase2_simple_setup,bear__true_weak_bear__high_area__shrinking_volume,short,breakeven_after_1r,39,-0.17014700798816304,-1.05,0.07692307692307693
failed_down_breakout,False,short,half_1r_hold,2300,-0.17089183360843518,-1.05,0.10956521739130434
last_hour_wick_type,normal_bear,short,half_1r_hold,208,-0.1711949500120752,-1.05,0.15865384615384615
overall,all,short,fixed_2r,2373,-0.17252836780028932,-1.05,0.292456805731142
failed_up_breakout,False,short,fixed_2r,2282,-0.1726952801002751,-1.05,0.2918492550394391
changed_bear_to_bull,False,short,fixed_2r,2318,-0.17279630863523748,-1.05,0.2924935289042278
overall,all,short,half_1r_hold,2373,-0.1730005747871993,-1.05,0.10914454277286136
break_prev_23h_low,False,short,fixed_2r,2222,-0.17301884842413887,-1.05,0.2911791179117912
big_bear_day,False,short,fixed_2r,2217,-0.1730412521987478,-1.05,0.2918358141632837
breakout_type,no_breakout,short,half_1r_hold,2050,-0.1730728878835427,-1.05,0.0975609756097561
break_prev_23h_high,False,short,fixed_2r,2201,-0.17312510954971277,-1.05,0.29168559745570194
breakout_type,no_breakout,short,fixed_2r,2050,-0.17370145172448012,-1.05,0.29024390243902437
doji_day,False,short,stop_or_close,1943,-0.17373144288457382,-1.05,0.10344827586206896
phase2_simple_setup,bear__long_upper_bear__middle_area__shrinking_volume,short,half_1r_hold,119,-0.17422587297614703,-1.05,0.11764705882352941
changed_bull_to_bear,False,short,fixed_2r,2314,-0.17441872490483104,-1.05,0.29170267934312877
failed_up_breakout,True,short,breakeven_after_1r,91,-0.17448888628080675,-1.05,0.0989010989010989
breakout_type,failed_up_breakout,short,breakeven_after_1r,91,-0.17448888628080675,-1.05,0.0989010989010989
phase2_core_setup,sideways__kept_bull__long_upper_bear__high_area__no_breakout,short,breakeven_after_1r,33,-0.1757335291460391,-0.05,0.12121212121212122
phase2_core_setup,uptrend__kept_bear__long_upper_bear__middle_area__no_breakout,short,half_1r_hold,35,-0.17598160854912676,-1.05,0.08571428571428572
last_hour_wick_type,long_lower_bull,short,breakeven_after_1r,304,-0.17734722919127072,-1.05,0.023026315789473683
phase2_simple_setup,bear__normal_bear__high_area__shrinking_volume,short,fixed_2r,31,-0.1790322580645163,-1.05,0.2903225806451613
last_hour_wick_type,true_weak_bear,short,half_1r_hold,252,-0.17925011410768793,-1.05,0.1984126984126984
close_area,low_area,short,half_1r_hold,657,-0.17926376959701543,-1.05,0.1202435312024353
volume_bucket,high_volume,short,fixed_1r,160,-0.18040982232651687,-1.05,0.4375
close_area,middle_area,short,stop_or_close,859,-0.18136722584775672,-1.05,0.09429569266589057
break_prev_23h_low,False,short,half_1r_hold,2222,-0.18155634736407866,-1.05,0.10081008100810081
long_wick_day,False,short,half_1r_hold,1161,-0.1821600372085892,-1.05,0.11369509043927649
long_wick_day,True,short,fixed_2r,1212,-0.18232832929076956,-1.05,0.2887788778877888
changed_bull_to_bear,False,short,half_1r_hold,2314,-0.18254190402091203,-1.05,0.10458081244598098
prev_3_days_bullish,True,short,stop_or_close,272,-0.18533604562803546,-1.05,0.1213235294117647
recent_3day_bias,three_bullish,short,stop_or_close,272,-0.18533604562803546,-1.05,0.1213235294117647
trend_regime,downtrend,short,fixed_2r,698,-0.18721124517316007,-1.05,0.2922636103151863
recent_3day_bias,mixed,short,half_1r_hold,1259,-0.187246204101161,-1.05,0.10405083399523431
phase2_simple_setup,bear__long_lower_bear__middle_area__normal_volume,short,half_1r_hold,35,-0.18909938638688661,-1.05,0.08571428571428572
doji_day,True,short,fixed_2r,430,-0.19051095607188745,-1.05,0.2837209302325581
phase2_simple_setup,bull__long_upper_bull__middle_area__shrinking_volume,short,fixed_1r,128,-0.190625,-1.05,0.4296875
phase2_simple_setup,bear__true_weak_bear__low_area__normal_volume,short,fixed_2r,35,-0.1928571428571429,-1.05,0.2857142857142857
prev_3_days_bullish,False,short,fixed_2r,2101,-0.1943038835842893,-1.05,0.28510233222275105
prev_day_color,bear,short,half_1r_hold,1159,-0.1963319011677708,-1.05,0.10353753235547886
prev_2_days_bearish,False,short,half_1r_hold,1843,-0.19683030570237398,-1.05,0.10960390667390124
phase2_simple_setup,bear__true_weak_bear__low_area__shrinking_volume,short,fixed_1r,54,-0.1981481481481482,-1.05,0.42592592592592593
phase2_simple_setup,bear__long_upper_bear__low_area__shrinking_volume,short,stop_or_close,72,-0.1981510539695712,-1.05,0.06944444444444445
last_hour_wick_type,normal_bear,short,stop_or_close,208,-0.19825858784093284,-1.05,0.15384615384615385
trend_regime,uptrend,short,fixed_2r,940,-0.1992316623562541,-1.05,0.2797872340425532
phase2_simple_setup,bull__long_upper_bull__high_area__normal_volume,short,fixed_2r,46,-0.20217391304347831,-1.05,0.2826086956521739
volume_bucket,shrinking_volume,short,fixed_2r,1573,-0.20224729812890607,-1.05,0.2803560076287349
recent_3day_bias,two_bullish,short,breakeven_after_1r,312,-0.20225515997599652,-1.05,0.05448717948717949
phase2_simple_setup,bull__long_upper_bull__high_area__shrinking_volume,short,fixed_1r,118,-0.20254237288135596,-1.05,0.423728813559322
prev_3_days_bullish,True,short,half_1r_hold,272,-0.2033108675978493,-1.05,0.1213235294117647
recent_3day_bias,three_bullish,short,half_1r_hold,272,-0.2033108675978493,-1.05,0.1213235294117647
phase2_core_setup,uptrend__kept_bull__long_lower_bear__high_area__no_breakout,short,breakeven_after_1r,42,-0.20562655974248326,-0.55,0.07142857142857142
breakout_type,confirmed_up_breakout,short,stop_or_close,81,-0.20772252329199223,-1.05,0.13580246913580246
big_bull_day,True,short,fixed_2r,239,-0.20800845124839074,-1.05,0.2803347280334728
prev_2_days_bullish,True,short,stop_or_close,584,-0.20818301558564906,-1.05,0.12157534246575342
prev_2_days_bearish,True,short,fixed_2r,530,-0.2117757893143747,-1.05,0.2811320754716981
phase2_core_setup,uptrend__kept_bull__long_lower_bear__high_area__no_breakout,short,stop_or_close,42,-0.21354075158625183,-1.05,0.11904761904761904
phase2_core_setup,uptrend__kept_bear__long_upper_bear__middle_area__no_breakout,short,stop_or_close,35,-0.21624893138396778,-1.05,0.08571428571428572
phase2_simple_setup,bear__true_weak_bear__low_area__shrinking_volume,short,fixed_2r,54,-0.21666666666666673,-1.05,0.2777777777777778
prev_2_days_bullish,True,short,half_1r_hold,584,-0.21754058753613684,-1.05,0.12157534246575342
last_hour_change_type,kept_bear,short,half_1r_hold,1100,-0.217595316854582,-1.05,0.09363636363636364
prev_2_days_bullish,False,short,fixed_2r,1789,-0.2181899815831419,-1.05,0.27780883174958076
last_hour_wick_type,long_upper_bull,short,fixed_1r,437,-0.21951040610782802,-1.05,0.41418764302059496
phase2_core_setup,uptrend__kept_bull__long_lower_bear__middle_area__no_breakout,short,fixed_1r,41,-0.2207317073170732,-1.05,0.4146341463414634
recent_3day_bias,mixed,short,fixed_2r,1259,-0.220901505616696,-1.05,0.2764098490865767
prev_3_days_bullish,True,short,fixed_1r,272,-0.22128568956766323,-1.05,0.4117647058823529
recent_3day_bias,three_bullish,short,fixed_1r,272,-0.22128568956766323,-1.05,0.4117647058823529
phase2_simple_setup,bear__long_upper_bear__low_area__shrinking_volume,short,half_1r_hold,72,-0.22129774920700773,-1.05,0.06944444444444445
big_bull_day,True,short,half_1r_hold,239,-0.22227037680300998,-1.05,0.12552301255230125
phase2_core_setup,uptrend__kept_bear__long_lower_bull__middle_area__no_breakout,short,fixed_2r,30,-0.2224137931034483,-1.05,0.26666666666666666
doji_day,False,short,half_1r_hold,1943,-0.2260952455499989,-1.05,0.10705095213587236
temp_day_color_7h,bull,short,fixed_1r,1218,-0.22635037367906577,-1.05,0.40804597701149425
volume_bucket,shrinking_volume,short,half_1r_hold,1573,-0.22676626040973188,-1.05,0.080737444373808
prev_2_days_bullish,True,short,fixed_1r,584,-0.2268981594866247,-1.05,0.4075342465753425
recent_3day_bias,two_bullish,short,stop_or_close,312,-0.22821120353550517,-1.05,0.12179487179487179
last_hour_wick_type,normal_bull,short,fixed_2r,202,-0.22910447761194028,-1.05,0.2722772277227723
phase2_simple_setup,bear__true_weak_bear__high_area__shrinking_volume,short,fixed_1r,39,-0.2294871794871795,-1.05,0.41025641025641024
close_area,middle_area,short,half_1r_hold,859,-0.22958934777287593,-1.05,0.10011641443538999
recent_3day_bias,two_bullish,short,half_1r_hold,312,-0.23001469267684346,-1.05,0.12179487179487179
trend_regime,uptrend,short,stop_or_close,940,-0.23030714827466411,-1.05,0.09468085106382979
last_hour_wick_type,long_upper_bull,short,half_1r_hold,437,-0.2314517126023668,-1.05,0.09153318077803203
last_hour_wick_type,true_weak_bear,short,stop_or_close,252,-0.23172780709768023,-1.05,0.18253968253968253
recent_3day_bias,two_bullish,short,fixed_1r,312,-0.23181818181818184,-1.05,0.40384615384615385
temp_day_color_7h,bear,short,half_1r_hold,1155,-0.23333814834769695,-1.05,0.09350649350649351
last_hour_wick_type,long_lower_bear,short,fixed_1r,365,-0.23356164383561645,-1.05,0.40821917808219177
last_hour_change_type,kept_bull,short,fixed_1r,1159,-0.2376609731327542,-1.05,0.40207075064710956
failed_down_breakout,True,short,half_1r_hold,73,-0.23892040177267398,-1.05,0.0958904109589041
breakout_type,failed_down_breakout,short,half_1r_hold,73,-0.23892040177267398,-1.05,0.0958904109589041
phase2_simple_setup,bear__long_upper_bear__middle_area__shrinking_volume,short,stop_or_close,119,-0.23962821654052938,-1.05,0.11764705882352941
prev_3_days_bearish,True,short,half_1r_hold,247,-0.2404804932378494,-1.05,0.10931174089068826
recent_3day_bias,three_bearish,short,half_1r_hold,247,-0.2404804932378494,-1.05,0.10931174089068826
last_hour_wick_type,long_lower_bull,short,half_1r_hold,304,-0.24129638015966265,-1.05,0.029605263157894735
volume_bucket,normal_volume,short,fixed_1r,530,-0.24165085388994306,-1.05,0.4018867924528302
phase2_simple_setup,bull__long_upper_bull__high_area__shrinking_volume,short,breakeven_after_1r,118,-0.2416714884152706,-1.05,0.0423728813559322
phase2_simple_setup,bear__long_upper_bear__high_area__normal_volume,short,breakeven_after_1r,35,-0.2424634150146941,-0.05,0.11428571428571428
last_hour_wick_type,long_upper_bull,short,stop_or_close,437,-0.2433930190969057,-1.05,0.09153318077803203
phase2_simple_setup,bear__long_upper_bear__low_area__shrinking_volume,short,fixed_1r,72,-0.2444444444444444,-1.05,0.4027777777777778
prev_day_color,bull,short,fixed_1r,1214,-0.24754132904518655,-1.05,0.3970345963756178
prev_day_color,bear,short,fixed_2r,1159,-0.2479206588982972,-1.05,0.26919758412424505
phase2_simple_setup,bear__long_lower_bear__middle_area__normal_volume,short,fixed_1r,35,-0.25000000000000006,-1.05,0.4
failed_up_breakout,True,short,fixed_1r,91,-0.25135366650977936,-1.05,0.3956043956043956
breakout_type,failed_up_breakout,short,fixed_1r,91,-0.25135366650977936,-1.05,0.3956043956043956
temp_day_color_7h,bear,short,fixed_2r,1155,-0.2514895792693173,-1.05,0.2675324675324675
break_prev_23h_low,True,short,fixed_1r,151,-0.25228078440226637,-1.05,0.3973509933774834
last_hour_change_type,kept_bear,short,fixed_2r,1100,-0.25594659961684535,-1.05,0.26636363636363636
phase2_simple_setup,bear__long_lower_bear__high_area__shrinking_volume,short,half_1r_hold,68,-0.25925553664557044,-0.05,0.08823529411764706
break_prev_23h_high,True,short,breakeven_after_1r,172,-0.2596755740639697,-1.05,0.09302325581395349
phase2_simple_setup,bear__normal_bear__high_area__shrinking_volume,short,stop_or_close,31,-0.2597126773552245,-1.05,0.16129032258064516
trend_regime,sideways,short,fixed_1r,735,-0.2609295281415078,-1.05,0.39183673469387753
close_area,low_area,short,fixed_2r,657,-0.2613578552088525,-1.05,0.2678843226788432
break_prev_23h_high,True,short,stop_or_close,172,-0.26168011145204506,-1.05,0.13953488372093023
phase2_simple_setup,bear__long_lower_bear__middle_area__shrinking_volume,short,fixed_1r,94,-0.2627659574468086,-1.05,0.39361702127659576
trend_regime,uptrend,short,half_1r_hold,940,-0.2628064409585546,-1.05,0.09787234042553192
phase2_simple_setup,bear__long_upper_bear__middle_area__shrinking_volume,short,breakeven_after_1r,119,-0.2651648786657964,-1.05,0.03361344537815126
phase2_simple_setup,bull__long_lower_bull__middle_area__shrinking_volume,short,half_1r_hold,94,-0.26543455636333385,-1.05,0.0425531914893617
phase2_core_setup,uptrend__kept_bear__long_upper_bull__middle_area__no_breakout,short,half_1r_hold,37,-0.26565073972435654,-1.05,0.05405405405405406
close_area,high_area,short,fixed_1r,857,-0.2698581560283688,-1.05,0.38506417736289383
phase2_core_setup,uptrend__kept_bull__long_lower_bull__high_area__no_breakout,short,half_1r_hold,50,-0.27220656615472705,-1.05,0.02
prev_2_days_bearish,False,short,fixed_1r,1843,-0.27323856304835176,-1.05,0.3846988605534455
signal_color,bull,short,fixed_2r,1182,-0.2734330304717533,-1.05,0.2546531302876481
prev_3_days_bearish,False,short,fixed_1r,2126,-0.2735354042785433,-1.05,0.3847601128880527
big_bear_day,True,short,fixed_1r,156,-0.27508323058370515,-1.05,0.38461538461538464
recent_3day_bias,two_bearish,short,fixed_1r,283,-0.2754585565039335,-1.05,0.38515901060070673
failed_down_breakout,False,short,fixed_1r,2300,-0.2773740499987433,-1.05,0.38304347826086954
close_area,middle_area,short,fixed_1r,859,-0.27781146969799525,-1.05,0.3830034924330617
doji_day,False,short,fixed_1r,1943,-0.2784590482154241,-1.05,0.3829130211013896
changed_bear_to_bull,False,short,fixed_1r,2318,-0.28027708913391225,-1.05,0.3817946505608283
failed_up_breakout,True,short,half_1r_hold,91,-0.2805309804147819,-1.05,0.14285714285714285
breakout_type,failed_up_breakout,short,half_1r_hold,91,-0.2805309804147819,-1.05,0.14285714285714285
long_wick_day,False,short,fixed_1r,1161,-0.2806383027370066,-1.05,0.3815676141257537
phase2_simple_setup,bear__true_weak_bear__high_area__shrinking_volume,short,fixed_2r,39,-0.28076923076923094,-1.05,0.2564102564102564
break_prev_23h_high,True,short,half_1r_hold,172,-0.2817795430876211,-1.05,0.13953488372093023
signal_color,bull,short,half_1r_hold,1182,-0.28204790225423376,-1.05,0.06006768189509306
big_bull_day,True,short,fixed_1r,239,-0.2826956496261612,-1.05,0.3807531380753138
break_prev_23h_high,False,short,fixed_1r,2201,-0.2829566644272754,-1.05,0.38028169014084506
breakout_type,confirmed_up_breakout,short,half_1r_hold,81,-0.28318224930031705,-1.05,0.13580246913580246
overall,all,short,fixed_1r,2373,-0.2843386760497376,-1.05,0.3796881584492204
big_bull_day,False,short,fixed_1r,2134,-0.28452339040439567,-1.05,0.3795688847235239
big_bear_day,False,short,fixed_1r,2217,-0.28499526972536343,-1.05,0.37934145241317097
breakout_type,no_breakout,short,fixed_1r,2050,-0.28523622047244096,-1.05,0.37902439024390244
signal_color,bear,short,next_close,1187,-0.2852981586149807,-0.23944519621109234,0.4709351305812974
failed_up_breakout,False,short,fixed_1r,2282,-0.2856644869455575,-1.05,0.3790534618755478
break_prev_23h_low,False,short,fixed_1r,2222,-0.2865350198059845,-1.05,0.3784878487848785
long_wick_day,True,short,fixed_1r,1212,-0.28788820219747385,-1.05,0.3778877887788779
phase2_simple_setup,bull__true_strong_bull__high_area__shrinking_volume,short,fixed_2r,67,-0.2880952380952381,-1.05,0.23880597014925373
big_bear_day,True,short,half_1r_hold,156,-0.288705188590859,-1.05,0.11538461538461539
changed_bull_to_bear,False,short,fixed_1r,2314,-0.29147916708338323,-1.05,0.3759723422644771
phase2_simple_setup,bull__long_lower_bull__middle_area__shrinking_volume,short,fixed_2r,94,-0.2917582417582418,-1.05,0.24468085106382978
prev_3_days_bullish,False,short,fixed_1r,2101,-0.29250381098986233,-1.05,0.3755354593050928
phase2_simple_setup,bull__long_upper_bull__high_area__shrinking_volume,short,half_1r_hold,118,-0.29319499740814475,-1.05,0.1016949152542373
trend_regime,downtrend,short,fixed_1r,698,-0.2942528735632184,-1.05,0.37679083094555876
recent_3day_bias,mixed,short,fixed_1r,1259,-0.2946835216221534,-1.05,0.37410643367752183
prev_3_days_bearish,True,short,fixed_2r,247,-0.2949868123542523,-1.05,0.2550607287449393
recent_3day_bias,three_bearish,short,fixed_2r,247,-0.2949868123542523,-1.05,0.2550607287449393
trend_regime,uptrend,short,fixed_1r,940,-0.29530573364244506,-1.05,0.3723404255319149
phase2_simple_setup,bear__long_lower_bear__high_area__shrinking_volume,short,breakeven_after_1r,68,-0.30185819009351916,-0.05,0.058823529411764705
break_prev_23h_high,True,short,fixed_1r,172,-0.30187897472319725,-1.05,0.37209302325581395
phase2_simple_setup,bear__true_weak_bear__high_area__shrinking_volume,short,half_1r_hold,39,-0.3019526132830623,-1.05,0.1282051282051282
big_bear_day,True,short,stop_or_close,156,-0.30232714659801296,-1.05,0.10897435897435898
prev_2_days_bullish,False,short,fixed_1r,1789,-0.3030221980381897,-1.05,0.3705980994969257
last_hour_wick_type,normal_bull,short,half_1r_hold,202,-0.30948798296110147,-1.05,0.0594059405940594
failed_up_breakout,True,short,stop_or_close,91,-0.30970829431978447,-1.05,0.14285714285714285
breakout_type,failed_up_breakout,short,stop_or_close,91,-0.30970829431978447,-1.05,0.14285714285714285
phase2_simple_setup,bull__long_upper_bull__high_area__normal_volume,short,fixed_1r,46,-0.3108695652173914,-1.05,0.3695652173913043
doji_day,True,short,fixed_1r,430,-0.31103910362673776,-1.05,0.36511627906976746
close_area,low_area,short,fixed_1r,657,-0.3115006073852778,-1.05,0.3683409436834094
phase2_simple_setup,bull__long_upper_bull__high_area__normal_volume,short,breakeven_after_1r,46,-0.31530194800287675,-1.05,0.043478260869565216
phase2_simple_setup,bear__true_weak_bear__middle_area__shrinking_volume,short,fixed_2r,61,-0.31829424785858673,-1.05,0.2459016393442623
volume_bucket,shrinking_volume,short,fixed_1r,1573,-0.32086007702182284,-1.05,0.3610934520025429
phase2_simple_setup,bear__normal_bear__low_area__shrinking_volume,short,stop_or_close,47,-0.32252007063784477,-1.05,0.06382978723404255
prev_day_color,bear,short,fixed_1r,1159,-0.3226347018317704,-1.05,0.361518550474547
prev_2_days_bearish,True,short,fixed_1r,530,-0.3227475897874876,-1.05,0.3622641509433962
phase2_simple_setup,bull__long_lower_bull__high_area__shrinking_volume,short,fixed_2r,78,-0.33,-1.05,0.23076923076923078
phase2_simple_setup,bull__long_upper_bull__high_area__normal_volume,short,half_1r_hold,46,-0.330740096897945,-1.05,0.08695652173913043
phase2_simple_setup,bear__normal_bear__high_area__shrinking_volume,short,half_1r_hold,31,-0.332275693516322,-1.05,0.16129032258064516
phase2_simple_setup,bull__long_upper_bull__low_area__shrinking_volume,short,fixed_2r,63,-0.33571428571428574,-1.05,0.23809523809523808
phase2_simple_setup,bear__long_lower_bear__middle_area__normal_volume,short,fixed_2r,35,-0.33931915462814316,-1.05,0.22857142857142856
last_hour_change_type,kept_bear,short,fixed_1r,1100,-0.3396703483471953,-1.05,0.3527272727272727
phase2_core_setup,uptrend__kept_bull__long_upper_bull__high_area__no_breakout,short,fixed_1r,51,-0.34411764705882353,-1.05,0.35294117647058826
temp_day_color_7h,bear,short,fixed_1r,1155,-0.34520368271556034,-1.05,0.3497835497835498
phase2_simple_setup,bull__long_upper_bull__high_area__normal_volume,short,stop_or_close,46,-0.3506106285784985,-1.05,0.08695652173913043
phase2_simple_setup,bull__long_upper_bull__low_area__shrinking_volume,short,fixed_1r,63,-0.3515873015873017,-1.05,0.3492063492063492
phase2_simple_setup,bull__normal_bull__middle_area__shrinking_volume,short,half_1r_hold,51,-0.35445117504241513,-1.05,0.058823529411764705
breakout_type,confirmed_up_breakout,short,breakeven_after_1r,81,-0.35537913688209094,-1.05,0.08641975308641975
phase2_core_setup,uptrend__kept_bull__long_lower_bear__middle_area__no_breakout,short,half_1r_hold,41,-0.3561844243041148,-1.05,0.04878048780487805
phase2_core_setup,uptrend__kept_bear__long_lower_bull__middle_area__no_breakout,short,stop_or_close,30,-0.35694832005454247,-1.05,0.03333333333333333
phase2_simple_setup,bear__normal_bear__middle_area__shrinking_volume,short,half_1r_hold,54,-0.35710692173851827,-1.05,0.05555555555555555
breakout_type,confirmed_up_breakout,short,fixed_1r,81,-0.358641975308642,-1.05,0.345679012345679
phase2_simple_setup,bull__normal_bull__high_area__shrinking_volume,short,fixed_1r,59,-0.36034482758620695,-1.05,0.3389830508474576
phase2_core_setup,uptrend__kept_bull__normal_bull__high_area__no_breakout,short,fixed_1r,30,-0.3603448275862071,-1.05,0.3333333333333333
phase2_simple_setup,bear__true_weak_bear__middle_area__shrinking_volume,short,fixed_1r,61,-0.3614754098360656,-1.05,0.3442622950819672
phase2_core_setup,uptrend__kept_bear__long_upper_bear__middle_area__no_breakout,short,fixed_2r,35,-0.3642857142857144,-1.05,0.22857142857142856
last_hour_wick_type,normal_bull,short,breakeven_after_1r,202,-0.3662178723070926,-1.05,0.04455445544554455
last_hour_wick_type,long_lower_bull,short,fixed_2r,304,-0.3686440677966102,-1.05,0.22039473684210525
phase2_core_setup,uptrend__kept_bull__long_lower_bear__middle_area__no_breakout,short,fixed_2r,41,-0.3701504978532929,-1.05,0.21951219512195122
phase2_simple_setup,bear__true_weak_bear__high_area__shrinking_volume,short,stop_or_close,39,-0.3744180470789451,-1.05,0.1282051282051282
prev_3_days_bearish,True,short,fixed_1r,247,-0.37695696940522033,-1.05,0.3360323886639676
recent_3day_bias,three_bearish,short,fixed_1r,247,-0.37695696940522033,-1.05,0.3360323886639676
phase2_simple_setup,bull__long_upper_bull__high_area__shrinking_volume,short,stop_or_close,118,-0.38384762193493366,-1.05,0.1016949152542373
phase2_core_setup,uptrend__kept_bull__true_strong_bull__high_area__no_breakout,short,half_1r_hold,40,-0.3847335755373561,-1.05,0.025
phase2_simple_setup,bear__normal_bear__low_area__shrinking_volume,short,half_1r_hold,47,-0.38838769489339053,-1.05,0.06382978723404255
phase2_core_setup,uptrend__kept_bull__long_upper_bull__high_area__no_breakout,short,breakeven_after_1r,51,-0.38891759611583554,-1.05,0.058823529411764705
phase2_simple_setup,bull__long_lower_bull__low_area__shrinking_volume,short,fixed_2r,51,-0.39000000000000007,-1.05,0.21568627450980393
phase2_simple_setup,bull__long_upper_bull__low_area__shrinking_volume,short,half_1r_hold,63,-0.3922604171520391,-1.05,0.047619047619047616
phase2_simple_setup,bull__normal_bull__high_area__shrinking_volume,short,half_1r_hold,59,-0.3952478034350299,-1.05,0.03389830508474576
phase2_core_setup,uptrend__kept_bear__long_upper_bull__middle_area__no_breakout,short,fixed_1r,37,-0.40135135135135147,-1.05,0.32432432432432434
phase2_core_setup,uptrend__kept_bear__long_upper_bull__middle_area__no_breakout,short,fixed_2r,37,-0.40135135135135147,-1.05,0.21621621621621623
phase2_core_setup,downtrend__kept_bear__long_lower_bear__low_area__no_breakout,short,fixed_1r,34,-0.4029411764705883,-1.05,0.3235294117647059
phase2_simple_setup,bull__normal_bull__middle_area__shrinking_volume,short,fixed_2r,51,-0.4029411764705884,-1.05,0.21568627450980393
phase2_simple_setup,bear__normal_bear__high_area__shrinking_volume,short,fixed_1r,31,-0.4048387096774196,-1.05,0.3225806451612903
last_hour_wick_type,true_strong_bull,short,half_1r_hold,239,-0.40593005668576604,-1.05,0.04184100418410042
phase2_core_setup,sideways__kept_bull__long_upper_bear__high_area__no_breakout,short,stop_or_close,33,-0.4104181672913253,-1.05,0.18181818181818182
phase2_core_setup,uptrend__kept_bull__long_lower_bull__high_area__no_breakout,short,fixed_2r,50,-0.4117021276595746,-1.05,0.2
phase2_simple_setup,bear__long_lower_bear__low_area__shrinking_volume,short,fixed_1r,66,-0.4136363636363636,-1.05,0.3181818181818182
phase2_simple_setup,bear__long_lower_bear__low_area__shrinking_volume,short,fixed_2r,66,-0.4136363636363637,-1.05,0.21212121212121213
phase2_core_setup,uptrend__kept_bear__long_lower_bull__middle_area__no_breakout,short,half_1r_hold,30,-0.42761209106175413,-1.05,0.03333333333333333
last_hour_wick_type,normal_bear,short,next_close,208,-0.4288874846115286,-0.323241171734486,0.47115384615384615
phase2_simple_setup,bull__normal_bull__high_area__shrinking_volume,short,stop_or_close,59,-0.43015077928385287,-1.05,0.03389830508474576
phase2_core_setup,downtrend__kept_bear__long_lower_bear__low_area__no_breakout,short,fixed_2r,34,-0.43235294117647066,-1.05,0.20588235294117646
phase2_simple_setup,bull__long_upper_bull__low_area__shrinking_volume,short,stop_or_close,63,-0.43293353271677687,-1.05,0.047619047619047616
failed_down_breakout,True,short,fixed_2r,73,-0.4335616438356164,-1.05,0.2054794520547945
breakout_type,failed_down_breakout,short,fixed_2r,73,-0.4335616438356164,-1.05,0.2054794520547945
signal_color,bull,short,fixed_1r,1182,-0.43408595143395257,-1.05,0.30287648054145516
phase2_core_setup,uptrend__kept_bull__long_upper_bull__high_area__no_breakout,short,half_1r_hold,51,-0.4469984773977832,-1.05,0.0784313725490196
phase2_simple_setup,bear__true_weak_bear__low_area__shrinking_volume,short,breakeven_after_1r,54,-0.4489375342876554,-1.05,0.037037037037037035
phase2_simple_setup,bear__normal_bear__low_area__shrinking_volume,short,fixed_1r,47,-0.4542553191489363,-1.05,0.2978723404255319
phase2_simple_setup,bear__long_lower_bear__low_area__normal_volume,short,fixed_1r,37,-0.45540540540540553,-1.05,0.2972972972972973
changed_bear_to_bull,True,short,fixed_1r,55,-0.4574074074074075,-1.05,0.2909090909090909
last_hour_change_type,changed_bear_to_bull,short,fixed_1r,55,-0.4574074074074075,-1.05,0.2909090909090909
changed_bear_to_bull,True,short,breakeven_after_1r,55,-0.46133484148138887,-1.05,0.07272727272727272
last_hour_change_type,changed_bear_to_bull,short,breakeven_after_1r,55,-0.46133484148138887,-1.05,0.07272727272727272
last_hour_wick_type,normal_bull,short,fixed_1r,202,-0.4629353233830846,-1.05,0.29207920792079206
phase2_core_setup,uptrend__kept_bull__true_strong_bull__high_area__no_breakout,short,fixed_2r,40,-0.4666666666666668,-1.05,0.175
phase2_simple_setup,bear__true_weak_bear__low_area__shrinking_volume,short,half_1r_hold,54,-0.4722868206443274,-1.05,0.09259259259259259
last_hour_wick_type,true_strong_bull,short,fixed_2r,239,-0.4785714285714285,-1.05,0.18410041841004185
phase2_core_setup,downtrend__kept_bear__long_lower_bear__low_area__no_breakout,short,breakeven_after_1r,34,-0.4804401108269387,-1.05,0.029411764705882353
phase2_simple_setup,bear__true_weak_bear__middle_area__shrinking_volume,short,half_1r_hold,61,-0.4904282304755559,-1.05,0.09836065573770492
phase2_core_setup,uptrend__kept_bull__long_lower_bear__middle_area__no_breakout,short,stop_or_close,41,-0.4916371412911564,-1.05,0.024390243902439025
phase2_core_setup,downtrend__kept_bull__long_upper_bull__high_area__no_breakout,short,half_1r_hold,43,-0.49415085730881475,-1.05,0.046511627906976744
phase2_simple_setup,bear__long_lower_bear__high_area__shrinking_volume,short,stop_or_close,68,-0.4979228379970233,-1.05,0.08823529411764706
phase2_core_setup,uptrend__kept_bear__long_lower_bull__middle_area__no_breakout,short,fixed_1r,30,-0.49827586206896574,-1.05,0.26666666666666666
failed_down_breakout,True,short,fixed_1r,73,-0.5020547945205478,-1.05,0.273972602739726
breakout_type,failed_down_breakout,short,fixed_1r,73,-0.5020547945205478,-1.05,0.273972602739726
phase2_simple_setup,bull__long_lower_bull__middle_area__shrinking_volume,short,fixed_1r,94,-0.5225274725274723,-1.05,0.2553191489361702
phase2_simple_setup,bull__true_strong_bull__middle_area__shrinking_volume,short,fixed_2r,49,-0.5282608695652175,-1.05,0.16326530612244897
phase2_simple_setup,bear__long_lower_bear__low_area__shrinking_volume,short,breakeven_after_1r,66,-0.53137240170298,-1.05,0.015151515151515152
phase2_simple_setup,bear__normal_bear__low_area__shrinking_volume,short,fixed_2r,47,-0.5393617021276597,-1.05,0.1702127659574468
phase2_simple_setup,bull__true_strong_bull__high_area__shrinking_volume,short,fixed_1r,67,-0.5420634920634919,-1.05,0.23880597014925373
phase2_simple_setup,bear__normal_bear__high_area__shrinking_volume,short,breakeven_after_1r,31,-0.5482754164981014,-1.05,0.0967741935483871
phase2_core_setup,uptrend__kept_bull__long_upper_bull__high_area__no_breakout,short,stop_or_close,51,-0.5498793077367431,-1.05,0.0784313725490196
changed_bear_to_bull,True,short,half_1r_hold,55,-0.552567786958084,-1.05,0.09090909090909091
last_hour_change_type,changed_bear_to_bull,short,half_1r_hold,55,-0.552567786958084,-1.05,0.09090909090909091
phase2_simple_setup,bear__normal_bear__middle_area__shrinking_volume,short,stop_or_close,54,-0.5531027323659253,-1.05,0.05555555555555555
last_hour_wick_type,long_lower_bull,short,fixed_1r,304,-0.561864406779661,-1.05,0.23684210526315788
volume_bucket,huge_volume,short,next_close,110,-0.5673982325619354,-0.2263420260734209,0.4636363636363636
phase2_simple_setup,bull__long_lower_bull__high_area__shrinking_volume,short,fixed_1r,78,-0.5699999999999997,-1.05,0.23076923076923078
phase2_core_setup,downtrend__kept_bull__long_upper_bull__high_area__no_breakout,short,breakeven_after_1r,43,-0.5848837209302326,-1.05,0.0
phase2_core_setup,downtrend__kept_bear__long_lower_bear__low_area__no_breakout,short,half_1r_hold,34,-0.5887494671781752,-1.05,0.029411764705882353
phase2_simple_setup,bull__long_lower_bull__low_area__shrinking_volume,short,fixed_1r,51,-0.61,-1.05,0.21568627450980393
phase2_simple_setup,bull__normal_bull__high_area__shrinking_volume,short,breakeven_after_1r,59,-0.6117025034217822,-1.05,0.01694915254237288
phase2_simple_setup,bull__normal_bull__middle_area__shrinking_volume,short,fixed_1r,51,-0.6186274509803922,-1.05,0.21568627450980393
phase2_simple_setup,bear__true_weak_bear__middle_area__shrinking_volume,short,stop_or_close,61,-0.6193810511150459,-1.05,0.08196721311475409
phase2_simple_setup,bear__long_lower_bear__low_area__shrinking_volume,short,half_1r_hold,66,-0.6240195341848231,-1.05,0.015151515151515152
phase2_core_setup,uptrend__kept_bull__long_lower_bull__high_area__no_breakout,short,fixed_1r,50,-0.624468085106383,-1.05,0.2
changed_bear_to_bull,True,short,stop_or_close,55,-0.6477281665087603,-1.05,0.09090909090909091
last_hour_change_type,changed_bear_to_bull,short,stop_or_close,55,-0.6477281665087603,-1.05,0.09090909090909091
phase2_simple_setup,bull__true_strong_bull__high_area__normal_volume,short,breakeven_after_1r,46,-0.6484889930962705,-1.05,0.021739130434782608
phase2_simple_setup,bull__true_strong_bull__high_area__normal_volume,short,fixed_2r,46,-0.6500000000000001,-1.05,0.13043478260869565
last_hour_wick_type,true_strong_bull,short,fixed_1r,239,-0.6517316017316018,-1.05,0.19246861924686193
last_hour_wick_type,true_weak_bear,short,next_close,252,-0.6518906167478418,-0.42985701120137837,0.4246031746031746
phase2_core_setup,uptrend__kept_bull__true_strong_bull__high_area__no_breakout,short,fixed_1r,40,-0.6611111111111111,-1.05,0.175
phase2_simple_setup,bear__true_weak_bear__middle_area__shrinking_volume,short,breakeven_after_1r,61,-0.6789499855635044,-1.05,0.01639344262295082
phase2_simple_setup,bull__true_strong_bull__middle_area__shrinking_volume,short,fixed_1r,49,-0.7021739130434782,-1.05,0.16326530612244897
phase2_core_setup,uptrend__kept_bull__normal_bull__high_area__no_breakout,short,breakeven_after_1r,30,-0.7051724137931037,-1.05,0.0
phase2_core_setup,uptrend__kept_bull__normal_bull__high_area__no_breakout,short,half_1r_hold,30,-0.7051724137931037,-1.05,0.0
volume_bucket,high_volume,short,next_close,160,-0.7173597773223532,0.3237936780933859,0.56875
phase2_simple_setup,bull__true_strong_bull__high_area__normal_volume,short,fixed_1r,46,-0.7388888888888889,-1.05,0.15217391304347827
last_hour_wick_type,long_lower_bear,short,next_close,365,-0.74135182626563,-0.43020833333336816,0.4575342465753425
phase2_simple_setup,bear__true_weak_bear__low_area__shrinking_volume,short,stop_or_close,54,-0.7464254931405064,-1.05,0.07407407407407407
phase2_simple_setup,bull__true_strong_bull__high_area__normal_volume,short,half_1r_hold,46,-0.7603556076592463,-1.05,0.021739130434782608
phase2_core_setup,downtrend__kept_bear__long_lower_bear__low_area__no_breakout,short,stop_or_close,34,-0.7745577578857623,-1.05,0.029411764705882353
phase2_core_setup,uptrend__kept_bull__long_upper_bear__high_area__no_breakout,short,next_close,41,-0.7760686010065359,0.8596509240246913,0.5609756097560976
phase2_simple_setup,bull__true_strong_bull__high_area__normal_volume,short,stop_or_close,46,-0.7818223264296034,-1.05,0.021739130434782608
last_hour_wick_type,long_upper_bull,short,next_close,437,-0.794201345155343,0.16428571428571426,0.5102974828375286
phase2_simple_setup,bear__long_lower_bear__low_area__shrinking_volume,short,stop_or_close,66,-0.8344027047332833,-1.05,0.015151515151515152
phase2_core_setup,downtrend__kept_bull__long_upper_bull__high_area__no_breakout,short,stop_or_close,43,-0.8685342727571641,-1.05,0.046511627906976744
phase2_simple_setup,bull__true_strong_bull__middle_area__shrinking_volume,short,breakeven_after_1r,49,-0.8760869565217391,-1.05,0.0
phase2_simple_setup,bull__true_strong_bull__middle_area__shrinking_volume,short,half_1r_hold,49,-0.8760869565217391,-1.05,0.0
break_prev_23h_low,True,short,next_close,151,-0.9256981710518305,-0.6652258656271585,0.4304635761589404
phase2_simple_setup,bear__normal_bear__low_area__shrinking_volume,short,next_close,47,-0.9525911633814506,-1.7889906782385168,0.3617021276595745
phase2_simple_setup,bear__long_lower_bear__low_area__normal_volume,short,next_close,37,-0.978264292236464,-2.100245451920283,0.43243243243243246
phase2_simple_setup,bull__true_strong_bull__middle_area__shrinking_volume,short,stop_or_close,49,-1.05,-1.05,0.0
phase2_core_setup,uptrend__kept_bull__normal_bull__high_area__no_breakout,short,stop_or_close,30,-1.0500000000000003,-1.05,0.0
phase2_simple_setup,bear__true_weak_bear__low_area__shrinking_volume,short,next_close,54,-1.0763122737226167,-0.8852012205179032,0.37037037037037035
prev_3_days_bearish,True,short,next_close,247,-1.190204030371967,-0.7698987190944334,0.4534412955465587
recent_3day_bias,three_bearish,short,next_close,247,-1.190204030371967,-0.7698987190944334,0.4534412955465587
phase2_simple_setup,bull__long_upper_bull__middle_area__shrinking_volume,short,next_close,128,-1.2758566663955861,-0.8986856213918921,0.46875
phase2_core_setup,uptrend__kept_bear__long_upper_bear__middle_area__no_breakout,short,next_close,35,-1.3079316713599187,-2.1170529801324536,0.45714285714285713
phase2_simple_setup,bear__true_weak_bear__middle_area__shrinking_volume,short,next_close,61,-1.3168936321590514,-0.6474169741697471,0.39344262295081966
phase2_simple_setup,bear__normal_bear__middle_area__shrinking_volume,short,next_close,54,-1.326889328508059,-0.7526610644257721,0.46296296296296297
phase2_core_setup,downtrend__kept_bull__long_upper_bull__high_area__no_breakout,short,next_close,43,-1.3470686353567907,-0.25007249003261417,0.46511627906976744
phase2_simple_setup,bear__true_weak_bear__high_area__shrinking_volume,short,next_close,39,-1.3662630126468827,-0.12772511848341922,0.46153846153846156
phase2_core_setup,uptrend__kept_bear__long_upper_bull__middle_area__no_breakout,short,next_close,37,-1.652538866849681,-2.5294007490638313,0.3783783783783784
phase2_core_setup,uptrend__kept_bull__long_lower_bear__high_area__no_breakout,short,next_close,42,-1.7259884680442579,-0.08011781229602176,0.5
big_bull_day,False,short,next_close,2134,-1.7764840385810972,-0.24986438379385545,0.47563261480787256
phase2_core_setup,uptrend__kept_bull__long_lower_bear__middle_area__no_breakout,short,next_close,41,-1.8803164375249672,-0.6116438356164082,0.36585365853658536
phase2_simple_setup,bull__true_strong_bull__middle_area__shrinking_volume,short,next_close,49,-1.9858674589742227,-1.3243304638927786,0.4489795918367347
changed_bear_to_bull,True,short,next_close,55,-2.063983944753184,0.2808896644504719,0.509090909090909
last_hour_change_type,changed_bear_to_bull,short,next_close,55,-2.063983944753184,0.2808896644504719,0.509090909090909
temp_day_color_7h,bull,short,next_close,1218,-2.0844406054655646,0.21784940212072168,0.513136288998358
failed_down_breakout,True,short,next_close,73,-2.0992024999526913,-1.7432870370370386,0.3835616438356164
breakout_type,failed_down_breakout,short,next_close,73,-2.0992024999526913,-1.7432870370370386,0.3835616438356164
phase2_simple_setup,bear__long_lower_bear__middle_area__normal_volume,short,next_close,35,-2.1572125190899394,-0.17617041198500594,0.4857142857142857
prev_day_color,bull,short,next_close,1214,-2.239799826070327,0.1838041889917244,0.5098846787479407
last_hour_change_type,kept_bull,short,next_close,1159,-2.2480771212674733,0.16573208722745808,0.5099223468507333
phase2_core_setup,uptrend__kept_bull__long_upper_bull__high_area__no_breakout,short,next_close,51,-2.350683460287403,-0.6212328767123387,0.49019607843137253
break_prev_23h_high,True,short,next_close,172,-2.8156897591689525,0.34762735388215094,0.5406976744186046
prev_2_days_bearish,True,short,next_close,530,-2.835568141372799,-0.4810856547774244,0.46226415094339623
phase2_simple_setup,bull__normal_bull__middle_area__shrinking_volume,short,next_close,51,-3.3833945982632763,-0.21899224806198164,0.47058823529411764
phase2_simple_setup,bull__long_upper_bull__high_area__normal_volume,short,next_close,46,-3.456639114726438,-1.1415323430973443,0.3695652173913043
recent_3day_bias,two_bearish,short,next_close,283,-4.270885770118206,-0.3793201133144606,0.46996466431095407
phase2_simple_setup,bear__long_lower_bear__low_area__shrinking_volume,short,next_close,66,-4.680139380818359,-1.6493914807303205,0.36363636363636365
breakout_type,confirmed_up_breakout,short,next_close,81,-5.864797927430089,0.6330620965542384,0.5185185185185185
phase2_core_setup,downtrend__kept_bear__long_lower_bear__low_area__no_breakout,short,next_close,34,-6.008275403812345,-1.874362745098027,0.4117647058823529
prev_3_days_bullish,True,short,next_close,272,-6.518033526554742,0.05077126085851495,0.5073529411764706
recent_3day_bias,three_bullish,short,next_close,272,-6.518033526554742,0.05077126085851495,0.5073529411764706
trend_regime,downtrend,short,next_close,698,-7.216196608724039,-0.35369584400783,0.47277936962750716
close_area,low_area,short,next_close,657,-9.775550832133108,-0.49096254004951745,0.4581430745814307
doji_day,True,short,next_close,430,-10.243103978772176,0.08442842775729896,0.49767441860465117
long_wick_day,True,short,next_close,1212,-13.526843161498391,-0.2785401722153653,0.4768976897689769
last_hour_wick_type,long_lower_bull,short,next_close,304,-16.86661251344766,-1.6076323987538765,0.45394736842105265
big_bear_day,True,short,next_close,156,-19.148591697576496,-0.7274631200794868,0.42948717948717946
prev_2_days_bullish,True,short,next_close,584,-25.86053130607202,0.38580478504216187,0.5273972602739726
recent_3day_bias,two_bullish,short,next_close,312,-42.816617021882614,0.7306730071958591,0.5448717948717948
phase2_simple_setup,bull__long_lower_bull__high_area__shrinking_volume,short,next_close,78,-220.4368930137216,-2.6147668393778516,0.44871794871794873
phase2_core_setup,uptrend__kept_bull__long_lower_bull__high_area__no_breakout,short,next_close,50,-352.2337443887674,-0.41249999999987874,0.46
