strategy_name,schedule_name,cost_scenario_name,period_freq,period_count,positive_periods,positive_period_rate,median_period_return,worst_period_return,worst_period_drawdown,median_profit_factor,average_trade_count
v8_d_strong_1_5_weak_0_5__base_cost,v8_d_strong_1_5_weak_0_5,base_cost,M,27,9,0.3333333333333333,-0.0003624824979103769,-0.008791422409951677,-0.008791422409951677,0.0,1.9259259259259258
v8_c_strong_1_25_weak_0_5__stress_cost_2_0x,v8_c_strong_1_25_weak_0_5,stress_cost_2_0x,M,27,9,0.3333333333333333,-0.0004799537242767826,-0.007800843772214128,-0.007800843772214128,0.0,1.9259259259259258
v8_d_strong_1_5_weak_0_5__stress_cost_2_0x,v8_d_strong_1_5_weak_0_5,stress_cost_2_0x,M,27,9,0.3333333333333333,-0.0005175306899724008,-0.009356256729419199,-0.009356256729419199,0.0,1.9259259259259258
v8_a_flat_1_0__base_cost,v8_a_flat_1_0,base_cost,M,27,10,0.37037037037037035,-0.0006755597681974423,-0.006831266164848637,-0.006831266164848637,0.0,1.9259259259259258
v8_a_flat_1_0__stress_cost_2_0x,v8_a_flat_1_0,stress_cost_2_0x,M,27,10,0.37037037037037035,-0.0008073631491476441,-0.0070480636014688125,-0.0070480636014688125,0.0,1.9259259259259258
